Path,SHA256,Bytes
"source/upstream-07ecb7cf/.gitignore",465DDADF7436DE56AAA6612BED9EDED1B3A5996CC2B56794B64450A3CAE4BA89,893
"source/upstream-07ecb7cf/.travis.yml",AB096CBD63DF82E558604F24997FA7987B80D785512E8FED96461FBC65CDC252,318
"source/upstream-07ecb7cf/LICENSE.txt",BF696B246E52A279557D991916F7288C3DD296B9998F593C9D133C6906554BA3,1078
"source/upstream-07ecb7cf/pom.xml",4CE22F9A820C263590CFA0485B7BD1F3CFBCD467E0E6E37673C9A0F79D24FE18,17889
"source/upstream-07ecb7cf/.devcontainer/xmage-dev-tools/devcontainer.json",CA67FA5CBADD7751C594540A097D48DB0B1DE1CB11F4EED9BDE3EB46F8C188AD,4222
"source/upstream-07ecb7cf/.github/dependabot.yml",D5EC4AD6E3E140143DDD2F019E5235948B5BAF7FFEC2DB9583B36F6FE7FF29E5,207
"source/upstream-07ecb7cf/.github/labeler.yml",4C8A6F3EF2E01F2387E2B828A91C280963653AC8C6711FDF02BA1F622E720148,534
"source/upstream-07ecb7cf/.github/workflows/labeler-auto.yml",4050153F8AFC91F561CB5AD5F523054BF7CAB10F95E405A4133FD6B8966E7243,309
"source/upstream-07ecb7cf/.github/workflows/labeler-manual.yml",5763EBCEAFF75BE8DC51F12FE97A0560E496378BD1C8FD357ABC9F41CA73A623,574
"source/upstream-07ecb7cf/.github/workflows/maven.yml",EF6D4B0AF493BB451AB96BF5FE3B23B09712CF0C9F2FF70ECCFC2365D1096F45,787
"source/upstream-07ecb7cf/.github/workflows/mtg-fetch-cards.yml",7A8E1BD79A33F87F41B5B487701599EEF98541EA492935E43508293DC9B19F3A,398
"source/upstream-07ecb7cf/.travis/log4j.properties",0F22E77086E93103A4E2AD6022CF2D8C04C69EC80063FAF6234361A163E87B02,501
"source/upstream-07ecb7cf/Mage.Client/pom.xml",762AD5AC516AC5CBA9B5E7111844592262DBA147C54EA1BAE0AC4C22AFD94EDB,7799
"source/upstream-07ecb7cf/Mage.Client/config/dev_readme.txt",2225EFE51BCEF53D87770D8FC69532EC9E61749087475B467AA2B598B99E0FC7,170
"source/upstream-07ecb7cf/Mage.Client/plugins/mage-counter-plugin.jar",2D3A44F36F067C9B21E73BF05B80589C03EF9044433C4DD66EF53475C9C7D3FC,5619
"source/upstream-07ecb7cf/Mage.Client/release/startClient.bat",672F7A179B7E16B9F7762B0E77755EAE45C75A95E3B62275FF3969E0493122BD,267
"source/upstream-07ecb7cf/Mage.Client/release/startClient.command",BDF4D1DC1CB81AA4E95368E7B6F70DBF6EF9BC38E871A3F079D91E697743AE6E,94
"source/upstream-07ecb7cf/Mage.Client/release/startClient.sh",EA90EEE88749EE0F77D930A781385B81A02FEABBE323E02CC2C0701E06A45975,73
"source/upstream-07ecb7cf/Mage.Client/release/startClientWin7.bat",D0DBB1FF143B610E1E2118FB79A88592BAF1D6F312540D10DC8813D225FEED34,279
"source/upstream-07ecb7cf/Mage.Client/release/config/log4j.properties",2B12A117A78440D02D2D8C9D839FB281EAB20BD0010402DB02E71DB55D65B7BE,1683
"source/upstream-07ecb7cf/Mage.Client/release/config/readme.txt",ACE346A205072679B376F6B454E4C3AF0230AF94978154D2D5B2948B217A9F1A,236
"source/upstream-07ecb7cf/Mage.Client/release/config/security.policy",A199491E46F2E98D5C8EF7CB535522FE3753A93C96363C353842D51597C755D3,56
"source/upstream-07ecb7cf/Mage.Client/release/sample-decks/1998/1998 Cali-Nightmare World Championship Deck Brian Selden.dck",22956BB568CB8EE49EE39C8D11D1EEB6325E60CE9463D2D26295333108166358,780
"source/upstream-07ecb7cf/Mage.Client/release/sample-decks/1998/1998 Draw Go World Championship Deck Randy Buehler.dck",485BFECC6E77CA7DD3055D6C9D2E3707884CADB68DD1A7E36F63458A08EA0A83,1040
"source/upstream-07ecb7cf/Mage.Client/release/sample-decks/2004/2004 Affinity World Championship Deck Aeo Paquette.dck",9D9B41AE63E7450BA0571EB5A628766FA1D5D5D32FBF9DCA0705A4B1248CA24D,537
"source/upstream-07ecb7cf/Mage.Client/release/sample-decks/2004/2004 Blue-White Anti-Affinity Control World Championship Deck Gabriel Nassif.dck",0BFA30C82E1C4AE4DED181E4AA0684E21F3E279D38D2DEA32CCB226B69C20ADF,525
"source/upstream-07ecb7cf/Mage.Client/release/sample-decks/2004/2004 Green-White Astral Slide World Championship Deck Julien Nujiten.dck",6613AF38D7691BAE0FF71FBA05CC19C151B2C2C56C8C6DC7EE114CDCA492D2A2,560
"source/upstream-07ecb7cf/Mage.Client/release/sample-decks/2004/2004 Myr Incubator Combo World Championship Deck Manuel Bevand.dck",9D7075E4B88D19ECEEAF4383220AF030B57A99DCA5010137526C436DA7ECF91D,626
"source/upstream-07ecb7cf/Mage.Client/release/sample-decks/2011/Ala-M10-Zen/ALA Block Constructed.dck",84AA06E2AF0BC816E1F809ACE07FE26F665FDF6BD681F9E418E6C81CEE3999A3,522
"source/upstream-07ecb7cf/Mage.Client/release/sample-decks/2011/Ala-M10-Zen/Anthony Eason's Red Deck Wins.dck",5028C168F1B7AD602B3F37FE8D0A251AA6F5954C18BAE83D8DC6629B041B04D7,365
"source/upstream-07ecb7cf/Mage.Client/release/sample-decks/2011/Ala-M10-Zen/Joel Calafell's Turbo Fog.dck",78888DA5D60611E1E4F067C806C88055F5FB17D21CC9477FB74F584C7AAB55DF,370
"source/upstream-07ecb7cf/Mage.Client/release/sample-decks/2011/Ala-M10-Zen/Joel Calafell.dck",55484A2C143CB54F8FAB21E71D73A68A778F81BDBE9DF87335B6D972BD72503E,369
"source/upstream-07ecb7cf/Mage.Client/release/sample-decks/2011/Ala-M10-Zen/Jund.dck",8B8C13F068192C041794EB8D8CF64A6BD0F17B402DB4203FA2BC1378DF789D32,684
"source/upstream-07ecb7cf/Mage.Client/release/sample-decks/2011/Ala-M10-Zen/NayaLightsaber.dck",411CAD08D04D5E808AD13F262050D99DD32326395A911F85B3F0DDD282A731EC,644
"source/upstream-07ecb7cf/Mage.Client/release/sample-decks/2011/Ala-M10-Zen/Pro Walker.dck",28F1295564956ABE8AA81019969FA5D1F5875FDEFC924EFD78C8479B29114025,633
"source/upstream-07ecb7cf/Mage.Client/release/sample-decks/2011/Ala-M10-Zen/RB Aggro.dck",56A404B6BC399DC0E4E5867D0ACFFE9F2C6B8F28C1C57488B2B46F6993A30367,509
"source/upstream-07ecb7cf/Mage.Client/release/sample-decks/2011/Ala-M10-Zen/SanDiegoLuisScott-Vargas.dck",A0733920AFF77C5BEB39109CC4FF93B11DBB440B878D3331075D33F66E52DA12,855
"source/upstream-07ecb7cf/Mage.Client/release/sample-decks/2011/Ala-M10-Zen/SanDiegoVidugiris.dck",06D7490F8340653D40E222783CAF41B985A8A3319678428808F2CD97017DF9A6,649
"source/upstream-07ecb7cf/Mage.Client/release/sample-decks/2011/Ala-M10-Zen/SanJuanMatignon.dck",54B9547EFFBFA7F2E3380967064659BF845ABF27FD584136FA0200B7D322F83C,694
"source/upstream-07ecb7cf/Mage.Client/release/sample-decks/2011/Ala-M10-Zen/SanJuanSwartz.dck",FF7A832B9F15165E6FC34D50E7E7A0B2498423DCC4D009B0F77582A3F0A3D2C4,520
"source/upstream-07ecb7cf/Mage.Client/release/sample-decks/2011/Ala-M10-Zen/Tim Sussino's Pyromancer Ascension.dck",492DE6AA941CEF92BC4DE09A35D9303CEFA8469D59F94A87224BB652FB60BD56,361
"source/upstream-07ecb7cf/Mage.Client/release/sample-decks/2011/Ala-M10-Zen/Tobias Graefensteiner's Pyromancer Ascension.dck",44562CB9DCBC97B2ED76E3841892B407D340E9E9AAF4B28B9C26647D714078C4,352
"source/upstream-07ecb7cf/Mage.Client/release/sample-decks/2011/Ala-M10-Zen/UW Control.dck",C6089CE3FAFB721B7AEB429C066D7A7D6565A9762B745F9D83D6091919C4B707,736
"source/upstream-07ecb7cf/Mage.Client/release/sample-decks/2011/Ala-M10-Zen/UWR Walker.dck",E1310845527D5DA0CB8BB8DA753A903283EEB47F3DC796C7233F53C4E5D550BE,708
"source/upstream-07ecb7cf/Mage.Client/release/sample-decks/2011/Ala-M10-Zen/WhiteTokens.dck",011BD4647F9ECF7298E22ACB2DAF5C10CBA2AAD8BF4A4BB584718C562E165BE0,608
"source/upstream-07ecb7cf/Mage.Client/release/sample-decks/2011/Ala-M10-Zen/WorldChampionships-Calafell.dck",F1860EAB893458F4545E6009E4A683E8B1C1D0B488CE10295E2402970F14B765,556
"source/upstream-07ecb7cf/Mage.Client/release/sample-decks/2011/Event Decks/[ISD] Deathfed.dck",14AF09A6F0085488CA1636116542CC5E95CDFB15C2B98280EA2A824FBC6A334C,858
"source/upstream-07ecb7cf/Mage.Client/release/sample-decks/2011/Event Decks/[ISD] Hold the Line.dck",E86420232EE603EDDB7ED53866E1034EBBF350AE1049A0ACEC01FC2BB4F83845,699
"source/upstream-07ecb7cf/Mage.Client/release/sample-decks/2011/Event Decks/[M12] Illusionary Might.dck",D1BDD06B3CDDA0BF1C79F7782EEDA0B24E6B8210FBE2ADC9515DD575FE6F1DBB,807
"source/upstream-07ecb7cf/Mage.Client/release/sample-decks/2011/Event Decks/[M12] Vampire Onslaught.dck",FD8749ABE38829ECEE994B1E9F152BBFEF32320C8EC3AEF8C565E6C5C737363A,741
"source/upstream-07ecb7cf/Mage.Client/release/sample-decks/2011/Event Decks/[MBS] Infect and Defile.dck",66FD1B6739CD1E4C166ED52CFEF4609461ADFF73D33CE504812394CC6FE13733,853
"source/upstream-07ecb7cf/Mage.Client/release/sample-decks/2011/Event Decks/[NPH] Rot from Within.dck",5D47554B7DC16C61BECCC847D24BAD811E04E9EB94858F799DEB6A7035B254B3,817
"source/upstream-07ecb7cf/Mage.Client/release/sample-decks/2011/Event Decks/[NPH] War of Attrition.dck",750D9134D1DE2162DA034085094FA3AEFA24B4C4542C8B1AD07086697B8E471D,842
"source/upstream-07ecb7cf/Mage.Client/release/sample-decks/2011/SOM-M12-ISD (Decks 2011)/Alex Wyatt Mono Red.dck",785FFF1BD19293E91E321F405A606FBF6417B3FD2C058F7C11407A887BEADA3F,591
"source/upstream-07ecb7cf/Mage.Client/release/sample-decks/2011/SOM-M12-ISD (Decks 2011)/Bernard Anderson Wolf Run Ramp.dck",86B92FB98821383DD6135757BF78F0A34EE3F8446672E455394E9A8801929F74,747
"source/upstream-07ecb7cf/Mage.Client/release/sample-decks/2011/SOM-M12-ISD (Decks 2011)/Dan Yates Solar Flare.dck",3B7E08FD223BD6CCFCC28478BC8CBBF098E05A4F0BD84773CCF3B079877585E7,970
"source/upstream-07ecb7cf/Mage.Client/release/sample-decks/2011/SOM-M12-ISD (Decks 2011)/Elmo the Elk's Chandra Control.dck",EDF5E94B0ABCF4010B6648CB0631B4D473F516E3817671E3B788E347AA6E7856,305
"source/upstream-07ecb7cf/Mage.Client/release/sample-decks/2011/SOM-M12-ISD (Decks 2011)/Eric Brown Grixis Control.dck",1B067F465060F0E08CFF4C453F6B3DDBAF0415B4BB58216ADE69054B8ECFB557,1030
"source/upstream-07ecb7cf/Mage.Client/release/sample-decks/2011/SOM-M12-ISD (Decks 2011)/Greg Jagger WU Human.dck",4E01A4C3764F43E60329177A2B35377FBFAE0E287F1A62FE6AA4254645E5D823,582
"source/upstream-07ecb7cf/Mage.Client/release/sample-decks/2011/SOM-M12-ISD (Decks 2011)/Heath Perdue Grixis.dck",C687701EC930E12D7FB5A0FA767F6D26890D803F3A9B6830F76C52DBA4C4E577,935
"source/upstream-07ecb7cf/Mage.Client/release/sample-decks/2011/SOM-M12-ISD (Decks 2011)/Metagame Illusions.dck",367254BC8CE7E2BDA1E2C97C8513E469963335D50F0A2EB350D31BB82D1D7082,328
"source/upstream-07ecb7cf/Mage.Client/release/sample-decks/2011/SOM-M12-ISD (Decks 2011)/Robbie Roth Solar Flare.dck",0A954FE0B79ABD9CAD5AACE5DDD5CFECAB3F701ED08EA45FF4F6FD967154C22F,829
"source/upstream-07ecb7cf/Mage.Client/release/sample-decks/2011/SOM-M12-ISD (Decks 2011)/Think Twice Brew.dck",E37E4EF34EEA29546D6AE36B7189C55BE6E7F679859027ADE0C602FE873EA92A,443
"source/upstream-07ecb7cf/Mage.Client/release/sample-decks/2011/SOM-M12-ISD (Decks 2011)/Timothy Jansen Grixis Control.dck",8654C7F4CADD45E62B666719173ED3AA7E597F7E3F698C83683D886DACF1CDAA,841
"source/upstream-07ecb7cf/Mage.Client/release/sample-decks/2011/SOM-M12-ISD (Decks 2011)/UW Aggro by Court Shuett.dck",34D3F6385D211CB9D2DDFBF193B8B298F06C9FD308F8A7488EE1B4C25D5C270F,734
"source/upstream-07ecb7cf/Mage.Client/release/sample-decks/2011/SOM-M12-ISD (Decks 2011)/Wolf Run Ramp by Brian Sondag.dck",91E0DC3E9D29C37E27F53B4E86D33A365776AB8CFA5331EA9171F165614356A0,819
"source/upstream-07ecb7cf/Mage.Client/release/sample-decks/2011/Starter Decks/[ISD] Carnival of Blood.dck",BFA9EB912F0723933C72F126573455C97777E901117E527F93ED84FCA8145B24,870
"source/upstream-07ecb7cf/Mage.Client/release/sample-decks/2011/Starter Decks/[ISD] Deathly Dominion.dck",66FA128C5A0EC185CBBA20DA60F76B0B85D56D0213B9C8BECF0A57CB399F1DD8,845
"source/upstream-07ecb7cf/Mage.Client/release/sample-decks/2011/Starter Decks/[ISD] Eldritch Onslaught.dck",BB20512358776E46AD5AC129DB5155C983925FC56C73BFFDC5EC3B40AD237676,819
"source/upstream-07ecb7cf/Mage.Client/release/sample-decks/2011/Starter Decks/[ISD] Repel the Dark.dck",FC7B79D2FC9DA4860CE0700496B2691570F7253BDB2404AD1C8EB0A16745BCE0,845
"source/upstream-07ecb7cf/Mage.Client/release/sample-decks/2011/Starter Decks/[ISD] Spectral Legions.dck",99F4C3F977CA86F1FDEBC9DA6FD64AC31B1F780C196306BC72D2600B1F2686CE,777
"source/upstream-07ecb7cf/Mage.Client/release/sample-decks/2011/Starter Decks/[M10] Death's Minions.dck",823B0610A8562911FEF9272C9FB5F58A9856387C771643231E953AD238B8B7BC,774
"source/upstream-07ecb7cf/Mage.Client/release/sample-decks/2011/Starter Decks/[M10] Firebomber.dck",4CC8625492BC1CF001A317B86A1FAC8847EFC8253223B56DFC4572C1C5DA6181,779
"source/upstream-07ecb7cf/Mage.Client/release/sample-decks/2011/Starter Decks/[M11] Blades of Victory.dck",B5FF66F4685C1AB58BBEDCF83E709D59D4BCA11277B50B8FA0FF7EB9D99A4D14,908
"source/upstream-07ecb7cf/Mage.Client/release/sample-decks/2011/Starter Decks/[M11] Breath of Fire.dck",0263E9D7429B658F3C3B9E9040922D8ABAC18761210F5339154B02BDE855D18C,906
"source/upstream-07ecb7cf/Mage.Client/release/sample-decks/2011/Starter Decks/[M11] Power of Prophecy.dck",C55AD3865EBB9269DF264230D8B6171D2EFA15AE5C8E2FE1D214F9031B492B67,893
"source/upstream-07ecb7cf/Mage.Client/release/sample-decks/2011/Starter Decks/[M11] Reign of Vampirism.dck",EB05872B43211E0990B451635F5487BF07334BBA080138262D39631A607ACDB6,823
"source/upstream-07ecb7cf/Mage.Client/release/sample-decks/2011/Starter Decks/[M11] Stampede of Beasts.dck",8420647C4F72B10EC508F318DC59A51FDB5334D8CB7A32ACB2F2170A98F99370,963
"source/upstream-07ecb7cf/Mage.Client/release/sample-decks/2011/Starter Decks/[M12] Blood and Fire.dck",F549C3C6077FA49368B5857B1B3642BE18809C67F72186B3F11C18E4369DDAB5,863
"source/upstream-07ecb7cf/Mage.Client/release/sample-decks/2011/Starter Decks/[M12] Entangling Webs.dck",2E1AEC1988BC5A28F090EECD6F3AE7E2F0CB3B86299D783B4838E8979196B359,791
"source/upstream-07ecb7cf/Mage.Client/release/sample-decks/2011/Starter Decks/[M12] Grab for Power.dck",719DBC6D82A354AA8FDC8E6AC757CD1BEAAB24A28CA28DF82DB971B3338B3C7D,825
"source/upstream-07ecb7cf/Mage.Client/release/sample-decks/2011/Starter Decks/[M12] Mystical Might.dck",CBE37D77C68BB8C64FDDCC5F31DC5431A892BDFA2EB663E18D007CEBBEAC6422,767
"source/upstream-07ecb7cf/Mage.Client/release/sample-decks/2011/Starter Decks/[M12] Sacred Assault.dck",1C4DE0ADEED34A3F59E881B2C04FD710DAE1D575626D4E0AB7E237B9AF98D860,735
"source/upstream-07ecb7cf/Mage.Client/release/sample-decks/2011/Starter Decks/[MBS] Battle Cries.dck",EA02D7BCB944B076E1831C6C1657061A1F1371E18FECE119215D88C35D7AB50D,750
"source/upstream-07ecb7cf/Mage.Client/release/sample-decks/2011/Starter Decks/[MBS] Doom Inevitable.dck",41159424E5B48AD47EE650E47AC56B0F78CFCC5488BDC06C44FB417D15DFB69E,790
"source/upstream-07ecb7cf/Mage.Client/release/sample-decks/2011/Starter Decks/[MBS] Mirromancy.dck",A8C5210C7E8F21F7D33BC45460CF2AA97F1359EA898D50796D6ECB6B497EF051,739
"source/upstream-07ecb7cf/Mage.Client/release/sample-decks/2011/Starter Decks/[MBS] Path of Blight.dck",5A6221C016C2C8691801D4B29215388910A32224B8AEAB3C6AE0B21A6C6DCA21,774
"source/upstream-07ecb7cf/Mage.Client/release/sample-decks/2011/Starter Decks/[NPH] Artful Destruction.dck",9B3AE284C54A088691194E0AA3632C8A92DC3FE0CE9CF7A3ABAD80C930BCEB10,752
"source/upstream-07ecb7cf/Mage.Client/release/sample-decks/2011/Starter Decks/[NPH] Devouring Skies.dck",A321D22E8174742D53F0B53C7FB0B5DCB71C35092F4AA14A6F1BCF3969114871,707
"source/upstream-07ecb7cf/Mage.Client/release/sample-decks/2011/Starter Decks/[NPH] Feast of Flesh.dck",51FD11EC523DCB27716CEF7E5714132F50D118E706F3AFEA9518983E396D8F81,791
"source/upstream-07ecb7cf/Mage.Client/release/sample-decks/2011/Starter Decks/[NPH] Life for Death.dck",24B88A7A8AD298B468CC0C9499BA11D6CAC3EBF17BEE6DA8C8758F2CA2551E22,816
"source/upstream-07ecb7cf/Mage.Client/release/sample-decks/2011/Starter Decks/[NPH] Ravaging Swarm.dck",6AD853A6828134588BED1CD90DA5CFF115E4EA010B99E5E189583FA576B30417,810
"source/upstream-07ecb7cf/Mage.Client/release/sample-decks/2011/Starter Decks/[ROE] Eldrazi Arisen.dck",3A735E54DB11671E976D33CF97DA244A26751207258BF6C669D8102B1B4C9100,819
"source/upstream-07ecb7cf/Mage.Client/release/sample-decks/2011/Starter Decks/[ROE] Invading Spawn.dck",B4A44F75A4656C71F6A88F45D6703318F2060D0CF6A27AA10DC2C2CDF3EC2438,732
"source/upstream-07ecb7cf/Mage.Client/release/sample-decks/2011/Starter Decks/[SOM] Deadspread.dck",0A2AC20F2D21EF84C5586500DCFF190D6A4B7377E651842596A95F4E58F822B0,824
"source/upstream-07ecb7cf/Mage.Client/release/sample-decks/2011/Starter Decks/[SOM] Metalcraft.dck",0A401E7D21FF1B2BB31EE30E736DF88C0C4BDB3FA7F20BC4AE42150AACD0F312,761
"source/upstream-07ecb7cf/Mage.Client/release/sample-decks/2011/Starter Decks/[SOM] Myr of Mirrodin.dck",E5FE21BD062D6A5A0BB226D2ACC5B70A5470A58AF399E67F7B36AF48633A0A4A,650
"source/upstream-07ecb7cf/Mage.Client/release/sample-decks/2011/Starter Decks/[SOM] Phyrexian Poison.dck",9FE996199AE55D92007C685F876EBB6F63548F3A9EFA4B490054010A4BA21765,742
"source/upstream-07ecb7cf/Mage.Client/release/sample-decks/2011/Starter Decks/[SOM] Relic Breaker.dck",2DCFAF857EE433276A7D9EA1218BB32C4C79D0F183CAEAD656F0212330BBA230,838
"source/upstream-07ecb7cf/Mage.Client/release/sample-decks/2011/Starter Decks/[ZEN] Kor Armory.dck",C0F9F59E87007A13B12F11947B9EE7112B289E05A33454F348745EDD01229326,700
"source/upstream-07ecb7cf/Mage.Client/release/sample-decks/2011/Starter Decks/[ZEN] The Adventurers.dck",FCCA07E64331118591F11345638B93852C78DBCA6B9D4C7D0E5F87CD2FFA6FF3,926
"source/upstream-07ecb7cf/Mage.Client/release/sample-decks/2011/Starter Decks/[ZEN] Totem Power.dck",71A4660A1EC667E7869F20AC250E1EF7016454CE6C06CBE2A1233A35E9348704,744
"source/upstream-07ecb7cf/Mage.Client/release/sample-decks/2011/Top Decks 2011/Alex Mukhar's Blue-Black Heartless Summoning.dck",C3BE2C9781D73F61E39B77A87202F137696541656A466EE47B79B0DB5EAB9BE8,577
"source/upstream-07ecb7cf/Mage.Client/release/sample-decks/2011/Top Decks 2011/Lu Cai's Blue-Red Tempo.dck",21861478643D90D9863382F0C5FF2BEAC6E7B8375A96C8F346B1288430BF931F,364
"source/upstream-07ecb7cf/Mage.Client/release/sample-decks/2011/Top Decks ISD/B - Joshua Wagener's Mono-Black Infect.dck",010EDCB92E3F8AD33B6D78BA6C2537A4BD2504F62EB277C97B0FB9F5BD904C46,637
"source/upstream-07ecb7cf/Mage.Client/release/sample-decks/2011/Top Decks ISD/GR - Corbett Gray's Wolf Run Robots.dck",7924914388361FF1BFF923DA0BE29AAA6D601867E1CF5B27D9824B65D600E763,759
"source/upstream-07ecb7cf/Mage.Client/release/sample-decks/2011/Top Decks ISD/GW - Martin Juza's Green White Tokens.dck",B4FE1596916F98BC7A600256A5C6CC8FF5E01F8C601BC6682252E8988325E390,791
"source/upstream-07ecb7cf/Mage.Client/release/sample-decks/2011/Top Decks ISD/R Wolf Run Red - Wolf Run Red - SCG 23Oct2011.dck",623B405CDD4B4E6E7D20C6F560F1FB755E4024A1CE612ED8D12554303E2F8624,621
"source/upstream-07ecb7cf/Mage.Client/release/sample-decks/2011/Top Decks ISD/UB - Jeremy Neeman's Blue Black Control.dck",532B5ECF377DF4F15BF683C9150996746C766064A21778117AA57E40C8440DFA,713
"source/upstream-07ecb7cf/Mage.Client/release/sample-decks/2011/Top Decks ISD/UR - Lu Cai's Blue-Red Tempo.dck",5BE41997088CF6496D2E1744E1CCFAB56A50005D6C04C122F57436A4CFCCB82D,559
"source/upstream-07ecb7cf/Mage.Client/release/sample-decks/2011/Top Decks ISD/UW Blade - Boyd's UW Blade - SCG 30Oct2011.dck",F660DEDAA8312FBCB7608A63176805DB3D3D24652C39A3D0FD5ADC290AD73AB8,610
"source/upstream-07ecb7cf/Mage.Client/release/sample-decks/2011/Top Decks ISD/UW Humans - Schwandt's UW Humans - SCG 30Oct2011.dck",B3E5124AB086FF77CFD2DD522578179C86F52829158FBAB94595B441384CC19E,611
"source/upstream-07ecb7cf/Mage.Client/release/sample-decks/2011/Top Decks ISD/UWB - Jonathan Medina's Solar Flare.dck",596C48BC46BFA62B9B7199153DE60628ABDEFB582484D68AAC90BAB4105C878B,945
"source/upstream-07ecb7cf/Mage.Client/release/sample-decks/2011/Top Decks ISD/UWB Solar Flare - Valenti's Solar Flare - SCG 09Oct2011.dck",CE006399ACFAB19554024413B51B31632220B6CB15682167F7B9FF857920970D,900
"source/upstream-07ecb7cf/Mage.Client/release/sample-decks/2011/Top Decks ISD/WU - White-Blue Humans (Aggro-ish).dck",C692C0F0CAE69439E193063A3AD552A86CCDBD3136D1E110959BF77C6C87A218,588
"source/upstream-07ecb7cf/Mage.Client/release/sample-decks/2011/Top Decks ISD/WU - White-Blue Humans (Control-ish).dck",8CA9485F7DC000EBBCFFE6BABFF74513FCF483F051A78CF4E5AA919F19366A93,646
"source/upstream-07ecb7cf/Mage.Client/release/sample-decks/2011/Top Decks ISD/WU - White-Blue Humans (Low Creature - Spell Equip-ish).dck",063F749FA7D313781DC1A60AFBC1265EACD5888C3DA78023E4A1EEBDB5C50F3D,660
"source/upstream-07ecb7cf/Mage.Client/release/sample-decks/2011/Unsorted (submitted by Iran)/Andreas Pranoto's Wolf Run Ramp.dck",FA7B3ED212E65AB23DAB6DB883096981656A3B7EBB1C79162554D42A916FE42B,520
"source/upstream-07ecb7cf/Mage.Client/release/sample-decks/2011/Unsorted (submitted by Iran)/Attack of the Vampires.dck",1CF7E4AE7688A4E13E79D2A05FBE14F6CD51E2E69B89EFAD498C5B6327433265,371
"source/upstream-07ecb7cf/Mage.Client/release/sample-decks/2011/Unsorted (submitted by Iran)/Corbett Gray's Wolf Run Robots.dck",F87B68171A72531E64A63700F74E9CB0C4FA3D0AA4A1864E0925A24698B735E0,531
"source/upstream-07ecb7cf/Mage.Client/release/sample-decks/2011/Unsorted (submitted by Iran)/Divine Reckoning Brew.dck",D6952BE249FDAECB79BA7BFE52EEB411389B5FCFC2906960A2AB171960FF4118,470
"source/upstream-07ecb7cf/Mage.Client/release/sample-decks/2011/Unsorted (submitted by Iran)/Goblins.dck",3C2EA583427D6F46DAF127AF13A3005FECF83D7FC84D71232024F8B9D96583E9,411
"source/upstream-07ecb7cf/Mage.Client/release/sample-decks/2011/Unsorted (submitted by Iran)/Gu Eldrazi Ramp.dck",874580F7A76C9AD9C18FB78533F77B2DA2ABF89A9110869C133EABA5C88B9CDC,527
"source/upstream-07ecb7cf/Mage.Client/release/sample-decks/2011/Unsorted (submitted by Iran)/Hexproof Enchantress.dck",603D6D20A76D23CC6208FBD3EFF209D6FDBD1710494D123958751671F332A5A0,417
"source/upstream-07ecb7cf/Mage.Client/release/sample-decks/2011/Unsorted (submitted by Iran)/Kevin Blake's Blue-Black Control.dck",F00501835BA2DC619F59F25E032CC29072C150C037F1838EC79595271FDA9AFE,605
"source/upstream-07ecb7cf/Mage.Client/release/sample-decks/2011/Unsorted (submitted by Iran)/Kill It With Fire.dck",BE94B0106A59DFAF228EDE82D2AC4C5E8CC1CEF9A6062CC26759429EE3DCF24A,468
"source/upstream-07ecb7cf/Mage.Client/release/sample-decks/2011/Unsorted (submitted by Iran)/Lima Beans.dck",4B5DA53B8D31CE2D6055AD034960564D3FD3A9F58528F3A19DDFA8F247843C61,396
"source/upstream-07ecb7cf/Mage.Client/release/sample-decks/2011/Unsorted (submitted by Iran)/Mono Black Control.dck",C56FAD72EC7384ABDC1F6AB2DC8C19F7B026C775B4790B2B4BD9777A19A48B75,415
"source/upstream-07ecb7cf/Mage.Client/release/sample-decks/2011/Unsorted (submitted by Iran)/Mono Red.dck",CC577B74B665E1F14E306C4DA97B71A81FC5F15DC79FA9F2E924EEE7F6BD43DD,324
"source/upstream-07ecb7cf/Mage.Client/release/sample-decks/2011/Unsorted (submitted by Iran)/Pol Uros's Eldrazi Green.dck",DC55F5294A3F2271D0F22C9EA471A011F5A13724B7472D019A7C1144642E24D0,476
"source/upstream-07ecb7cf/Mage.Client/release/sample-decks/2011/Unsorted (submitted by Iran)/Shouta Yasooka's Blue-Black Control.dck",E316C979E26411349CF1C1B7886CEBC84CCE33CE2E54B3C57B936262EEA4E98F,577
"source/upstream-07ecb7cf/Mage.Client/release/sample-decks/2011/Unsorted (submitted by Iran)/Soul Payment.dck",782DFF5DF5610390DD360BF7E90C9B7EB76651BCFA0BA79D2BED9152DFDDF2AF,458
"source/upstream-07ecb7cf/Mage.Client/release/sample-decks/2011/Unsorted (submitted by Iran)/The Lawkeepers.dck",D9B1C49D9A85DA465338B5F8D5C007D1347CDE589BB619E52A5E6A0C53010021,428
"source/upstream-07ecb7cf/Mage.Client/release/sample-decks/2011/Unsorted (submitted by Iran)/Tim Fondum's Green-White Tokens.dck",14DCB77555012A025DC1D020E54F7281365FAE8259A858B1BCB4E06E8868812D,475
"source/upstream-07ecb7cf/Mage.Client/release/sample-decks/2011/Unsorted (submitted by Iran)/Vampires.dck",6D95821718D510DA23ECE5E626A750F2EA250110AA75C6A78F57F54EECFAF513,648
"source/upstream-07ecb7cf/Mage.Client/release/sample-decks/2011/World Championship 2011/Conley Woods.dck",4AAF3C9E1817933E1284230F46C99EB0757229F2DA87B31754C66D605A801614,373
"source/upstream-07ecb7cf/Mage.Client/release/sample-decks/2011/World Championship 2011/Jeremy Neeman's Solar Flare Standard.dck",06B80546C584B6DF9D568E12F11722BE7F919777303D16493E9795642CDDE420,540
"source/upstream-07ecb7cf/Mage.Client/release/sample-decks/2011/World Championship 2011/Junya Iyanaga's Wolf Run Ramp.dck",B245257FD65C4D7CEF596945EE2E56E3CE88B6296FC5E3850EB761A612635E50,474
"source/upstream-07ecb7cf/Mage.Client/release/sample-decks/2011/World Championship 2011/Patrick Chapin's Grixis Control Standard.dck",1CB4E901A27800005E7B19BA7B76E1BEF8F18E4FE5AC0909883207961318B653,659
"source/upstream-07ecb7cf/Mage.Client/release/sample-decks/2011/World Championship 2011/Tommy Ashton - 12 points.dck",A302C4E42F4F2B9134B35047C7D940F1ECC4A3031A75C5726235491F7FC8F14F,378
"source/upstream-07ecb7cf/Mage.Client/release/sample-decks/2011/Zen_M11_SoM/Ali Aintrazi's Architect Control.dck",771E5488542DD2CB90E3F4A42482EB4BF6FE67CA91B638896CC620D3CD7320C9,454
"source/upstream-07ecb7cf/Mage.Client/release/sample-decks/2011/Zen_M11_SoM/Architect Ramp.dck",7DA63B43CFAC7B99BC3A376EF4932074EC455532C1FE3662EE1038953A571359,540
"source/upstream-07ecb7cf/Mage.Client/release/sample-decks/2011/Zen_M11_SoM/Ben Swartz's Blue-Black Tezzeret.dck",3270063556F92B0DED19507C1A4A6D167B030382FAC578CE47877CD4736FB047,548
"source/upstream-07ecb7cf/Mage.Client/release/sample-decks/2011/Zen_M11_SoM/Black Blue M11.dck",DB6D717229A0CB02A7C46A41D68756398E99A905D4E300CE4C5CA9334E0C47CF,634
"source/upstream-07ecb7cf/Mage.Client/release/sample-decks/2011/Zen_M11_SoM/Boros.dck",9A00276B03F190F191B018F23D7E767EBEA62946215D63E707199EBB0F4924FC,624
"source/upstream-07ecb7cf/Mage.Client/release/sample-decks/2011/Zen_M11_SoM/Budget Soul Sisters 2011.dck",C17ABED82A72F1860A502CE94D74D71DD3F7E1607C97D6B256C0B446A682ED7D,348
"source/upstream-07ecb7cf/Mage.Client/release/sample-decks/2011/Zen_M11_SoM/BytorAndTheSnowdog's Tempered Steel.dck",7909AB3534429229E75C92BDEAC2F1688C0FA0EDAEFD6EAE9EDF0B6558B166FA,386
"source/upstream-07ecb7cf/Mage.Client/release/sample-decks/2011/Zen_M11_SoM/Caw Blade.dck",9287C742A51FAAAEA8CB73F9620B1E76422E10E0E62E6452281DDBF093703914,1034
"source/upstream-07ecb7cf/Mage.Client/release/sample-decks/2011/Zen_M11_SoM/Chris Schafer's Puresteel.dck",2D1C793EA0D0DC6B830038A6D4F871681CCE72307B2B1BEBC4ED9AAE614ED6E0,562
"source/upstream-07ecb7cf/Mage.Client/release/sample-decks/2011/Zen_M11_SoM/Dave Guskin's Myr Reversal.dck",6A35DA1669DEFC3FFC970EC9049B168A228073BB2AD5888A5593F3B98B920A3B,237
"source/upstream-07ecb7cf/Mage.Client/release/sample-decks/2011/Zen_M11_SoM/Helge Nelson's Red Deck Wins.dck",35B4D35DFEDD6D07A237D6862593B9DCE6C146C693E47408F2BE1F8265678A55,473
"source/upstream-07ecb7cf/Mage.Client/release/sample-decks/2011/Zen_M11_SoM/Josh Ravitz's Caw-Blade.dck",B74167EE43A1AF9A06DB7C1D51AD4BD29CD6A72827018252C96FD7E8D8DEE27D,530
"source/upstream-07ecb7cf/Mage.Client/release/sample-decks/2011/Zen_M11_SoM/KaijiItou's Blue-Black Block Control.dck",056CF5D3E1BD9577AC98D3DFE737074142FBFE731BA42A07DB2B97836EC2C63A,446
"source/upstream-07ecb7cf/Mage.Client/release/sample-decks/2011/Zen_M11_SoM/Ken Nagle's Blue-Red Proliferate.dck",CAFCC2BD9844EC3AB06F59395759D90E82586F157F461D4EACB4754470C453EA,440
"source/upstream-07ecb7cf/Mage.Client/release/sample-decks/2011/Zen_M11_SoM/Li Meng's Mono-Black Control.dck",C1B6D4ED49F5F2DE935242CF064731836142AA6465265C01A99755619004D0BA,335
"source/upstream-07ecb7cf/Mage.Client/release/sample-decks/2011/Zen_M11_SoM/Marcello Calvetta's Caw-Blade.dck",4F9A9CD2F5621C361CFE1064FF8294787DD3D454AC4336B7E718FA1D4890A351,484
"source/upstream-07ecb7cf/Mage.Client/release/sample-decks/2011/Zen_M11_SoM/Mike Flores's Green-Blue Infect.dck",0666CE5EFB48036431BF0E747C484D30E9EC363E39ADCE279A8EF876E84A763E,365
"source/upstream-07ecb7cf/Mage.Client/release/sample-decks/2011/Zen_M11_SoM/Mono-Green Fresh Meat.dck",B36FE2714A59DA6DE180C64DF04AAAF9F0CA4558548EB06D61F8869EC9384C0C,447
"source/upstream-07ecb7cf/Mage.Client/release/sample-decks/2011/Zen_M11_SoM/New Standard Hatebrew.dck",2D3D330F06B570E73815A2C38694DA335E126B3D92DBC74A61327C31C2950D85,352
"source/upstream-07ecb7cf/Mage.Client/release/sample-decks/2011/Zen_M11_SoM/Nick's Blightsteel Pool.dck",4B4F97571CE7B61EA3507C058990D948BD00353E6E72CB74B2930F4E8B2DD5B4,300
"source/upstream-07ecb7cf/Mage.Client/release/sample-decks/2011/Zen_M11_SoM/RUG Control[Zen_M11_SoM].dck",9FBFEB83BB1EFFD4FA9B9F334FC3023E292D26B8A59C2A0E6AA048EABCF2CEE0,704
"source/upstream-07ecb7cf/Mage.Client/release/sample-decks/2011/Zen_M11_SoM/Vampires[Zen_M11_SoM].dck",569A6EC2EBB8696D7770E5AC4D650F725A75240E37D6B0ACE0028C80D4C19447,665
"source/upstream-07ecb7cf/Mage.Client/release/sample-decks/2011/Zen_M11_SoM/Zac Hill's Infectious.dck",B4AF884B769C4A87E3FF19D3700A59163A24B41CC636FB2001E523C72A7D03EC,275
"source/upstream-07ecb7cf/Mage.Client/release/sample-decks/2012/Barcelona Pro Tour 2012/Alexander Hayne Miracle Deck Pro Tour Barcelona 2012.dck",552AE0083D02024BDCDE13A06B7FC0AB2D036CF83222AAF496C670E2B208AB07,511
"source/upstream-07ecb7cf/Mage.Client/release/sample-decks/2012/Barcelona Pro Tour 2012/Jon Finkel Blouses Deck Pro Tour Barcelona 2012.dck",4D3D76EFCE34A0E6EBAA68C862A6CC266DC98AEA546DB83ADD88B1A93715689E,452
"source/upstream-07ecb7cf/Mage.Client/release/sample-decks/2012/Daily Deck List/Paulito Mang's Werewolves.dck",696884A1A9CBA628119BD19C3E3B4F0BF74932B5B5ADD8DE96162EDA83012B10,678
"source/upstream-07ecb7cf/Mage.Client/release/sample-decks/2012/Event Decks/[AVR] Death's Encroach.dck",F39A533B9B802921DE4CEEABDC6AEFA72793D000B206BF960057E60FB1559CC5,684
"source/upstream-07ecb7cf/Mage.Client/release/sample-decks/2012/Event Decks/[AVR] Humanity's Vengeance.dck",16AB742FFA0B581281121384B69B94D249D7321AE6CBE914F88865FEF4218533,771
"source/upstream-07ecb7cf/Mage.Client/release/sample-decks/2012/Event Decks/[DKA] Gleeful Flames.dck",A93A57B64F516728408CFED74FD9A54E9371B10FBF84C12BFC83EF14137BCD82,651
"source/upstream-07ecb7cf/Mage.Client/release/sample-decks/2012/Event Decks/[DKA] Spiraling Doom.dck",3B8036EB6C8CA4C9CD0173C2C15DFA686B0CD2EB2F7B63F00AF1A16EC794F7B4,1030
"source/upstream-07ecb7cf/Mage.Client/release/sample-decks/2012/Event Decks/[M13] Repeat Performance.dck",366C52E5F6346AE35307161FE558C7B77C166F98B77BADEB614C95D081585B3C,918
"source/upstream-07ecb7cf/Mage.Client/release/sample-decks/2012/Event Decks/[M13] Sweet Revenge.dck",3527C2A36168F2AF9A3D9B3A3F92FA09460F49B2991E75390B6167CC5BBF1C32,843
"source/upstream-07ecb7cf/Mage.Client/release/sample-decks/2012/Event Decks/[RTR] Golgari -Creep and Conquer.dck",0DEADBD3CD70AA6B3EBD2DEAB8BEBE84EA01D73A63BD05413C9F950BD0C1F4F6,863
"source/upstream-07ecb7cf/Mage.Client/release/sample-decks/2012/Event Decks/[RTR] Rakdos - Wrack and Rage.dck",73840DD3A863DD3E66A6A7AD901F4025966A5DCB3C53B99C67DA9D8BBDF4DF4B,820
"source/upstream-07ecb7cf/Mage.Client/release/sample-decks/2012/Grand Prix Minneapolis 2012/1st place - Christian Calcano's UR Delver.dck",97554A4372B960F25A269448D99F03A18ABADD2FCFB5BCE2B41F31D5362244F1,993
"source/upstream-07ecb7cf/Mage.Client/release/sample-decks/2012/ISD-DKA-AVR/Budget - Jacob's Mono-Black Zombies.dck",4677A3D74346214BCC4CFDBFB0CD363A5142A3313DC08330C013F47274E3E87E,1029
"source/upstream-07ecb7cf/Mage.Client/release/sample-decks/2012/ISD-DKA-AVR/Turbo Poison.dck",1C17C88EDA99288E83B014FDD97533A22E9D77DEDFB66DFC33440FA73C804ADC,872
"source/upstream-07ecb7cf/Mage.Client/release/sample-decks/2012/Starter Decks/[AVR] Angelic Might.dck",A1F5B952690429B1EAD42AEE335EE1D68D6236810132E843B07ACCFA07C97DFA,792
"source/upstream-07ecb7cf/Mage.Client/release/sample-decks/2012/Starter Decks/[AVR] Bound by Strength.dck",598F958DD7ADF4AEA4FF4E903A8D6A5C086E483C850149AA59065E1993479D4D,729
"source/upstream-07ecb7cf/Mage.Client/release/sample-decks/2012/Starter Decks/[AVR] Fiery Dawn.dck",6E66C51DA2AB9D431BF4D2BA068ED3E1D2A1BA5BC370C5A293821490126BE0CB,780
"source/upstream-07ecb7cf/Mage.Client/release/sample-decks/2012/Starter Decks/[AVR] Slaughterhouse.dck",9DF69DFBD5BBA58C47D8A02FCB4262085126F1B1BB5121F0799F5645BF1CCFB3,765
"source/upstream-07ecb7cf/Mage.Client/release/sample-decks/2012/Starter Decks/[AVR] Solitary Fiends.dck",3EFB7F06E9B4032B44B2623673768F8AD0CDD80529334FCA98A69D5E347E04AA,736
"source/upstream-07ecb7cf/Mage.Client/release/sample-decks/2012/Starter Decks/[DKA] Dark Sacrifice.dck",4F74ADD00EF7442DA2D2BEF5E053B491B9BE168EE49E1C6C55B6B4B4D8C7C1CC,803
"source/upstream-07ecb7cf/Mage.Client/release/sample-decks/2012/Starter Decks/[DKA] Grave Power.dck",EDDE0898BB11131349071C5F29E692D4E40B930B6748B3201C02FFF928CCFE89,684
"source/upstream-07ecb7cf/Mage.Client/release/sample-decks/2012/Starter Decks/[DKA] Monstrous Surprise.dck",346BF082BB9F1BBB7532EF8CA084330447C449A6619520EB842148C654FA6ECB,693
"source/upstream-07ecb7cf/Mage.Client/release/sample-decks/2012/Starter Decks/[DKA] Relentless Dead.dck",4671B09B772467B5FD3CE47537EFDEC4EDA07FA82DE4CDCDC69D3E7CF0A1FD6E,817
"source/upstream-07ecb7cf/Mage.Client/release/sample-decks/2012/Starter Decks/[DKA] Swift Justice.dck",C67D0A357C2304268080A265607DA1D8A0C9DD87914790176DD07B05B5C9B99E,798
"source/upstream-07ecb7cf/Mage.Client/release/sample-decks/2012/Starter Decks/[M13] Depths of Power.dck",D5D44A449EFE29F6D24F0C682B3D1372BEEFBC04C8A0B04094570EAEF064A4D3,689
"source/upstream-07ecb7cf/Mage.Client/release/sample-decks/2012/Starter Decks/[M13] Mob Rule.dck",752161CC947CC3E8BF14234B9488567DDE326CE23347EF88DD8EA7F70A36DD37,740
"source/upstream-07ecb7cf/Mage.Client/release/sample-decks/2012/Starter Decks/[M13] Path to Victory.dck",353C7D485396BE12E61C2D8779845614D4F690C1BE9496ADD712136F2EA9EA99,691
"source/upstream-07ecb7cf/Mage.Client/release/sample-decks/2012/Starter Decks/[M13] Sole Domination.dck",34ADA4ECBE2963536503DEB66F115EA360BE844AC641DF6754AD5B7B2AF1BAF7,755
"source/upstream-07ecb7cf/Mage.Client/release/sample-decks/2012/Starter Decks/[M13] Wild Rush.dck",F9E86CBACA6DB89E5DBFC2BCA9926526D894068401135A654D643F96C570F972,746
"source/upstream-07ecb7cf/Mage.Client/release/sample-decks/2012/Starter Decks/[RTR] Azorius Advance.dck",65831BB5273DD4290EBE32DEBDD35881F2AC5899FD1F4AEF149FFBB55A89E2D9,922
"source/upstream-07ecb7cf/Mage.Client/release/sample-decks/2012/Starter Decks/[RTR] Golgari Growth.dck",FC308DC0837509D4C84978FA8B75B4003865B6AE35439BA6FA06048F2657552D,972
"source/upstream-07ecb7cf/Mage.Client/release/sample-decks/2012/Starter Decks/[RTR] Izzet Ingenuity.dck",ABA78AA14C00864D4406BBE414C657261AA629BE5B824DB0308C03AE246CF13A,890
"source/upstream-07ecb7cf/Mage.Client/release/sample-decks/2012/Starter Decks/[RTR] Rakdos Raid.dck",62447C511DBDD75D0430A9AF8B6891B261771B7966C76E8D7D3C64096C55ACA5,1015
"source/upstream-07ecb7cf/Mage.Client/release/sample-decks/2012/Starter Decks/[RTR] Selesnya Surge.dck",A439037E25B4219245A040160D76BFB788F2E84F3CE43B556B33CBFA8F2A23C8,975
"source/upstream-07ecb7cf/Mage.Client/release/sample-decks/2012/T2/[T2] Avignon.dck",26C500F6A8491AEBA430E837E681C308E872D320851911442DCC4607084A603C,1072
"source/upstream-07ecb7cf/Mage.Client/release/sample-decks/2012/T2/[T2] Crywolf.dck",5280C1B879896679306A9521743FF5C095D4E3405FA73CE0163651A5544A1D18,1091
"source/upstream-07ecb7cf/Mage.Client/release/sample-decks/2012/T2/[T2] dhouse.dck",2385945BEB3D3F9C913D0AC3181F3CEF2AC256E6D832FB0721556C5E28A2BB6B,1113
"source/upstream-07ecb7cf/Mage.Client/release/sample-decks/2012/T2/[T2] Kangasu.dck",951155468782E18C2FBDB969298DB3F2E82BD0C1E003BC4C10CD97CF60969C80,1155
"source/upstream-07ecb7cf/Mage.Client/release/sample-decks/2012/T2/[T2] puddingtime.dck",5521046AC52358AA2097FD1AF4F149D0B992018DE4947DC25C4C711F3C8F919F,989
"source/upstream-07ecb7cf/Mage.Client/release/sample-decks/2012/T2/[T2] Samite Healer.dck",CD8B7A3A4FA79CF3C195F94611875B50238E15EE8EAB5CD37A3A70182D7D6983,1033
"source/upstream-07ecb7cf/Mage.Client/release/sample-decks/2012/T2/[T2] sknbny.dck",F9FBF1B204A703C582EEDD780A8C36DE1F60A129F2E0027A26BAC1721845F9FF,1210
"source/upstream-07ecb7cf/Mage.Client/release/sample-decks/2013/Event Decks/[DGM] Strength of Selesnya.dck",E40574C9F8C121DE2A4E45E10E83F8A966CDFB859ACF178F8F785AE339FDB3E8,884
"source/upstream-07ecb7cf/Mage.Client/release/sample-decks/2013/Event Decks/[GTC] Rally and Rout.dck",E669E67947041C7AF25BB8A25DA49A7605FFA36F40AB133D6BD00E5A58F2243D,985
"source/upstream-07ecb7cf/Mage.Client/release/sample-decks/2013/Event Decks/[GTC] Thrive and Thrash.dck",B3ED70571ACF2B60C28762CB28F4778A4820CD7C77D145C2817471CEFAB78569,937
"source/upstream-07ecb7cf/Mage.Client/release/sample-decks/2013/Event Decks/[THS] Inspiring Heroics.dck",0D9175CC282024F0CFDDF7D5683C80B748A5B3391A58EEA031EEB16FF3FA5E6D,900
"source/upstream-07ecb7cf/Mage.Client/release/sample-decks/2013/GatheringMagicCom/Golgari Grief.dck",9C8D37CFF8635735B40ECC88D4FFB851CE5EE44249AB0A2EC31F5F99A471EE56,588
"source/upstream-07ecb7cf/Mage.Client/release/sample-decks/2013/GatheringMagicCom/Orzhov Control.dck",3F50CE677A1CCB51003A3467EB7C20B9DDF0F696619E4A8F652E7431F83943A2,585
"source/upstream-07ecb7cf/Mage.Client/release/sample-decks/2013/Intro Packs/[DGM] Azorius Authority.dck",4126D0E6A3DEB2D323490BA986BCF04FFB0DF17B357936DE967DFCBE2B026A4D,654
"source/upstream-07ecb7cf/Mage.Client/release/sample-decks/2013/Intro Packs/[DGM] Gruul Siege.dck",897F7C8817E1841DEF90920F18CB2D1627C2ED340FA1A84C360DBA348F8C94E2,699
"source/upstream-07ecb7cf/Mage.Client/release/sample-decks/2013/Intro Packs/[DGM] Orzhov Power.dck",5219CF2FB5DC4FCC2C5B4CBF42503BD2525B9B28EE9B51C7210056C8639768C7,704
"source/upstream-07ecb7cf/Mage.Client/release/sample-decks/2013/Intro Packs/[DGM] Rakdos Revelry.dck",93C5618B5B0760BF74135FF2C1FE3F6CD77290E4C31B6DB21AA704D690563B9E,668
"source/upstream-07ecb7cf/Mage.Client/release/sample-decks/2013/Intro Packs/[DGM] Simic Domination.dck",746C5FDD0D731C427200EC7D6B9091F13FEEEBE7F79595A8C8F5D0991DD53DB6,707
"source/upstream-07ecb7cf/Mage.Client/release/sample-decks/2013/Intro Packs/[GTC] Boros Battalion.dck",A860F4724487FF06B674FE0274A27A62C6EF254AB3D37578E35D4556E1CA6DDD,972
"source/upstream-07ecb7cf/Mage.Client/release/sample-decks/2013/Intro Packs/[GTC] Dimir Dementia.dck",7C410E38B47141295565E62F1FE62FAAC8DDA42A976B2ACD0FD44F7BA318C60F,977
"source/upstream-07ecb7cf/Mage.Client/release/sample-decks/2013/Intro Packs/[GTC] Gruul Goliaths.dck",23DF25B78F9EA87950D6D4ECCD2941F671AF2F956F36AAC9F7C3238E1627193E,1014
"source/upstream-07ecb7cf/Mage.Client/release/sample-decks/2013/Intro Packs/[GTC] Orzhov Oppression.dck",61665577E48015BE4AD5C50AE15B8DD0ADF14D03A8720331083A3B5B92016576,969
"source/upstream-07ecb7cf/Mage.Client/release/sample-decks/2013/Intro Packs/[GTC] Simic Synthesis.dck",66E94EF207303CEAA1C1188F2AA4CADA054574E7A869BDCB3B9C30CC86D205FF,932
"source/upstream-07ecb7cf/Mage.Client/release/sample-decks/2013/Intro Packs/[THS] Anthousa's Army.dck",1EB202D6B9FAE159935B91D85CB4C66A1E91F018809CBD6DEBC79884ECBFDCF8,719
"source/upstream-07ecb7cf/Mage.Client/release/sample-decks/2013/Intro Packs/[THS] Blazing Beasts of Myth.dck",DB029F04F9DC851CFA88AD05ED4CA53B00080D81A73BC64BFA63961F15B7233B,737
"source/upstream-07ecb7cf/Mage.Client/release/sample-decks/2013/Intro Packs/[THS] Devotion to Darkness.dck",B747226B79AD9BF7C8A928247F79B041FBCBB3F9283946F0B8C9664295E983FF,778
"source/upstream-07ecb7cf/Mage.Client/release/sample-decks/2013/Intro Packs/[THS] Favors From Nyx.dck",55761E60BA043F367C8987A02AE3F3492B0DBAA5E4B0114837BA98712CBB6BC0,798
"source/upstream-07ecb7cf/Mage.Client/release/sample-decks/2013/Intro Packs/[THS] Manipulative Monstrosities.dck",A3392DD5B394DEE660CDC3EF97B1DE62C87867B54D9A7D3210D1894843848242,706
"source/upstream-07ecb7cf/Mage.Client/release/sample-decks/2013/Legacy/Tim Wilson's Nic Fit.dck",6821AC9C8C534CE3FA47F37229AF0CAC106D4189F194B8BA8ECE38C56F981C8A,1015
"source/upstream-07ecb7cf/Mage.Client/release/sample-decks/2013/Modern/Gamma_Frog's Raka Tempo.dck",D9105AC51C8EF74601901081A9E6BBF68837288514071C6B52C42F400C1E0DE2,1177
"source/upstream-07ecb7cf/Mage.Client/release/sample-decks/2013/Modern/Gavin Verhey's Weird Paradise.dck",62A27EA6DC2AC3D702A0A6959DA5786A4CBF952BF2A2263B79109F30E497FA5D,589
"source/upstream-07ecb7cf/Mage.Client/release/sample-decks/2013/Modern/Masatomo Iwayama's Weirdstorm.dck",A4384852D924404E35713F8F1882DF5F00ED9C030F5B9EAB0654BD17F34AC077,497
"source/upstream-07ecb7cf/Mage.Client/release/sample-decks/2013/Modern/max115's Spirit Jund.dck",D100C9EE2D1F5710EC94E94E2FCAA66E371811236878FE8329739710EFDD0192,1163
"source/upstream-07ecb7cf/Mage.Client/release/sample-decks/2013/Modern/optimus's Tribal Zoo.dck",18105628F7287306A1F3EBE8294E088289876B8446EAF19A45DB74716F988DB1,919
"source/upstream-07ecb7cf/Mage.Client/release/sample-decks/2013/Modern/Zoizaite's Splinter Twin.dck",66D9AC6266C991B0527454DF5B2B9E7CCEC03C41E484C6F198A34F4CE432B6D6,949
"source/upstream-07ecb7cf/Mage.Client/release/sample-decks/2013/Modern/_Blaze777_'s RG Tron.dck",768494C3D07C54CE74EC3ED9DA85C78C587A2ED858DFC29B7F9A31ECD9E6872D,1112
"source/upstream-07ecb7cf/Mage.Client/release/sample-decks/2013/Modern/____czery's Kiki-Jiki Pod.dck",FD0A62F2140324F7FA5652C21350E77A1515163F43FF434E80A6A083AA5B7D43,1231
"source/upstream-07ecb7cf/Mage.Client/release/sample-decks/2013/Modern/Bronze TCQ - Huntsville, TX (March 3)/Colin Sullivan's Scapeshift 5th - 8th Place.dck",842E19A5D361D3CFC9DFC5376F3E45A8B628114D324AA2A3EA9A57813B44E031,819
"source/upstream-07ecb7cf/Mage.Client/release/sample-decks/2013/Modern/Bronze TCQ - Huntsville, TX (March 3)/Gabriel Joglar's Merfolk 2nd Place.dck",3CB3109F36CDFE2F13C7F8D559D8FFFDBEF01E6401B28BF1BB809C9B0127BEA9,652
"source/upstream-07ecb7cf/Mage.Client/release/sample-decks/2013/Modern/Bronze TCQ - Huntsville, TX (March 3)/Hayden Hooper's Naya Pod 3rd - 4th Place.dck",5F8E6732CC16F5EA7B2A11853A6FBAC7F640766ABD5BFD6147BDAEF99A6B834E,1307
"source/upstream-07ecb7cf/Mage.Client/release/sample-decks/2013/Modern/Bronze TCQ - Huntsville, TX (March 3)/Jonathan Dean'S UBFaeries 3rd - 4th Place.dck",A2575BE28537D5113A18D3A8D044DA85755311022F7682406A5AAFF0978FC446,823
"source/upstream-07ecb7cf/Mage.Client/release/sample-decks/2013/Modern/Bronze TCQ - Huntsville, TX (March 3)/Mike Nardi's UW Faeries 5th - 8th Place.dck",141A72240342F7819D0BDACDD4DB7BAE0C5B8BE63E948405A447FC5173633896,814
"source/upstream-07ecb7cf/Mage.Client/release/sample-decks/2013/Modern/Bronze TCQ - Huntsville, TX (March 3)/Tyson Bollinger's BUG Infect 1st Place.dck",530068B9AB30F338C7D59903C600B8C81CD2066B31D60BB8D3C91BEBACBEDC48,598
"source/upstream-07ecb7cf/Mage.Client/release/sample-decks/2013/Modern/DailyDeckList/osmanozguney's Death's Shadow.dck",8A95CE31B054EF618A7732081CAEB65FD8208E685626F92645A14159AC05FE39,709
"source/upstream-07ecb7cf/Mage.Client/release/sample-decks/2013/Modern/DailyMTG/Adam Moore's Beck and Affinity.txt.dck",6F122D026D23C62F3F0446B43BAAD3C55834D4BDCAD5AE46B0B110D89807425C,444
"source/upstream-07ecb7cf/Mage.Client/release/sample-decks/2013/Modern/DailyMTG/Alex Lapinski's Shifted Maze-Run.dck",5ACB15E55DD412A8F625075C3C787654524A4F05DECD2376AA58815936EC4F6B,641
"source/upstream-07ecb7cf/Mage.Client/release/sample-decks/2013/Modern/DailyMTG/Daniel Watson's Zhur-Taawin.txt.dck",92C1723103657F6A46E0C6980E910B919138B0F20921009B846FC4FFE55582D7,489
"source/upstream-07ecb7cf/Mage.Client/release/sample-decks/2013/Modern/DailyMTG/Elias Rudin's RUG Vial.dck",FE85210C8EEC30B2F9D1E4C7ABA3AF33BF22C3AF74C7F0DFBB01F19A6E7B6BFD,630
"source/upstream-07ecb7cf/Mage.Client/release/sample-decks/2013/Modern/DailyMTG/Gavin Verhey's Combo Elves.dck",14EB16379C08BEF0041A5C88986E0251BE1D0B68B0B20017843160FEF9D143CD,641
"source/upstream-07ecb7cf/Mage.Client/release/sample-decks/2013/Modern/DailyMTG/Krond - Clothes in a Bag.dck",701656A20988D9C742AD91284E43B62A21D2584C456F9550F658C69A70DCDE1A,882
"source/upstream-07ecb7cf/Mage.Client/release/sample-decks/2013/Modern/DailyMTG/Liam Puknys's Possibility Brand.dck",F863CB07052C6DFD9B1BE2BA04E8392155A65182626834C4D046B4398E1B12BB,534
"source/upstream-07ecb7cf/Mage.Client/release/sample-decks/2013/Modern/DailyMTG/Lore's Flipwalkers.dck",75A7E3E4120205B9A4EEF89DC784F00FB0249214281FE804F1B7D0649DF9910E,493
"source/upstream-07ecb7cf/Mage.Client/release/sample-decks/2013/Modern/DailyMTG/Luke Paulsen's Mill.dck",AF35B0DE2BAF2A04069002B74B7F2B16323026E2692CD1F00073BBCFB7DA0BA0,618
"source/upstream-07ecb7cf/Mage.Client/release/sample-decks/2013/Modern/DailyMTG/Mark Ian Alloso's GW Hatebears.dck",7F6015D954E9F261EF6AC19C3B75F04BCA244DFB33A229886B952535803786AD,738
"source/upstream-07ecb7cf/Mage.Client/release/sample-decks/2013/Modern/DailyMTG/Takahashi Kazuyasu's Golgari Aggro.dck",D28B74D3512692F888CEDED55F880689D4C61D8DE83BD6323A08737F9D0AF6D9,478
"source/upstream-07ecb7cf/Mage.Client/release/sample-decks/2013/Modern/DailyMTG/Trevor Cashmore's Just Kiln Time.dck",B88FDA6304A0C1C663BA5AE805FB630463094AD853CE2E2B12CB307F9E9DA739,483
"source/upstream-07ecb7cf/Mage.Client/release/sample-decks/2013/Modern/DailyMTG Reconstructed The Most Fun I've Had in Modern/Gavin Verhey's Nyxwave.dck",67EF1249B94CB09B480B72818C4D06B870D0EEA22F6368E5EB6F7B0309B7A10C,570
"source/upstream-07ecb7cf/Mage.Client/release/sample-decks/2013/Modern/GP Bilbao (January 19)/Francisco Camacho's 4C Birthing Pod 5th - 8th Place.dck",18932FFF263C901B466521B7871B92BB6C4D210220227B3794C1190196E3C1C5,1278
"source/upstream-07ecb7cf/Mage.Client/release/sample-decks/2013/Modern/GP Bilbao (January 19)/Lorenzo Calzolari's Scapeshift 5th - 8th Place.dck",FAAA4D5001D1473FEE8813B7A89487727212E2F40A6AD47ABC3F1FFC614FC335,1006
"source/upstream-07ecb7cf/Mage.Client/release/sample-decks/2013/Modern/GP Bilbao (January 19)/Louis Deltour's Scapeshift 3rd - 4th Place.dck",9987483DD5B92772D4187806095ADED7BF4658A6E0563615AB1E25D69827E66E,958
"source/upstream-07ecb7cf/Mage.Client/release/sample-decks/2013/Modern/GP Bilbao (January 19)/Lukas Jaklovsky's 2nd Place.dck",350E044CC6E2C7E7D454F2DFB31EA7ACD094580127E6E296C3474E13B2FFE735,925
"source/upstream-07ecb7cf/Mage.Client/release/sample-decks/2013/Modern/GP Bilbao (January 19)/Martin Scheinin's Unburial Gifts 5th - 8th Place.dck",746FFAB32F02263217BCFCAE45293937EB6F39744CA838314E1A80F3BC64A5E0,1477
"source/upstream-07ecb7cf/Mage.Client/release/sample-decks/2013/Modern/GP Bilbao (January 19)/Mathieu Deloly's 4C Birthing Pod 5th - 8th Place.dck",ADB33F7292B7AA0A4E1B8C7D754FBDB11D0A6072A077480DF3FE199D841F661F,1353
"source/upstream-07ecb7cf/Mage.Client/release/sample-decks/2013/Modern/GP Bilbao (January 19)/Mitchell Manders American Midrange 1st Place.dck",3A654A9E7392A658A8930B9A3F6427915040CEC7240831D9E20C21ED454A3E28,995
"source/upstream-07ecb7cf/Mage.Client/release/sample-decks/2013/Modern/GP Bilbao (January 19)/Vasco Bonifacio's Jund 3rd - 4th Place.dck",39EC3DC68923D27905649AA96CD03A2619B0DABAFC8BEF01DF136C8BCCAB3257,998
"source/upstream-07ecb7cf/Mage.Client/release/sample-decks/2013/Modern/GP Brisbane (October 6)/Dan Unwin's BG Souls - 2nd place.dck",0403A9E7CB40A94B467DF5005D646C0FC70644603809941334BBE281A06BE30B,997
"source/upstream-07ecb7cf/Mage.Client/release/sample-decks/2013/Modern/GP Brisbane (October 6)/Garry Wong's Tron - 5th place.dck",733B7E2CAEFF420E6F09B3674E4A0B00962CF93CC8AC288007F9D70FC4D65BF2,787
"source/upstream-07ecb7cf/Mage.Client/release/sample-decks/2013/Modern/GP Brisbane (October 6)/Justin Cheung's Jund - 3rd place.dck",BE37BB6EA8A544B174D51D851849F1DBE57F98F4A86A73BB7AF868A6300FC8C3,998
"source/upstream-07ecb7cf/Mage.Client/release/sample-decks/2013/Modern/GP Brisbane (October 6)/Justin Robb's Affinity - 1th place.dck",552FA8E737F311600E853BDD44E18F85C6620472863907D9CF21AF6E01FA3ECB,684
"source/upstream-07ecb7cf/Mage.Client/release/sample-decks/2013/Modern/GP Kansas City/James Moffitt's UWR Midrange.dck",6FB753E42226DFB91CC6DFA2394CF6A0E2A9D96EBA263707AEE46BB23D62C019,1008
"source/upstream-07ecb7cf/Mage.Client/release/sample-decks/2013/Modern/GP Kansas City/Jason Egli's Living End.dck",E43AC02788B094DB233F21FDFBD0F32BA7832CB1E113DBDBCC08E6206D98708A,911
"source/upstream-07ecb7cf/Mage.Client/release/sample-decks/2013/Modern/GP Kansas City/Jonathan Riddell's Melira Pod.dck",D38F50EFB1A18695178BA93829B4CDA86410ABE9A513C4B00092EDA426EF4A5B,1204
"source/upstream-07ecb7cf/Mage.Client/release/sample-decks/2013/Modern/GP Kansas City/Josh Inoa's UWR Splinter Twin.dck",E63FAA8BA94D774A393A42851D45B43B632B508AEE83B8E1A7C1C889E2F2B1FD,986
"source/upstream-07ecb7cf/Mage.Client/release/sample-decks/2013/Modern/GP Kansas City/Louis Kaplan's Kiki-Jiki Pod.dck",66C05E213C732FD42E940C543F7F5E6DEAB074BD0A7744FA9EF7EC5B223D5B50,1340
"source/upstream-07ecb7cf/Mage.Client/release/sample-decks/2013/Modern/GP Kansas City/Noah Whinston's Splinter Twin.dck",351C2FD03107FE14A1FD314CFF33E57DDBE8130F14E4A0287AB81542D72745D4,777
"source/upstream-07ecb7cf/Mage.Client/release/sample-decks/2013/Modern/GP Kansas City/Steven Locke's Domain Zoo.dck",88BA030A27ACB87D58816385F19FCA69138A5B285A0D31317996C0C812076A2F,929
"source/upstream-07ecb7cf/Mage.Client/release/sample-decks/2013/Modern/GP Portland/Affinity by Paul Rietzl 5th - 8th Place.dck",723352F2952406A3B54DA070999F6B7433E9C8B709524441612C33179CC407D1,768
"source/upstream-07ecb7cf/Mage.Client/release/sample-decks/2013/Modern/GP Portland/Master Affinity by Zvi Mowshowitz 3rd-4th Place.dck",665322A3869C77701FFD0A32CDDFF27D2DC2CAB808575AB95DA777083C1079C8,755
"source/upstream-07ecb7cf/Mage.Client/release/sample-decks/2013/Modern/GP Portland/Melira Pod by Dan Macdonald 3rd - 4th Place.dck",375CDD00C091E886E9EAA06DC522812D47C6ECE287F55D091C4F73CC6681336B,1181
"source/upstream-07ecb7cf/Mage.Client/release/sample-decks/2013/Modern/GP Portland/Melira Pod by Matt Nass 5th - 8th Place.txt.dck",5958B17E7B23BF01B7BCF302EF43A17B948CA5463560BDB73395DB4E1244A10F,1158
"source/upstream-07ecb7cf/Mage.Client/release/sample-decks/2013/Modern/GP Portland/Melira Pod by Sam Pardee 1st Place.dck",1E50145DEFE54B1562207E0873D4BD861B8FABDBB6020BFAD123F893B9B82CD8,1153
"source/upstream-07ecb7cf/Mage.Client/release/sample-decks/2013/Modern/GP Portland/Scapeshift by Joe Demestrio - 2nd Place.dck",F97641996081404DD563BA32A9650DF49FABD8AEBDD74324F6FD96C7A0B570CD,829
"source/upstream-07ecb7cf/Mage.Client/release/sample-decks/2013/Modern/GP San Diego (March 17)/Eric Froehlich's Ajani Jund 3rd - 4th Place.dck",CC367577DC86656C7A4A3E966383AC7004AA63664650A83A7815AC550507159B,957
"source/upstream-07ecb7cf/Mage.Client/release/sample-decks/2013/Modern/GP San Diego (March 17)/James Latimer's KikiPod.dck",0F7348046BCCC059632C3B32D21306BE74A72713CD38EBEACA0A7814F1253AB0,1271
"source/upstream-07ecb7cf/Mage.Client/release/sample-decks/2013/Modern/GP San Diego (March 17)/Nathan Holiday's Second Sunrise 1st Place.dck",CF8A473EFE33780A46B0AB3B49860F4F6BBD5B22B32CD67D1335435A7110D8CD,809
"source/upstream-07ecb7cf/Mage.Client/release/sample-decks/2013/Modern/GP San Diego (March 17)/Sammy Tukeman's American Control 2nd Place.dck",69C7B3DD1B863F20805693C82EDB619B315189F15D1CAEE5CC0FAC319F634DA3,947
"source/upstream-07ecb7cf/Mage.Client/release/sample-decks/2013/Modern/Modern Romance/Gadin's Robots.dck",E41EEBE4544BD2AE77F2ADB2D51DE2166CC498BE07DFABBD880F71989F7F7CBA,752
"source/upstream-07ecb7cf/Mage.Client/release/sample-decks/2013/Modern/New Mexico - Albuquerque/Brandon Remley's KikiPod 3rd Place.dck",A8E9DEAE94C971F1DDA9D5EA1E92359902DC3667C84B82C98A426C78F9A772A2,1514
"source/upstream-07ecb7cf/Mage.Client/release/sample-decks/2013/Modern/New Mexico - Albuquerque/David Daniel's KikiPod 1st Place.dck",F082167658AA1561D6FDD7FDDBC0054D588894FFD98B0A600D29A52014C710E6,1491
"source/upstream-07ecb7cf/Mage.Client/release/sample-decks/2013/Modern/New Mexico - Albuquerque/Derek Umamoto's GB Loam 8th Place.dck",F836079938BB9846A5498E987C00B01D33E7987E50D4CA9FD0617559FAB334DC,1126
"source/upstream-07ecb7cf/Mage.Client/release/sample-decks/2013/Modern/New Mexico - Albuquerque/Donald Richter 2nd Place (GWB).dck",B17949E79A2E5B4DAC3322521CCD52AF6FD06AC0814BED5311ADE3D95C860582,763
"source/upstream-07ecb7cf/Mage.Client/release/sample-decks/2013/Modern/New Mexico - Albuquerque/Greg Getha's Second Sunrise 6th Place.dck",90CF7C52025EA33CB0FF3F8264ADC41EE4EC4C8A56CCCE9A849BFF9BDA69F1D5,758
"source/upstream-07ecb7cf/Mage.Client/release/sample-decks/2013/Modern/New Mexico - Albuquerque/Joseph Cardoza's Meerfolk 4th Place.dck",D3F596C793F93BA6D6AD188B7D0471B91CD19146D6A20DD46566610D8D0FFFBF,1059
"source/upstream-07ecb7cf/Mage.Client/release/sample-decks/2013/Modern/New Mexico - Albuquerque/Matt Duggan's Second Sunrise 7th Place.dck",20AA9560019172CD5269D7A33289AB091C9C5226685818C9EE497D73B198F179,834
"source/upstream-07ecb7cf/Mage.Client/release/sample-decks/2013/Modern/New Mexico - Albuquerque/Raul Fernandez's Tron 5th Place.dck",50B7A034FEA5A80330BA62C7FA16F458DCEF5F3A96B241C9D381E699B6000BD0,775
"source/upstream-07ecb7cf/Mage.Client/release/sample-decks/2013/Modern/Pro Tour Dragon's Maze Qualifier Season - New York - Brooklyn (Februar 23)/Alex B.'s 1st Place.dck",A99F0569F21CFAD9642893661BB4B1B2740CAC1DA62A21F274993973E7170A45,891
"source/upstream-07ecb7cf/Mage.Client/release/sample-decks/2013/Modern/Pro Tour Dragon's Maze Qualifier Season - New York - Brooklyn (Februar 23)/James K.'s 3rd Place.dck",DF3B094D639F217ED5506916B6E311C1983265FF3058AF6A7415E5008F328789,1259
"source/upstream-07ecb7cf/Mage.Client/release/sample-decks/2013/Modern/Pro Tour Dragon's Maze Qualifier Season - New York - Brooklyn (Februar 23)/Sean M.'s 2nd Place.dck",2D2F79E9162CE95F0842DE36347F913AB24CF3AE4899A02DB7206B176D680E87,1258
"source/upstream-07ecb7cf/Mage.Client/release/sample-decks/2013/Standard/Damon Okey's Infinite Visionary.dck",B98FD0FC6713A239EC3CB012336BA6AE78FE7AECE817B3812024EFCC5D4F8778,800
"source/upstream-07ecb7cf/Mage.Client/release/sample-decks/2013/Standard/Jun'ya Takahashi's Bant Hexproof.dck",A715DF7F6BB0B2F363C07EBACAAC95BCAA2449E2D8A37EE0983C4B136742CF4D,724
"source/upstream-07ecb7cf/Mage.Client/release/sample-decks/2013/Standard/DailyDeckList/Orzhov Lifelink.dck",B8DAAB80619F8E5D7FE83ABBBD7617BC62BDDDB5E3EA2CC20B0B2C45CA33E098,675
"source/upstream-07ecb7cf/Mage.Client/release/sample-decks/2013/Standard/DailyMTG/Adam Cotner's Skaabs!.dck",F8D2CC4921E2A481758780FD17D71E4D2D2ADC2C2BD38D2165F3B7201646E870,469
"source/upstream-07ecb7cf/Mage.Client/release/sample-decks/2013/Standard/DailyMTG/Anonymous's Take a BoW.dck",6EB11AA977CBF711F8893717E7410C92E26D25B6123E8B51535B60FB659AB3B1,1299
"source/upstream-07ecb7cf/Mage.Client/release/sample-decks/2013/Standard/DailyMTG/Davi Cisne's BUG Aggro.dck",29BD2C6AB98869C3948692D6D7057C94436A557E0A6C15F9538C523F13723A9C,829
"source/upstream-07ecb7cf/Mage.Client/release/sample-decks/2013/Standard/DailyMTG/David Tuite's Esper Control.dck",1EDCF5B785165426B5D32EDDBC0CFB7C5A24C48E87904D9A20AFF5DFC649FE85,809
"source/upstream-07ecb7cf/Mage.Client/release/sample-decks/2013/Standard/DailyMTG/Devin Carter's Delves into Duskmantle.dck",ED2B703F14F5802A5AF531E7E6E97A56C108D4B974B206398109ADDD8DC2E973,700
"source/upstream-07ecb7cf/Mage.Client/release/sample-decks/2013/Standard/DailyMTG/Diego Lacalamita's The Unperfect Di-Mill.dck",984C632F281ED6288F843F0DAA869478B1773949435972E39B2AD02C69B00FD8,491
"source/upstream-07ecb7cf/Mage.Client/release/sample-decks/2013/Standard/DailyMTG/Gavin Verhey's Den of Secrets.dck",F976BD87316400A0C624A0124477541D0C2E8DE3F3AA3B8C2BA50419556266A2,501
"source/upstream-07ecb7cf/Mage.Client/release/sample-decks/2013/Standard/DailyMTG/Joseph Kuzmanovski's Zombitude.dck",8F167E865AF61217B5DDD6AC3082DB663C9F4CD7296A2D8AFEB04D6D6E884171,552
"source/upstream-07ecb7cf/Mage.Client/release/sample-decks/2013/Standard/DailyMTG/Kazuaki Yamamoto's Immortal Sacritude.dck",8B9506C6CB55715A74A65FB087C877C0D7980E9467B963D391F8445961BEAD4F,566
"source/upstream-07ecb7cf/Mage.Client/release/sample-decks/2013/Standard/DailyMTG/Kent Mayson's Mill Yourself Zombie.dck",F2691A11301AF71EBCB984012C30C0154B71B57990C3C146870790599A9A760C,552
"source/upstream-07ecb7cf/Mage.Client/release/sample-decks/2013/Standard/DailyMTG/Kevin Florio's Golgari.dck",38E50693A9BA636050763A041323004D22EE84D5E62383408DB0AAC5915008E1,751
"source/upstream-07ecb7cf/Mage.Client/release/sample-decks/2013/Standard/DailyMTG/Masashi Uemura's Trespass on Nivmagus.dck",2F241C271FEBA4B9B6F3ABE25EDC8490C4F2C7C9797C11FA04BFEB813D94C189,461
"source/upstream-07ecb7cf/Mage.Client/release/sample-decks/2013/Standard/DailyMTG/Richard Lawrence's Draw-Go.dck",536794A868BDDD0A11415FCE7A2AB3837796B2009084C8E45B7481A94FCDCF0E,616
"source/upstream-07ecb7cf/Mage.Client/release/sample-decks/2013/Standard/DailyMTG/Robert Doane-Solomon's Cipher Slicer.dck",003F9C23B4654747F93F9CD10F802B678B37C7722383C4786003C9112306B1A4,565
"source/upstream-07ecb7cf/Mage.Client/release/sample-decks/2013/Standard/DailyMTG/Robert Seder's Esper Control.dck",6653F4571738C7C059B94E6AF625A58D30A728F024FB98003BDAA719D82751B6,968
"source/upstream-07ecb7cf/Mage.Client/release/sample-decks/2013/Standard/DailyMTG/Shota Sugawara's Cipher Grower.dck",197C274D95F2AAABC36EBF24924D588F4E4B01BC61CAEF097314D623D7929987,438
"source/upstream-07ecb7cf/Mage.Client/release/sample-decks/2013/Standard/DailyMTG/Takahashi Kazuyasu'S Thief.dck",DB9D84EC7E2C9B6CC07C94CAF72A8EEDD5A45BA9CD116920757D34D87411F9BC,566
"source/upstream-07ecb7cf/Mage.Client/release/sample-decks/2013/Standard/DailyMTG/Tony Camper's Crypt Ghast Blas.dck",85DB6388BA05AF407AF699AEFA037F4D805DC7012E1A8DEF72895F2DF2479C8B,505
"source/upstream-07ecb7cf/Mage.Client/release/sample-decks/2013/Standard/DailyMTG/Yiffy Savanah's French Toast.dck",F7F2D0E0D2D9A2926EC571935D8A5A4525C1C8E210350F78C5CA46FB4D06C51F,1253
"source/upstream-07ecb7cf/Mage.Client/release/sample-decks/2013/Standard/DailyMTG ReConstructed/BurcsTheScrub's CatGrow.dck",A915F0447965B85C7B971D25F4AE03E0828A94BE7AB18DEB48ECDD602F5B73EF,581
"source/upstream-07ecb7cf/Mage.Client/release/sample-decks/2013/Standard/DailyMTG ReConstructed/dannyson's Molten Barrage.dck",13E8C8E00AC2F86B741B154B6BEA8D5709717E8BD7A3A0D0E023E2A967102F73,388
"source/upstream-07ecb7cf/Mage.Client/release/sample-decks/2013/Standard/DailyMTG ReConstructed/Darryl Hoard's Bottoms Up.dck",FF63CBD8F5955C1DE3C9C7D70E67C042E5501838E38255CC8298A911EC8EFDE4,432
"source/upstream-07ecb7cf/Mage.Client/release/sample-decks/2013/Standard/DailyMTG ReConstructed/David Snavely's Burn at the Stake.dck",98F7026DB33FC65CB166099DA3D0A2B10925773B9930A51E15225FAD50B2AA7E,486
"source/upstream-07ecb7cf/Mage.Client/release/sample-decks/2013/Standard/DailyMTG ReConstructed/Elliott Dent's Not-Quite White Weenie.dck",198EF29FC9DF9AF88D6390CF463E943925669F6A0E79FBBC58A75DEE0CBEFC91,387
"source/upstream-07ecb7cf/Mage.Client/release/sample-decks/2013/Standard/DailyMTG ReConstructed/Gavin Verhey's Pyro Red.dck",2BFAB2EC3C1F6B8C7BBF1765233006C06BDA1C98E96F01E147366D50430B36E8,360
"source/upstream-07ecb7cf/Mage.Client/release/sample-decks/2013/Standard/DailyMTG ReConstructed/Ghoul's White-Black-Red Tokens.dck",E39685533BFB6D2F8BE6707C0A2DDDED032B2C16FA0E51468C43CCE2A27C20EF,571
"source/upstream-07ecb7cf/Mage.Client/release/sample-decks/2013/Standard/DailyMTG ReConstructed/Gildor Inglorion's Esper Control.dck",CF824743E52306B8934B34F23916FACC663E2B2ABAF28A194EEF6C7C0F4AE7BE,554
"source/upstream-07ecb7cf/Mage.Client/release/sample-decks/2013/Standard/DailyMTG ReConstructed/HowDidThisWheel's Young Pyromancer of Secrets.dck",D0DBCB81FA18FA01DD1FE8A58920F65C732A1447C7DD28DBAD826CA3173C6704,450
"source/upstream-07ecb7cf/Mage.Client/release/sample-decks/2013/Standard/DailyMTG ReConstructed/John Sawatzky's Chandra's Flames.dck",7AC7566294B6551E704D97BB1161C95D808D1FD6301EF38B40DAE31441327F69,612
"source/upstream-07ecb7cf/Mage.Client/release/sample-decks/2013/Standard/DailyMTG ReConstructed/Jordan Twiggy Melanson's Enchantment Aggro.dck",1E9A1570095BBBD6BD57667EB22F1BFFF2E3E330C59893E3A9F36C3BEAC9D1F6,420
"source/upstream-07ecb7cf/Mage.Client/release/sample-decks/2013/Standard/DailyMTG ReConstructed/Kazuaki Yamamoto's Demonic Power 2^7.dck",A510E81E9BEDE91787CBD92DDFE81BA3711942057A142379C91372F1D14D4080,388
"source/upstream-07ecb7cf/Mage.Client/release/sample-decks/2013/Standard/DailyMTG ReConstructed/Lars S.G. Solbakken's Power Defenders.dck",780D169CEBD68AA434AD2A6F08434E314A36CA96FE8918A492C9B58E5A3C9CB3,557
"source/upstream-07ecb7cf/Mage.Client/release/sample-decks/2013/Standard/DailyMTG ReConstructed/Malphen's Tower of Archangel.dck",E362B7E040A4517074598E4B2089C965142BA6ACFCC280180E018AC7883254A9,1457
"source/upstream-07ecb7cf/Mage.Client/release/sample-decks/2013/Standard/DailyMTG ReConstructed/Malta's RW Tokens.dck",B7C28C4128371718372859FEF22CBA65FD4C13E3D9C44C8B0396454990E45C77,582
"source/upstream-07ecb7cf/Mage.Client/release/sample-decks/2013/Standard/DailyMTG ReConstructed/Roy Keck's AEtheRenFerno.dck",ECE03FA09A43452CCEF8C7DE20C7D035C1F3C2BFD39D62CEFD24EEBD25AC3115,712
"source/upstream-07ecb7cf/Mage.Client/release/sample-decks/2013/Standard/DailyMTG ReConstructed/Shao Middle's Strionic Justice.dck",C091D7395E01F793CC2D7D84F91E3B4243933F283F7D3E602B8F18710C14F1D6,661
"source/upstream-07ecb7cf/Mage.Client/release/sample-decks/2013/Standard/DailyMTG ReConstructed/Takahashi Kazuyasu's Valkas Copy.dck",C95EE4B800F5C0C3649C2B6BD0DF00B58BB86A852C07F6AA8071497B3013B6B2,541
"source/upstream-07ecb7cf/Mage.Client/release/sample-decks/2013/Standard/DailyMTG Reconstructed - Love and Monsters/Akinori Nakano's Ancient Monsters.dck",B3B1F92EE8B04948FD047DD5DF3699EAC454D0E0C92CDD8380DF5746E5E2FA90,516
"source/upstream-07ecb7cf/Mage.Client/release/sample-decks/2013/Standard/DailyMTG Reconstructed - Love and Monsters/Andrew Kasper's Walled Forest Fire.dck",C5543846B0C20682C0A24BF97B0875ACD832589F170C74A8F2909B973C3369A5,417
"source/upstream-07ecb7cf/Mage.Client/release/sample-decks/2013/Standard/DailyMTG Reconstructed - Love and Monsters/Angelica's RUG Genius.dck",D95B8612E73D0B9A218FC8A91CB2FD6654158DB37D0FA5E6AFFF64E2E8D98E9B,535
"source/upstream-07ecb7cf/Mage.Client/release/sample-decks/2013/Standard/DailyMTG Reconstructed - Love and Monsters/Gavin Verhey's of Monsters and Men.dck",9D8DCF98E453BC96E01ABAE8A8702EEC26E74BB235D19348F0B8D95D88637980,497
"source/upstream-07ecb7cf/Mage.Client/release/sample-decks/2013/Standard/DailyMTG Reconstructed - Love and Monsters/George Wolfe's Midrange Monsterhouse.dck",9116315BB30D5E86BD860CB7429ED109FCBD88C163B0802817827F7BC995DF47,646
"source/upstream-07ecb7cf/Mage.Client/release/sample-decks/2013/Standard/DailyMTG Reconstructed - Love and Monsters/Itou Kazunari's Respiratory Insufficiency.dck",4D5F0BC5A3FAAA669B4C91E86D4BE33DA0060FBC20306908B628F57D7491E201,457
"source/upstream-07ecb7cf/Mage.Client/release/sample-decks/2013/Standard/DailyMTG Reconstructed - Love and Monsters/Masato Ichimaru's Artisan of Akros.dck",AED7C06101B2B4D0AC46D44324969066F66EE02B907F79C83D58DA4BBEFF4FCE,636
"source/upstream-07ecb7cf/Mage.Client/release/sample-decks/2013/Standard/DailyMTG Reconstructed - Love and Monsters/Qoarl's Colossal Ramp.dck",B9E1759B27FDC81F3C64406851D65E2476824CD6531593815B87D709730F86A4,428
"source/upstream-07ecb7cf/Mage.Client/release/sample-decks/2013/Standard/DailyMTG Reconstructed - Love and Monsters/Sean Calvo's Debt and Tactics.dck",4099CC3D172EB3DC34C4B5EDA1C13EEF36DF72914FABACB23C27278239B06B46,582
"source/upstream-07ecb7cf/Mage.Client/release/sample-decks/2013/Standard/DailyMTG Reconstructed - Love and Monsters/Tony Youssef's Brushstrider Selesnya.dck",358E38F639BBC3555B6F3101D0E69DF4CA5D2192B0A2DD3E10EF7A24426970D6,424
"source/upstream-07ecb7cf/Mage.Client/release/sample-decks/2013/Standard/DailyMTG ReConstructed - Post Theros Standard/Brian Geddes's Mono-Black Control.dck",A17D6785E782C9C5DB7EEE81BEA24049BA6EE339F59282ED74C869DF42630A4B,488
"source/upstream-07ecb7cf/Mage.Client/release/sample-decks/2013/Standard/DailyMTG ReConstructed - Post Theros Standard/David Spindola's Hammer Red.dck",D253F0CDB2EB6AF2DE713A5C70309D820F3EB8BDC38D7AB7B671D80577A25597,484
"source/upstream-07ecb7cf/Mage.Client/release/sample-decks/2013/Standard/DailyMTG ReConstructed - Post Theros Standard/Gavin Verhey's Big Game Hunter.dck",A3CC54853A209200E490776DE63D394CD3D8CAA9AD2DABB4E26ED182F33D7FBF,396
"source/upstream-07ecb7cf/Mage.Client/release/sample-decks/2013/Standard/DailyMTG ReConstructed - Post Theros Standard/Gavin Verhey's Orzhov Humans.dck",84C738BDEEE7B737FE833072B76C3F4385A70B871ED9337A24A3C12A89C5CAC9,491
"source/upstream-07ecb7cf/Mage.Client/release/sample-decks/2013/Standard/DailyMTG ReConstructed - Post Theros Standard/Gavin Verhey's Reaniwhip.dck",151D52D04A75D9ACB7BA3A06B4716A0D528BD03B56C70E47007E9F4C15481D34,452
"source/upstream-07ecb7cf/Mage.Client/release/sample-decks/2013/Standard/DailyMTG ReConstructed - Post Theros Standard/Jim Boulter's Manaburst Green.dck",C1453C6AE65CEA4BFD5BF15721E25D5AEA9578D65A471F65DD7FB61E21FEDECC,455
"source/upstream-07ecb7cf/Mage.Client/release/sample-decks/2013/Standard/DailyMTG ReConstructed - Post Theros Standard/Joshua Bader's Return of the Caba.dck",002E21AE64DFD584D2A7A97D5803340DD2DA5A981329D2C13AA6914975FD0A7A,401
"source/upstream-07ecb7cf/Mage.Client/release/sample-decks/2013/Standard/DailyMTG ReConstructed - Post Theros Standard/Kevin's White Weenie.dck",2A018716403227F6D58931EA99E266C405724375786CE88F520C527714DA3901,390
"source/upstream-07ecb7cf/Mage.Client/release/sample-decks/2013/Standard/DailyMTG ReConstructed - Post Theros Standard/Kyle's Assemble the Forge.dck",54619F1DC3DE27A6CE4B89D3F6B9C539E3F2C90DB4061D664A757974449BB3F8,473
"source/upstream-07ecb7cf/Mage.Client/release/sample-decks/2013/Standard/DailyMTG ReConstructed - Post Theros Standard/Ryan Schwenk's Mono-Red Devotion.dck",00AC12CE069B6398399E85BE56C7DEA52020DB080B645B6603143C408D89BCDC,435
"source/upstream-07ecb7cf/Mage.Client/release/sample-decks/2013/Standard/DailyMTG ReConstructed - Post Theros Standard/Sam Pate's Devotion to Smashy Smashy.dck",C5559007FD386272A41B898EB95997F171D399A1D01DFB6057215A167CE1FC9E,526
"source/upstream-07ecb7cf/Mage.Client/release/sample-decks/2013/Standard/DailyMTG ReConstructed - Post Theros Standard/Shouta Yasooka's UB Control.dck",BDF2F1B6CB88602C4365E3D4F1E30AA0BDE90616CED3E126C2C07B1D5A4D265C,748
"source/upstream-07ecb7cf/Mage.Client/release/sample-decks/2013/Standard/DailyMTG Reconstructed - Sliving the good Life/Antonio's Sliver aNAYAlation.dck",EC8440D96A270810CA4B2E8CF4EE78D829299AA98AB4A3C96C89E130EB8B80B5,656
"source/upstream-07ecb7cf/Mage.Client/release/sample-decks/2013/Standard/DailyMTG Reconstructed - Sliving the good Life/Connor Gerace's Red Deck Wins.dck",42A5E0498A10D6A454943D2D6C37083BDBE13EE1C652A18264E47DEE6399417A,394
"source/upstream-07ecb7cf/Mage.Client/release/sample-decks/2013/Standard/DailyMTG Reconstructed - Sliving the good Life/David's Essence Tokens.dck",647A9A6797A33A28DF3CF83563BAEA4493FE693A3AC18CA1CB58D1343756C501,432
"source/upstream-07ecb7cf/Mage.Client/release/sample-decks/2013/Standard/DailyMTG Reconstructed - Sliving the good Life/Douglas Scheinberg's Seance Combo.dck",11E986D758D6D3E5B33721F954C3E63461DC2CEC7A7421C3F077BE56CC9F69CB,601
"source/upstream-07ecb7cf/Mage.Client/release/sample-decks/2013/Standard/DailyMTG Reconstructed - Sliving the good Life/Erick Lavandier's Naya Flicker.dck",B6C09F6421BE2FE42E82E7E1269AAB53A6CC67FD7859D4C00B3C1246A0C6DAF3,806
"source/upstream-07ecb7cf/Mage.Client/release/sample-decks/2013/Standard/DailyMTG Reconstructed - Sliving the good Life/Gavin Verhey's (Mostly) Naya Slivers.dck",D9B6CCBA2108ED1E43B2373AD00F96EFD00225220CF9B8679C473BA035FDAB9F,643
"source/upstream-07ecb7cf/Mage.Client/release/sample-decks/2013/Standard/DailyMTG Reconstructed - Sliving the good Life/Glenn Cariaga's Stronic Midrange.dck",B00089E0B2C5F3B7AE250E0E78ACDEDFE2912BBF80A0661D654350D2BE77ACED,589
"source/upstream-07ecb7cf/Mage.Client/release/sample-decks/2013/Standard/DailyMTG Reconstructed - Sliving the good Life/Hiroaki Ikeda's Fattie Merfolk.dck",01E92DA3CC4CAD96F7FC42889931EA3DF21CE81D81D945B64B8EC40277DD640A,548
"source/upstream-07ecb7cf/Mage.Client/release/sample-decks/2013/Standard/DailyMTG Reconstructed - Sliving the good Life/Ian Hancock's Expect the Unexpected.dck",609CAD281D58DF12E1389627F124B53908AA2F2EC9DD6DDA27894DA1770E035B,485
"source/upstream-07ecb7cf/Mage.Client/release/sample-decks/2013/Standard/DailyMTG Reconstructed - Sliving the good Life/Jake and Trevor's Breaking Rites.dck",10C45D9C3A1662FEBA5202482EC2CE41BAFB93323551F858A0B1C1D3D0651D4D,785
"source/upstream-07ecb7cf/Mage.Client/release/sample-decks/2013/Standard/DailyMTG Reconstructed - Sliving the good Life/Jonathan Reynolds's Mythic Rare Fatties.dck",D84A36C3718907A4752D9D65A8C634D9C03A5B03BB1AA689C7FB49067619E1E2,426
"source/upstream-07ecb7cf/Mage.Client/release/sample-decks/2013/Standard/DailyMTG Reconstructed - Sliving the good Life/Kyle Gascoigne's BUG Advantage.dck",04E201986E233E9148E7469F286B348153F5B2353B56FE470D73647A2CE5D556,632
"source/upstream-07ecb7cf/Mage.Client/release/sample-decks/2013/Standard/DailyMTG Reconstructed - Sliving the good Life/Perikoro's Beck and Stake.dck",CBBFDE4155D75E29FE5516AB08500A5C8762AB6ED067E0BFFCC1771077E3CBF9,574
"source/upstream-07ecb7cf/Mage.Client/release/sample-decks/2013/Standard/DailyMTG Reconstructed - Sliving the good Life/Qoarl's Gutterstorm.dck",673F8BEA8EE35CA4F926593C03D09E8D6CE6101641A42777F68A286A971C098B,483
"source/upstream-07ecb7cf/Mage.Client/release/sample-decks/2013/Standard/DailyMTG Reconstructed - Sliving the good Life/Richard Yarmosh's Junk Accord.dck",E4010AF21AA52EE18A1726B8F1622653C5A1795622B7A83F814D74907B2A964A,558
"source/upstream-07ecb7cf/Mage.Client/release/sample-decks/2013/Standard/DailyMTG Reconstructed - Sliving the good Life/Tibalt Adson's Mono-Black.dck",45C087BDA1988216358524468EB6BCE14917F6DF2282AB7AA39F8242249DBC8B,523
"source/upstream-07ecb7cf/Mage.Client/release/sample-decks/2013/Standard/DailyMTG Reconstructed - Sliving the good Life/Tyler Laing's FIRE IN THE HOLE!.dck",42FB1CEC480F3C0960F4938E89542E34360BE0E3A0714FD27AB6A56CD31ADA23,465
"source/upstream-07ecb7cf/Mage.Client/release/sample-decks/2013/Standard/DailyMTG Reconstructed - Sliving the good Life/Vincent's The Bigger the Gravestone, the Higher the Rank.dck",30F539ECAD33A505AF8B234F17E6D97195937F9CDC209CF8A6A01ED5688514CF,663
"source/upstream-07ecb7cf/Mage.Client/release/sample-decks/2013/Standard/DailyMTG ReConstructed Crazy Chimera Combo/Anil Yigit Filiz's Heroic Tokens.dck",46D1DB7A31B878A2198C290BC2355D1BF0A59346821C615D9BCC8D38E1E49EBE,485
"source/upstream-07ecb7cf/Mage.Client/release/sample-decks/2013/Standard/DailyMTG ReConstructed Crazy Chimera Combo/Bill Cheng's Artemis.dck",32069912E6A28A3139F6E7799B85B29FB40E1C6BCD90F5C057F4785801CFEEE0,463
"source/upstream-07ecb7cf/Mage.Client/release/sample-decks/2013/Standard/DailyMTG ReConstructed Crazy Chimera Combo/Cameron Hensel's Trash and Dash.dck",27B54A78373A9275C3B55ECDB0151B37D33892DCDD45D1C34D84C98D814378CA,545
"source/upstream-07ecb7cf/Mage.Client/release/sample-decks/2013/Standard/DailyMTG ReConstructed Crazy Chimera Combo/Carlos McMartin's Paint It Black.dck",BCC7B12A61282D8737CC166744DED543A3A4D302DA429F1132E13A01F9869976,470
"source/upstream-07ecb7cf/Mage.Client/release/sample-decks/2013/Standard/DailyMTG ReConstructed Crazy Chimera Combo/Devin Carter's Duskmantle Seer.dck",036CB4AE15E4B8F50C85E6A3BF8E4C9EC6092F92D3341A73DCA504BB4E04F5B7,610
"source/upstream-07ecb7cf/Mage.Client/release/sample-decks/2013/Standard/DailyMTG ReConstructed Crazy Chimera Combo/Fuhe Xu's Mono-Red Minotaurs.dck",54910955465C227DFC60FFB0EC2EE85F0FE10E81DE1611F6A4333F9842F53758,383
"source/upstream-07ecb7cf/Mage.Client/release/sample-decks/2013/Standard/DailyMTG ReConstructed Crazy Chimera Combo/Gavin Verhey's Project C.dck",F47F43C6C6D12B6F99F45F0E398FDEFCE8CD259AC2C2CCF88998B14E2E9151E7,539
"source/upstream-07ecb7cf/Mage.Client/release/sample-decks/2013/Standard/DailyMTG ReConstructed Crazy Chimera Combo/Ingvi Oernolfsson's Aggro-Rock.dck",5F1066D5A089184C9AC2BAE76C1F5D9E7310A2460D3EDC0FADAAB49AC743C003,544
"source/upstream-07ecb7cf/Mage.Client/release/sample-decks/2013/Standard/DailyMTG ReConstructed Crazy Chimera Combo/Isaachaze's WBR Burn.dck",1A79FC781EF7ED05AAF021A3DA0EA2FD43F371E2DC3E4AAD15525DBC05081C8B,467
"source/upstream-07ecb7cf/Mage.Client/release/sample-decks/2013/Standard/DailyMTG ReConstructed Crazy Chimera Combo/Itou Kazunari's Boros Heroic Legion.dck",0AA436923F2420D74C79BC6A15246DB547FFDAF6A6CDCCE6AB179266D1EA3EFD,457
"source/upstream-07ecb7cf/Mage.Client/release/sample-decks/2013/Standard/DailyMTG ReConstructed Crazy Chimera Combo/Jacob Smith's Bant Chimera.dck",D3070F5D0B0AE20FDA62A9AC718901B541759C281FFF0E34E41D3D30E0FB72FD,613
"source/upstream-07ecb7cf/Mage.Client/release/sample-decks/2013/Standard/DailyMTG ReConstructed Crazy Chimera Combo/James's Abhorrent Demons.dck",56976335D516C302530867D44867D884F61D305C7A9ABC72E54151D5E4E6DE90,287
"source/upstream-07ecb7cf/Mage.Client/release/sample-decks/2013/Standard/DailyMTG ReConstructed Crazy Chimera Combo/Luke Maudlin's Purphoros's Legion.dck",1655366A3F16F9A70820F0EDEC33418AA0C97630FB9BBA9E390C5469C63E3C78,400
"source/upstream-07ecb7cf/Mage.Client/release/sample-decks/2013/Standard/DailyMTG ReConstructed Crazy Chimera Combo/Nathan Kalsch's The God Complex.dck",F078D81C1C47EBBFD49AB6C91E36BCC12861CFA3F36628B4F423972DF0221290,462
"source/upstream-07ecb7cf/Mage.Client/release/sample-decks/2013/Standard/DailyMTG ReConstructed Crazy Chimera Combo/Sam's The Ashen Rider Rides Again!.dck",D8AF772F09100FD57D4BF69264742E518B33159A9BD1179656DEE87310726242,585
"source/upstream-07ecb7cf/Mage.Client/release/sample-decks/2013/Standard/DailyMTG ReConstructed Crazy Chimera Combo/Stephen Wise's En Garde Auras.dck",D77FE190E4E96E6CF4736D4F1A73C777ADAEED9A9F4B38FDDDC796B83CE278CA,507
"source/upstream-07ecb7cf/Mage.Client/release/sample-decks/2013/Standard/DailyMTG ReConstructed Crazy Chimera Combo/Tkotz's RUG Ordeal of the Gods.dck",B4B2DC1B72280E79ED0C29F1B8C643250AEDF1134830B17E97E0FF192E6E9D14,538
"source/upstream-07ecb7cf/Mage.Client/release/sample-decks/2013/Standard/DailyMTG ReConstructed Heroic Blitz/Anthony Izzo's Selesnya Heroic.dck",E99B13EB183DF0E2722D386319178F3EDDB39AD717480941144E87985B2B4D1E,381
"source/upstream-07ecb7cf/Mage.Client/release/sample-decks/2013/Standard/DailyMTG ReConstructed Heroic Blitz/Gavin Verhey's Akros Deck Wins.dck",81BB7A44B181903C4F219097CD79C374A6599D56824522E0CC183C45E8267FB1,417
"source/upstream-07ecb7cf/Mage.Client/release/sample-decks/2013/Standard/DailyMTG ReConstructed Heroic Blitz/Hiroaki Ikeda's Triton the Draw Engine.dck",A001114B0EA79CCACCD12190D80DDFE1ABC71FB508C7A675774F00D309051EFD,424
"source/upstream-07ecb7cf/Mage.Client/release/sample-decks/2013/Standard/DailyMTG ReConstructed Heroic Blitz/Johnnie Alexandro's Heroes of Theros.dck",0645BBC0543DFDA7EACDE2915E1182EADF4E22240028DA83B368EE1A14AA5D82,413
"source/upstream-07ecb7cf/Mage.Client/release/sample-decks/2013/Standard/DailyMTG ReConstructed Heroic Blitz/Keisuke Onoyama's Wavecrash and Flamespeaker.dck",0029A45A01C9A25C89BB952E2259BC23CA5DF6C872837A836264F762FC363E91,427
"source/upstream-07ecb7cf/Mage.Client/release/sample-decks/2013/Standard/DailyMTG ReConstructed Heroic Blitz/Kousuke's Naya Heroic.dck",526C37F96662CFC0E0D770246341CD874DCBB06681BA57628342FCD3BD6A603B,473
"source/upstream-07ecb7cf/Mage.Client/release/sample-decks/2013/Standard/DailyMTG ReConstructed Heroic Blitz/Paul Travers's Artisan's Heroic Biovision!.dck",CB22F0C152E99D94DBD2256C2D02FDD87BFFBF9DBFFA5FA72E4AA07161E5A3F1,478
"source/upstream-07ecb7cf/Mage.Client/release/sample-decks/2013/Standard/DailyMTG ReConstructed Heroic Blitz/Shohei Hashimoto's Hero of The Cult.dck",A34F52A6A14E1D41DE3BCCEF6F6AA47E5EFA9A90CB083554C21B2425FA85EE5E,493
"source/upstream-07ecb7cf/Mage.Client/release/sample-decks/2013/Standard/DailyMTG ReConstructed Heroic Blitz/Travis's Hero Elemental.dck",60B2E3EA06F5182E727DBDE228FABCBAD045ED3F0778195D2E42C94687B0C835,427
"source/upstream-07ecb7cf/Mage.Client/release/sample-decks/2013/Standard/DailyMTG with M14/Angelica's Mono-Red Beats.dck",C3BBBEF14AE20534D602C1D76F374D4E8CA23363889EF51B935D02BD38008419,350
"source/upstream-07ecb7cf/Mage.Client/release/sample-decks/2013/Standard/DailyMTG with M14/Coleman Jackson's Advent of the Arcanist.dck",E7F34A9581DF0B7915F72CD69CDE032A7362357F12F8F7F9322E5A8B91D1D644,482
"source/upstream-07ecb7cf/Mage.Client/release/sample-decks/2013/Standard/DailyMTG with M14/Disciple of Innistrad's Angelic Post.dck",C96BABF7D78D4ABE1589BE32FEC5B39117F9D31772D82144B95C5ECCCB787962,611
"source/upstream-07ecb7cf/Mage.Client/release/sample-decks/2013/Standard/DailyMTG with M14/Flashmaster's Lifegain Midrange.dck",42A5E37E751680E07BDC2FAF82DA369570622F36CB198974931619DABCF09370,552
"source/upstream-07ecb7cf/Mage.Client/release/sample-decks/2013/Standard/DailyMTG with M14/Gabe Magee's Exava's Pet.dck",79C9E901369D179EED93F68E760DBF1A9EC5D86806B61BB073283BB98A3B68D3,476
"source/upstream-07ecb7cf/Mage.Client/release/sample-decks/2013/Standard/DailyMTG with M14/Gavin Verhey's (512) Heads of Summer.dck",3B51400CA60F7873484E9767A1EE42AB4925EA184246E7BF8BF83B5A398997E5,525
"source/upstream-07ecb7cf/Mage.Client/release/sample-decks/2013/Standard/DailyMTG with M14/Gordon Smith's Battledriver Naya.dck",9DE1B77FE357A638004CC79D76F4D379CAE641FA97366C871D15E28916F32C79,649
"source/upstream-07ecb7cf/Mage.Client/release/sample-decks/2013/Standard/DailyMTG with M14/Joe Lawton's RWU Tokens.dck",C0B110613A88FCE5C9F776509901EC299AD22D2CCDBE083F4DBF455327D40696,529
"source/upstream-07ecb7cf/Mage.Client/release/sample-decks/2013/Standard/DailyMTG with M14/Johnnie Alexandro's Battledriver Burn.dck",4C4473A6850AC583CCD749D4F29BD0DBE14D16D517B8D950AE0FD877A8AB8A4C,343
"source/upstream-07ecb7cf/Mage.Client/release/sample-decks/2013/Standard/DailyMTG with M14/Laurids's One Man's Bread.dck",61695D6DA9A8B7ED69C74116BE8E15CC6B517497E023B5B551ACF614BE0AA02B,642
"source/upstream-07ecb7cf/Mage.Client/release/sample-decks/2013/Standard/DailyMTG with M14/Michael Steidl's Planeswalker Control.dck",83C185FB3AE1F59F8DD1FF6830FBE9043614683B03091288955505E50B5F3324,675
"source/upstream-07ecb7cf/Mage.Client/release/sample-decks/2013/Standard/DailyMTG with M14/Paul Wilhelm's Orzhov Enchantments.dck",2CAD4D9CD5B7C6EDF6052A5FA33F7E0B9F05246BCCB8E0E84DC0E9B2BC764130,411
"source/upstream-07ecb7cf/Mage.Client/release/sample-decks/2013/Standard/DailyMTG with M14/Tan Sze Choon's Zombie Prophecy.dck",9C05AAEFFF994CB5E0232992DF177D60DAB05379AE7E76B4EE6BD6751836DC1C,511
"source/upstream-07ecb7cf/Mage.Client/release/sample-decks/2013/Standard/GP Guadalajara (May 26)/Andres Martinez's Reanimator.dck",D9F6466C8D23B8E9841C7173537C79E980614036754A901FACA1673CC59713EB,882
"source/upstream-07ecb7cf/Mage.Client/release/sample-decks/2013/Standard/GP Guadalajara (May 26)/Emiliano Sanchez's Reanimator.dck",7F51169FD6F5190EAABE548980BC6DC97625015ED3ABE5457DB097754C4AE15A,979
"source/upstream-07ecb7cf/Mage.Client/release/sample-decks/2013/Standard/GP Guadalajara (May 26)/Emmanuel Ramirez's Reanimator.dck",52974EC67C8B333FE6548B32B140D41782BC29ABA3087C732BE7E8FAB7054229,831
"source/upstream-07ecb7cf/Mage.Client/release/sample-decks/2013/Standard/GP Guadalajara (May 26)/Juan Carlos Castillo Mata's Aristocrats.dck",B3F2DD526622876180CBF180885B10A9793FF53006F772D0E101832A577C247D,891
"source/upstream-07ecb7cf/Mage.Client/release/sample-decks/2013/Standard/GP Guadalajara (May 26)/Ken Yukihiro's Domri Naya.dck",D26A5C81C794733ECC091CB4E364B154BB3A1F3E22C807BD9E15FEF90472D1BC,720
"source/upstream-07ecb7cf/Mage.Client/release/sample-decks/2013/Standard/GP Guadalajara (May 26)/Manuel Monge Hernandez's Reanimator.dck",59B9847AE1BD1C335734420EC29DE6DFFB705DE27A7C9EA609C402A075DD2170,883
"source/upstream-07ecb7cf/Mage.Client/release/sample-decks/2013/Standard/GP Guadalajara (May 26)/Mervyn Gonzalez's Gruul Blitz.dck",0AB40C812AEBBC59B50F722B4222A6997A0BC5DB99D5E64DFF72978857327E41,674
"source/upstream-07ecb7cf/Mage.Client/release/sample-decks/2013/Standard/GP Guadalajara (May 26)/Willy Edel's Domri Naya.dck",45638A7E743CA9175144B6AE0AF992E0B28A8009CD04BD9AB16EF4BD8B89E96C,824
"source/upstream-07ecb7cf/Mage.Client/release/sample-decks/2013/Standard/GP Quebec City/Derek Foot's Jund Aggro.dck",E01DFBB1F7399FF19BC124311182B9BC9FEDF439284317E293A8CE3BD6520C4F,779
"source/upstream-07ecb7cf/Mage.Client/release/sample-decks/2013/Standard/GP Quebec City/Felipe Tapia Becerra's Jund Zombies.dck",12C00BE36E7C65C5F61C1B566FBE5FF8BD5244F34398D2005EFD7456FCC5C1DB,768
"source/upstream-07ecb7cf/Mage.Client/release/sample-decks/2013/Standard/GP Quebec City/Frederic Mercier's Esper Control.dck",F448905D31DC7B037C36F7ACF7187163BD330A21CDA5F1B86F1E0316BE171EBD,846
"source/upstream-07ecb7cf/Mage.Client/release/sample-decks/2013/Standard/GP Quebec City/Justin Cheung's UWR.dck",72DC4156D4032C39892AFE077E60D44ED7EC36E5B8FBDF6917A87A61AF51173F,892
"source/upstream-07ecb7cf/Mage.Client/release/sample-decks/2013/Standard/GP Quebec City/Maxime Cantin's Jund Control.dck",B699060DE7DC21203F27266C51017C37F45A4FEABC5F15A62C779D7535373811,879
"source/upstream-07ecb7cf/Mage.Client/release/sample-decks/2013/Standard/GP Quebec City/Nico Christiansen's Naya Humans.dck",A49C9C5EE368A5E8E7B662A8AB461E5BE94EA29684320F3D0736BFDD729160C3,719
"source/upstream-07ecb7cf/Mage.Client/release/sample-decks/2013/Standard/GP Quebec City/Reid Duke's Jund.dck",764D85B8CFC8D6F7C78296113F8215A980F5F570C318B3B63401915664D734AC,998
"source/upstream-07ecb7cf/Mage.Client/release/sample-decks/2013/Standard/GP Quebec City/Sebastian Bilodeau's Wolf Run Bant.dck",5C67218942208970D85FBB8EC6C60B1DEF9FF193B29AA7397BD3BBE798CFADEC,981
"source/upstream-07ecb7cf/Mage.Client/release/sample-decks/2013/Standard/GP Quebec City/Thomas Holzinger's BWR Aristocrats.dck",B26683202CA83273512BFEB73133DEB53881189B56F4D585806DAC6A16BBACB3,939
"source/upstream-07ecb7cf/Mage.Client/release/sample-decks/2013/Standard/GP Quebec City/Tzu Ching Kuo's Undercity Reanimator.dck",AC188D800331C57BC82885E457F7828918974791BB63E7333D2B8ED464460CAE,741
"source/upstream-07ecb7cf/Mage.Client/release/sample-decks/2013/Standard/GP Quebec City/Wenzel Krautmann's Humans.dck",3570187B46E024F5682CD7F7E28B07472C18540AF1AB03150688D9E0DD69B102,834
"source/upstream-07ecb7cf/Mage.Client/release/sample-decks/2013/Standard/GP Quebec City/Wilson Wong's Jund.dck",3C02803A84C95FCFF97FFDC7D82DB8B4C5905F2F82036158A88E4726C71DEE60,1071
"source/upstream-07ecb7cf/Mage.Client/release/sample-decks/2013/Standard/GP Verona/Andreas Nilsson's Rakdos.dck",5E4727D3E395DE8204C5133E9348EE637896F04EB1350638123E9D9ECC02E0C3,760
"source/upstream-07ecb7cf/Mage.Client/release/sample-decks/2013/Standard/GP Verona/Jeremy Dezani's Jund Midrange.dck",2C1D7DD0360CA5FFBF946AD89C8C07B8D82DB00B5D53D81FE8B80FCA46A97C1A,976
"source/upstream-07ecb7cf/Mage.Client/release/sample-decks/2013/Standard/GP Verona/Max Schultze's The Legion (UWR Reckoner).dck",60431939E47470B450BFE2C942A62ABD4A7CBF31668F07274C8D827B5758106C,954
"source/upstream-07ecb7cf/Mage.Client/release/sample-decks/2013/Standard/GP Verona/Mike Krasnitski's Junk Reanimator).dck",A9CB1583B6519ADC8CF14A00792F85D4B1743401DD23B0E0EE8CDF39F660F15A,769
"source/upstream-07ecb7cf/Mage.Client/release/sample-decks/2013/Standard/GP Verona/Piotr Wald's UWR.dck",5FB48657265459BA8360BC57A5F876CAB3DC4EF31E79E17C106CECA00B83E872,945
"source/upstream-07ecb7cf/Mage.Client/release/sample-decks/2013/Standard/GP Verona/Samuele Estratti's Zoo.dck",C422322B06166CDB80BAC6B01B8EAC106BD557C906A15B3E5B92A1CDC07520B1,754
"source/upstream-07ecb7cf/Mage.Client/release/sample-decks/2013/Standard/GP Verona/Shahar Shenhar's Jund Midrange.dck",D50A82EA2C81B8D08E952D67F59BD39073655743BDB4617C9E546A8781A6C0C6,957
"source/upstream-07ecb7cf/Mage.Client/release/sample-decks/2013/Standard/GP Verona/Toni Ramis Pascual's Human Reanimator.dck",5379AA28FD826611D9EC748EA6D73AAC2D07AF852AAE87C4C2D3F96965F06395,843
"source/upstream-07ecb7cf/Mage.Client/release/sample-decks/2013/Standard/MTGO/Junk Rites by reiderrabbit.dck",FB9E1F162FD3E40DA362F19AA8690D3945EC70B36870E223052DB0DE6E694755,957
"source/upstream-07ecb7cf/Mage.Client/release/sample-decks/2013/Standard/SCG Richmond Open/AJ Sacher's WB Humans.dck",5ACF0E1A88271F7DD34DA8C294DD11626D6DDE0D9ADA55B01F20AFB84FDA6C54,808
"source/upstream-07ecb7cf/Mage.Client/release/sample-decks/2013/Standard/SCG Richmond Open/Andrew Boswell's Jund Midrange.dck",521A29D05F7870596DD24FC9C2B52139C0BA03308BA70FDAB209EB87E09D91DB,920
"source/upstream-07ecb7cf/Mage.Client/release/sample-decks/2013/Standard/SCG Richmond Open/Joshua Cross's Naya Midrange.dck",6FCD25403A7CB7626C24DD27051EDE32E4D1FE2D09EDA518043066CF797CDB93,936
"source/upstream-07ecb7cf/Mage.Client/release/sample-decks/2013/Standard/SCG Richmond Open/Joshua Everly's Mono-White Humans.dck",0B12272ADE764942727BA74015CA372A13F7B833CC0DAC54DE55C493BB25A23A,717
"source/upstream-07ecb7cf/Mage.Client/release/sample-decks/2013/Standard/SCG Richmond Open/Richard Nguyen's Mono-Green Aggro.dck",8AC8C7E756753C7694A4E6040BEF715CDD0AE48DC73B491995447C15AE44A625,597
"source/upstream-07ecb7cf/Mage.Client/release/sample-decks/2013/Standard/SCG Richmond Open/William Jensen's UWR Flash.dck",1DA621333E786ADE182A0B75C8E7705804E76A59454982C959719B7C20C4F7F3,853
"source/upstream-07ecb7cf/Mage.Client/release/sample-decks/2013/Standard/Star City Games/Aaron Barich's Naya Aggro.dck",008402DCC31AA8C480389CF9E8BDF54E16E5B5CCC1882E51B0ACC53F147B725D,688
"source/upstream-07ecb7cf/Mage.Client/release/sample-decks/2013/Standard/Star City Games/Andy Sipka's Esper Control.dck",2551A89A0ED8F924AB391D771E981FE27B7C72879C58987D254037B92287C1C8,844
"source/upstream-07ecb7cf/Mage.Client/release/sample-decks/2013/Standard/Star City Games/Colin Chilbert's RUG Delver.dck",8F58AF9A2F388F98AD855E80FF4454D0D1D2575D9739167E29C9F2B9A07AEF64,757
"source/upstream-07ecb7cf/Mage.Client/release/sample-decks/2013/Standard/Star City Games/Craig Wescoe's WR Aggro.dck",DD8A3CBFBD16A0D199AF45B25559DBBD880F0D98511C6CD215CFADDB77B2E8F0,799
"source/upstream-07ecb7cf/Mage.Client/release/sample-decks/2013/Standard/Star City Games/Will Dean's Fog Gate.dck",9167B6B46C0CEFB4CE6EB04E4A7F47B9EC59EA0081D4529DC97B896DC4C8E766,929
"source/upstream-07ecb7cf/Mage.Client/release/sample-decks/2014/Event Decks/[Modern] March of the Multitudes.dck",2330696A4081513122E7EE7039437B2AE89D120D899DB3AA2D6A789A42DACA56,788
"source/upstream-07ecb7cf/Mage.Client/release/sample-decks/2014/Into packs/[JOU] Fates Foreseen.dck",58AEA43921EC5B5003B0B06672FF853341A815EECDF11E84F1B6C736D04761F2,923
"source/upstream-07ecb7cf/Mage.Client/release/sample-decks/2014/Into packs/[JOU] Mortals of Myth.dck",EFAD3D38D695454D4D4A548B2A277818A908ABDAFA8A732B843EBBB4ABB0F73D,891
"source/upstream-07ecb7cf/Mage.Client/release/sample-decks/2014/Into packs/[JOU] Pantheon's Power.dck",7F3B029927EA73FC97A3AD2E71F05336D845401994B28654BCC37284019D0ED1,871
"source/upstream-07ecb7cf/Mage.Client/release/sample-decks/2014/Into packs/[JOU] The Wilds and the Deep.dck",CE2780BDB382178FBFBDF1F40846577EB12DE4E33291D6FF0E8FC47D58B9B6C8,919
"source/upstream-07ecb7cf/Mage.Client/release/sample-decks/2014/Into packs/[JOU] Voracious Rage.dck",FEA162526C8549D812096666DDE13443AD2DFC2A69372F3DC29B5DEE001977DA,858
"source/upstream-07ecb7cf/Mage.Client/release/sample-decks/2014/Legacy/Championship Philadelpia/Anthony Loman's Reanimator.dck",31BBBC33CC3915DC042F0D0F90F0691D25E92E38801339B2E7EA2FBB4099F2CA,929
"source/upstream-07ecb7cf/Mage.Client/release/sample-decks/2014/Legacy/Championship Philadelpia/David Tipton's Blue-Red Delver.dck",4BC1D68E5623C2E431AEEA26F78292D2092B26282B262992B8335AB6597FBC25,755
"source/upstream-07ecb7cf/Mage.Client/release/sample-decks/2014/Legacy/Championship Philadelpia/Derek Reda's Esper Deathblade.dck",24B15B77EC7D27BF1C639DB5D6DC40A6D744DC8C1D25CDA521118E93F27AA67D,1018
"source/upstream-07ecb7cf/Mage.Client/release/sample-decks/2014/Legacy/Championship Philadelpia/Eric De Luca's Sultai Delver.dck",D5403D50F387C9CBE24EECE6B9D272F28508DA9B967C75E58EEE4A49C7CDE910,880
"source/upstream-07ecb7cf/Mage.Client/release/sample-decks/2014/Legacy/Championship Philadelpia/Eric Markowicz's Jeskai Delver.dck",2643B0886EC1519A166AEF1CF0FC8252D18B4485C2D97510AF03C70FC3603379,889
"source/upstream-07ecb7cf/Mage.Client/release/sample-decks/2014/Legacy/Championship Philadelpia/Frank Kelly's Blue-Red Delver.dck",C43BE0E45CF40FE15F050D1A6AE64E75A08F1D247BD834327FE0F05F3EC90CAD,862
"source/upstream-07ecb7cf/Mage.Client/release/sample-decks/2014/Legacy/Championship Philadelpia/JD Nir's Ad Nauseam.dck",998567A1FDF756C14CE1DFEBD6AAAB26287850BE5E01AD57BB462AB0A438DE5B,803
"source/upstream-07ecb7cf/Mage.Client/release/sample-decks/2014/Legacy/Championship Philadelpia/Jeremy Fehon's Blue-Red Delver.dck",4242514989F22BD0432D6E6425E495F088D7105BF69C1AC772E496C0A4667E97,794
"source/upstream-07ecb7cf/Mage.Client/release/sample-decks/2014/Legacy/Championship Philadelpia/John Gatza's Lands.dck",48FDED9CD5716420DBAAC0B181E3B205B6D0A199638A38BD3AC44EDF596028AC,903
"source/upstream-07ecb7cf/Mage.Client/release/sample-decks/2014/Legacy/Championship Philadelpia/John Grudzina's Jeskai Delver.dck",DC04C4FC753C94A5C07498E5697ED0501F4E8FC17EE569D6047FFA87A9D1DCF8,880
"source/upstream-07ecb7cf/Mage.Client/release/sample-decks/2014/Legacy/Championship Philadelpia/Jon Goss's Esper Deathblade.dck",A77972CC5392744A3E641548F1562ABB2775B38784A5179FC8ED53FF5088DFC5,1131
"source/upstream-07ecb7cf/Mage.Client/release/sample-decks/2014/Legacy/Championship Philadelpia/Kevin Jones's Blue-Red Delver.dck",2A7F13F15D30A631ABC52041263CF6038E11A4ECBE27EE6555F50A59B307ECCA,874
"source/upstream-07ecb7cf/Mage.Client/release/sample-decks/2014/Legacy/Championship Philadelpia/Louis Fata's Death and Taxes.dck",545DD6E6A7BFA4B9AC447C567C16FFA335D72589A91E91C4712DA970585C83C7,812
"source/upstream-07ecb7cf/Mage.Client/release/sample-decks/2014/Legacy/Championship Philadelpia/Marc Bertolin's Temur Delver.dck",DD6D3D5A093B58DC02544C96411591EBD6DC14553C04FDB3168BF200E2D2779F,747
"source/upstream-07ecb7cf/Mage.Client/release/sample-decks/2014/Legacy/Championship Philadelpia/Michael Monks's Pox.dck",5633170AA8BC55F4737C34CC48A854B51A85D198577746038B493851CDD0F5E3,970
"source/upstream-07ecb7cf/Mage.Client/release/sample-decks/2014/Legacy/Championship Philadelpia/Michael Scheffenacker's Blue-Red Delver.dck",4CBA46F502EEDADD927D7751FB7F586B3BEF6C630044558B442EF8AF8B537A07,739
"source/upstream-07ecb7cf/Mage.Client/release/sample-decks/2014/Legacy/Championship Philadelpia/Mike Midiri's Elves.dck",5EA27C70387AE7B34C4F06340BCB85B30B217A1B786A57EA598BE907BE695B16,903
"source/upstream-07ecb7cf/Mage.Client/release/sample-decks/2014/Legacy/Championship Philadelpia/Nate Sturm's Punishing Maverick.dck",C3FF757A2D458F90A1D2B92A2526463691BEFC0B0C5E25F202090C3E91EE73D5,1236
"source/upstream-07ecb7cf/Mage.Client/release/sample-decks/2014/Legacy/Championship Philadelpia/Nicholas DiJohn's Miracles.dck",8AAC51FD29D398463F405E5B0EBBB8F8CBC28202A82A6AC27F1CC9A2921E496B,1055
"source/upstream-07ecb7cf/Mage.Client/release/sample-decks/2014/Legacy/Championship Philadelpia/Pat Fehling's Deathblade.dck",A75828B46BC180D4155BF4B4E47E996645AC8B3FF9EBD0620DE9CED57FD61CEA,1037
"source/upstream-07ecb7cf/Mage.Client/release/sample-decks/2014/Legacy/Championship Philadelpia/Ralph Betesh's Temur Delver.dck",6FA9673B9B6359244ECA3F9A870BCF6A8241E322BE6B9610CDCCB1A1D6DCB1C4,875
"source/upstream-07ecb7cf/Mage.Client/release/sample-decks/2014/Legacy/Championship Philadelpia/Reid Duke's Miracles.dck",FF9BC00CC1427E228AACF62828E9E448A695AC8FD52366B1FEC0BEF7B5F7E8CC,992
"source/upstream-07ecb7cf/Mage.Client/release/sample-decks/2014/Legacy/Championship Philadelpia/Rodrigo Togores's Ad Nauseam Tendrils.dck",F85B77F2256F87F5C97EA8F079F1F8D2D243352C08AE02FB608C9375EE36ECCA,850
"source/upstream-07ecb7cf/Mage.Client/release/sample-decks/2014/Legacy/Championship Philadelpia/Scott Waldron's Blue-Red Delver.dck",EA60CC6333EE7AEE4538A14A4F3F1D09335EC2E4FCB21FAABCA4EFA86B21E37F,779
"source/upstream-07ecb7cf/Mage.Client/release/sample-decks/2014/Legacy/Championship Philadelpia/Stephen Harvey's Reanimator.dck",A2B22E0F90785AD212CE89ABCCDC6FF783D49CDE36E88EF571FCF8BCC86AB248,932
"source/upstream-07ecb7cf/Mage.Client/release/sample-decks/2014/Legacy/Championship Philadelpia/Wang Zixi's Deathblade.dck",A39458829F7E20257D77EB719614093D9853DF2FA37205320412737836430566,1084
"source/upstream-07ecb7cf/Mage.Client/release/sample-decks/2014/Legacy/Championship Philadelpia/Xin Sui's Shardless Sultai.dck",95D80F1A946DE840D0CA502E4A5EA15FBBEAF00A8C490D4478AAA257CB986331,895
"source/upstream-07ecb7cf/Mage.Client/release/sample-decks/2014/Legacy/Championship Philadelpia/Zach Dobbin's Helmerator.dck",A937C8689D4DFD56007AB5E8DEB4FCF568F7883C93B6891B415B2EE8B7070821,1117
"source/upstream-07ecb7cf/Mage.Client/release/sample-decks/2014/Legacy/Championship Philadelpia/Zack Mullin's Miracles.dck",BADB5E1029818B7A102E3B14264042BE1BAC9D5DDDC2497AFD91C3D7108A5C58,1086
"source/upstream-07ecb7cf/Mage.Client/release/sample-decks/2014/Legacy/GP Paris/Javier Dominguez's BUG Delver.dck",CEC6AA003FBD134BACA3F8B0B5367EE1FF8C23335D0FF9D3682046F23EA1B987,942
"source/upstream-07ecb7cf/Mage.Client/release/sample-decks/2014/Legacy/GP Paris/Jean-Mary Accart's Imperial Painter.dck",C93A98562277E934AE2E9A199CFCABEC33182D8986CB06691213A5686054BCF3,1028
"source/upstream-07ecb7cf/Mage.Client/release/sample-decks/2014/Legacy/GP Paris/Jose Manuel Fernandez Castello's BUG Delver.dck",D4BCF33C2F3B5DF54192B3E287D243A7B9E25A5ADEC149DB355BDEC47AE7BA9A,769
"source/upstream-07ecb7cf/Mage.Client/release/sample-decks/2014/Legacy/GP Paris/Loic Le Briand's Reanimator.dck",82CE97039780179C9A685911C77F7F96140E4B05905458AF93A37C8188C9289D,867
"source/upstream-07ecb7cf/Mage.Client/release/sample-decks/2014/Legacy/GP Paris/Maxime Gilles' UWr Miracles.dck",4DA3C681CC8B173B8125A6F441BCF257F9B8840EF902573EA9FBD3DB7CC8B5B6,1041
"source/upstream-07ecb7cf/Mage.Client/release/sample-decks/2014/Legacy/GP Paris/Paulo Vitor Damo da Rosa's UWr Miracles.dck",0FB198621891F6109856859B4B5E99A0CF115D78A1DBDD4EE1C88F90CC5D8BDD,949
"source/upstream-07ecb7cf/Mage.Client/release/sample-decks/2014/Legacy/GP Paris/Philipp Schonegger's Miracles.dck",2898F38C0A76581A7C2AD1A3B3636CA4259BC5D32F553BAD39874F8A6D57BFA4,833
"source/upstream-07ecb7cf/Mage.Client/release/sample-decks/2014/Legacy/GP Paris/Stefan Bottcher's Deathblade.dck",C086058A5A347670E059DDD65AAFB8E1DEB4B70BDAA7FA009D500F9C2A2FA468,1141
"source/upstream-07ecb7cf/Mage.Client/release/sample-decks/2014/Modern/DailyMTG Top Decks/Bo Sun's Burn.dck",663416608C74408E3CCF8E8CEF03678371B43243309D23A660398EE29EE0C1EA,648
"source/upstream-07ecb7cf/Mage.Client/release/sample-decks/2014/Modern/DailyMTG Top Decks/LSV's UR Delver.dck",30C712D9D1CAED9ED353CFFADB66EBD3AFFA5C355A572644DC646F53CE09EA49,883
"source/upstream-07ecb7cf/Mage.Client/release/sample-decks/2014/Modern/DailyMTG Top Decks/Shouta, Agent of Bolas.dck",AE39237450932B9D0FAF0D4A84C373775E78FEDB7382FACEE3A716072C80BB8A,1004
"source/upstream-07ecb7cf/Mage.Client/release/sample-decks/2014/Modern/DailyMTG Top Decks/Teruya Kakumae's Burn.dck",33CD6260E4A141BC1630177DDD77F0A3D8F9C6A0A12D30FFF97A75A6D3AE74A0,584
"source/upstream-07ecb7cf/Mage.Client/release/sample-decks/2014/Modern/DailyMTG Top Decks/Yuusei Gotou's Affinity.dck",7F744DA0873E259B83145D9C2C6E56AD143C42E805261DE8E6D71AE1CA5D0AD0,699
"source/upstream-07ecb7cf/Mage.Client/release/sample-decks/2014/Modern/GP Minneapolis/Trial Winning Decklists/Affinity - Alex Ledo.dck",434EDBA9427EFF399460883D0AD0C47CDA363F328ACA4029AEB04155C3143B98,749
"source/upstream-07ecb7cf/Mage.Client/release/sample-decks/2014/Modern/GP Minneapolis/Trial Winning Decklists/Cruel Control - Jeremiah Duggan.dck",AB4D7F0AA33B8B87AD961B683C5140846C9F4EAB838704989158E133486B9F9B,1134
"source/upstream-07ecb7cf/Mage.Client/release/sample-decks/2014/Modern/GP Minneapolis/Trial Winning Decklists/Cruel Control - Scott Lewis.dck",D644CFB475780787CF33B26A096446BD3CC8ABE50829AB72C21E18C490F27B9A,1235
"source/upstream-07ecb7cf/Mage.Client/release/sample-decks/2014/Modern/GP Minneapolis/Trial Winning Decklists/Mono-Red Burn - Eric Rath.dck",7C1F3B5444E42AEC768524BA491DCE7D4B7C51825EED692560484EEA1EEE49A5,575
"source/upstream-07ecb7cf/Mage.Client/release/sample-decks/2014/Modern/GP Minneapolis/Trial Winning Decklists/RG Tron - Jacob Wilson.dck",73B30A3623720966717650A165A7F8A78D04D5664F8E38F8537198A48F9BCE2F,743
"source/upstream-07ecb7cf/Mage.Client/release/sample-decks/2014/Modern/GP Minneapolis/Trial Winning Decklists/Soul Sisters - Chris Folk.dck",1FE849FC0F48C3A0C4629B7F86E2407471099EC258DB070CE84605529BF1C523,709
"source/upstream-07ecb7cf/Mage.Client/release/sample-decks/2014/Modern/GP Minneapolis/Trial Winning Decklists/Tribal Zoo - Billy Hahn.dck",CE9D2821DF0769960AFB9208AB0406839A1D6548DD54A48ECCB6E29927B5076D,1023
"source/upstream-07ecb7cf/Mage.Client/release/sample-decks/2014/Modern/GP Minneapolis/Trial Winning Decklists/White-Black Tokens - Jason Wrisley.dck",D17DB8CD5BCE8F6A9770B885253CC9A8B70EB9EDEACA336CE729147BF65BD614,761
"source/upstream-07ecb7cf/Mage.Client/release/sample-decks/2014/Modern/GP Minneapolis/Trial Winning Decklists/White-Black-Red Burn - Phillip Gorz.dck",0019F3F92E6DC5CAD51F79A232633701C206698F0532C1F7CB941FA17424DE61,1015
"source/upstream-07ecb7cf/Mage.Client/release/sample-decks/2014/Modern/GP Minneapolis/Trial Winning Decklists/White-Blue Tron - Kirby Kaufman.dck",A90C09177EFBB0789C9EC18FC00669E6A63E0752859B77ACB327CE48F4A1BE06,1237
"source/upstream-07ecb7cf/Mage.Client/release/sample-decks/2014/Modern/GP Richmond/James Cady – UWR Splinter Twin.dck",FFB5701A347780C9FE91F1757E001FC29FBEFE5AE741C0BF8E89772E7E1834B4,800
"source/upstream-07ecb7cf/Mage.Client/release/sample-decks/2014/Modern/MTGO Reconstructed/Casting Emrakul on Turn Three/Adam Minniear's Pox-Rock.dck",ADF10E17431B0932685C362E75251068853156B322A8695E82A42823FC305B23,581
"source/upstream-07ecb7cf/Mage.Client/release/sample-decks/2014/Modern/MTGO Reconstructed/Casting Emrakul on Turn Three/Austin B's Gifts Vine.dck",1830C0EE207D25EDE5EFF2EF0A13217FBE51EDF69CE88DC0A4FA6E90359A8568,826
"source/upstream-07ecb7cf/Mage.Client/release/sample-decks/2014/Modern/MTGO Reconstructed/Casting Emrakul on Turn Three/Dawn's GW Hatebears.dck",85B7AD524D3CB8F91D7042D1747D77D90037697EF08B786CFEE02BFA22CCE034,593
"source/upstream-07ecb7cf/Mage.Client/release/sample-decks/2014/Modern/MTGO Reconstructed/Casting Emrakul on Turn Three/Ethan Raffman's Beck Elves.dck",435E33B78A33B72BA324A875BAA506675114586358CCA5B8FC5E4D52949BB9A9,513
"source/upstream-07ecb7cf/Mage.Client/release/sample-decks/2014/Modern/MTGO Reconstructed/Casting Emrakul on Turn Three/Gabriel Flores's Boros Burn.dck",3F5B4FB80065CE15B7DA32B3D74700E163FC70290237DD94A98270D7CFDAF88C,447
"source/upstream-07ecb7cf/Mage.Client/release/sample-decks/2014/Modern/MTGO Reconstructed/Casting Emrakul on Turn Three/Gavin Verhey's Sun of Emrakul.dck",E032C450ED05A9A4846225A1A2B28C04D1104A5532EC4156B29C95334B19B858,613
"source/upstream-07ecb7cf/Mage.Client/release/sample-decks/2014/Modern/MTGO Reconstructed/Casting Emrakul on Turn Three/George Wolfe's Faerie Jump.dck",60BB490F4C2D7FF468FDB28DBD87658D74EA66815F431373C28BE5080D757E24,630
"source/upstream-07ecb7cf/Mage.Client/release/sample-decks/2014/Modern/MTGO Reconstructed/Casting Emrakul on Turn Three/Kyle Casey's Eldrazi Fist.dck",0BAF80DC1312B972DB764C2E460DBADE897E0027768C48CC398BCEA2010AC93C,651
"source/upstream-07ecb7cf/Mage.Client/release/sample-decks/2014/Modern/MTGO Reconstructed/Casting Emrakul on Turn Three/Scott Morgan's Seismic Red Control.dck",3F0B13B9BD726CDE72F8E799430EDB45DB153BB3B3CD9F1F65AEE99893D54054,552
"source/upstream-07ecb7cf/Mage.Client/release/sample-decks/2014/Modern/MTGO Reconstructed/Casting Emrakul on Turn Three/Scott Whitty's PyroBlossom.dck",3933F33E527D7E4353B45B78E590AF98085771CBD46AFFBF3E7F6FC70F3ABDA3,563
"source/upstream-07ecb7cf/Mage.Client/release/sample-decks/2014/Modern/MTGO Reconstructed/Casting Emrakul on Turn Three/Shao Middle's Time Lords.dck",630EE30A2616B83D401D81AAF5FEFEBFCF9C94E1DD2593A901F497CC1EACD2DF,617
"source/upstream-07ecb7cf/Mage.Client/release/sample-decks/2014/Modern/MTGO Reconstructed/Casting Emrakul on Turn Three/Walter McManigal's Heroic Storm.dck",7823DB301FB7A7F9319AFE3E988C6D26E06EA952C517404FC7F79D9172E15825,549
"source/upstream-07ecb7cf/Mage.Client/release/sample-decks/2014/Modern/MTGO Reconstructed/Modern Magic 2015 Mayhem/Gavin Verhey's A New Kind of Robots.dck",12CEDC53ED7EC5C3D92D289B1AB1888FE4E805A620227838BFF6BE9A7D99819E,439
"source/upstream-07ecb7cf/Mage.Client/release/sample-decks/2014/Modern/Perilous Research/Gods of the Game/LordCommanderSnow's Amulet Hive Mind.dck",774381A04F8522D194FF4D25C621983B7E404A17FB1D332B5E5B136F8A1B4C0B,1082
"source/upstream-07ecb7cf/Mage.Client/release/sample-decks/2014/Standard/DailyMTG Perilous Research/Andrew Shrout's Selesnya Aggro.dck",FB6C3B61C34A354AC5E88467A87FFC43E9046443F0C00B18F6C15D3366798657,656
"source/upstream-07ecb7cf/Mage.Client/release/sample-decks/2014/Standard/DailyMTG Perilous Research/Brandon Nelson's Esper Corgis.dck",DEEBDD140DB0E24888B31C2F9380265052452704AEA7477622B7B01AA8C25859,940
"source/upstream-07ecb7cf/Mage.Client/release/sample-decks/2014/Standard/DailyMTG Perilous Research/Brian Braun-Duin's Red-Green.dck",5612F1B97E0B8898D28AABF29B51F456D09AA3A7AB92D3DC84758C97685C9DFC,752
"source/upstream-07ecb7cf/Mage.Client/release/sample-decks/2014/Standard/DailyMTG Perilous Research/Owen Turtenwald's Black Devotion.dck",354008ABAD881E32A5E45E4DBC9417C3A99B4C166BBECA0FD184E36417E4EF27,532
"source/upstream-07ecb7cf/Mage.Client/release/sample-decks/2014/Standard/DailyMTG Perilous Research/Raymond Perez's Blue Devotion.dck",8CB81DB373AD60FAF244B70E3BBB5A5EFC8D999AEC066FF3787A70116B28A5D5,737
"source/upstream-07ecb7cf/Mage.Client/release/sample-decks/2014/Standard/DailyMTG Perilous Research/William Jensen's Azorius Control.dck",64ACDAE2753EADE0891DB6C284CE0FE98ADF2B2FB076AD5ED3202396F56F8B75,743
"source/upstream-07ecb7cf/Mage.Client/release/sample-decks/2014/Standard/DailyMTG Reconstructed/The Ephara Side/AJ Owenss's Bant Control.dck",5C8E95820F89EE9E5776B01A74617965999FCE600E7D70DB047CE3563E0C2891,601
"source/upstream-07ecb7cf/Mage.Client/release/sample-decks/2014/Standard/DailyMTG Reconstructed/The Ephara Side/Aske's Followers of the Bracers.dck",1343C7F580F87860FF890575F22D7DAF9516BF2D504C6C26C8D491AA252EB3E3,559
"source/upstream-07ecb7cf/Mage.Client/release/sample-decks/2014/Standard/DailyMTG Reconstructed/The Ephara Side/Ben Mitchell's RG Monsters.dck",F49E85D23ED668EDEA78903C5E8206378529CA87C23E55269A273CD9141A4674,527
"source/upstream-07ecb7cf/Mage.Client/release/sample-decks/2014/Standard/DailyMTG Reconstructed/The Ephara Side/Brian Geddes's NeoMachinehead.dck",51F53C950234A077CDD31ED373B03106AE0C766A5675ACD4956F6F46EACFF2A8,477
"source/upstream-07ecb7cf/Mage.Client/release/sample-decks/2014/Standard/DailyMTG Reconstructed/The Ephara Side/Ezra's Pillowfog.dck",CDF3A5D229A70590BCA54CCC0FBD6B596F9C5B12E825AF7C299F1E261F6BCD54,545
"source/upstream-07ecb7cf/Mage.Client/release/sample-decks/2014/Standard/DailyMTG Reconstructed/The Ephara Side/Gavin Verhey's The God Complex.dck",4C55B3FF6AF64BBDF4DA5664E94AFF6534994989E8092D5E1C7A48DBCC609CFB,480
"source/upstream-07ecb7cf/Mage.Client/release/sample-decks/2014/Standard/DailyMTG Reconstructed/The Ephara Side/Hayden's Pyxis of Possibly Planeswalker-Pertaining Pandemonium.dck",DDCE67ECD9BD951A4FA8290D7EA00773AFC2384A1CFF9A2934ED5E7D2BA8F1A4,722
"source/upstream-07ecb7cf/Mage.Client/release/sample-decks/2014/Standard/DailyMTG Reconstructed/The Ephara Side/James Bannan's Az-horse-ious Control.dck",6EF7269A1752F3FF4D88CDF2591D4B2D6274D5040D096F5F30BE7DF88520EEB2,594
"source/upstream-07ecb7cf/Mage.Client/release/sample-decks/2014/Standard/DailyMTG Reconstructed/The Ephara Side/Mark Ian Alloso's Barely Rakdos Humans.dck",E03D74AB5290DBFBB59CFAE9D37E1503D7CB5351B8F792BD548C3495757EDFFB,522
"source/upstream-07ecb7cf/Mage.Client/release/sample-decks/2014/Standard/DailyMTG Reconstructed/The Ephara Side/Yuta Suzuki's Flickering Freak.dck",E500D07DB6BB6AE8681E068C30462C1798CB59F223A98C9387E2947F85BF94BA,613
"source/upstream-07ecb7cf/Mage.Client/release/sample-decks/2014/Standard/DailyMTG ReConstructed Enchantress to Meet You/Ajani Nakano’s Infinite Ajani.dck",1801FC8239199C0F22CCB039E57128168E560CDBD907BC833F5762B34F77EC71,621
"source/upstream-07ecb7cf/Mage.Client/release/sample-decks/2014/Standard/DailyMTG ReConstructed Enchantress to Meet You/Colin Reilly’s Quadruple Strike.dck",986650BB18CBD4681E770DFCAC35CEE001E3C169B8F07B0119A1B8F56677829F,397
"source/upstream-07ecb7cf/Mage.Client/release/sample-decks/2014/Standard/DailyMTG ReConstructed Enchantress to Meet You/Devon Straub’s The One-ders.dck",B9301472A872AB57DE0875A2D7A98AA5E6C1BE578F168A61DAB6460638AD4F3A,438
"source/upstream-07ecb7cf/Mage.Client/release/sample-decks/2014/Standard/DailyMTG ReConstructed Enchantress to Meet You/Gavin Verhey’s Nyxchantress.dck",54514C2376D0CB4AFA86CEFAEA38BC3AED84A28AB17BD3B3188009C219A8D44D,481
"source/upstream-07ecb7cf/Mage.Client/release/sample-decks/2014/Standard/DailyMTG ReConstructed Enchantress to Meet You/Jak Gem's Constellation Recursion.dck",172AF9F1A58E7FA1F4CFE90BC0445E51B13E5858670F0E403552D6C7777CA46A,617
"source/upstream-07ecb7cf/Mage.Client/release/sample-decks/2014/Standard/DailyMTG ReConstructed Enchantress to Meet You/Mahdi Fozi’s UR One-shot combo.dck",F5A78D6BB5310FB2127652141D64597A1D2B6F90339663A1DE69741C98A16D03,406
"source/upstream-07ecb7cf/Mage.Client/release/sample-decks/2014/Standard/GP Stockholm 2014-11/Alexander Pasgaard - Jeskai.dck",95082074CABFB4324B4FE73A7F077D17F802A4D89CA379E26D2BE54CA5ECE3C4,853
"source/upstream-07ecb7cf/Mage.Client/release/sample-decks/2014/Standard/GP Stockholm 2014-11/Christian Seibold - Sidisi.dck",D4AD37E322669869E15E97E586B425BBEA1222AC0E30CA56A403F6622F20FF92,867
"source/upstream-07ecb7cf/Mage.Client/release/sample-decks/2014/Standard/GP Stockholm 2014-11/Einar Baldvinsson - Temur Aggro.dck",C196A79CC506B35EDF61133370EE47BDA58BA57771A43587FE132D3EBFAF3334,896
"source/upstream-07ecb7cf/Mage.Client/release/sample-decks/2014/Standard/GP Stockholm 2014-11/Giovanni Rosi - Mono-red.dck",D00F3E8A9978B9ED714A3C1519B5FEE91C6D96B0B2F8D47567CEFB5D0F2C65F3,560
"source/upstream-07ecb7cf/Mage.Client/release/sample-decks/2014/Standard/GP Stockholm 2014-11/Lukas Blohon - G_B Enchantress.dck",D0947F8DA531F7552FAA8874E64E03FA16E64C1E6FC25F394C5F0CF2E8FB9958,871
"source/upstream-07ecb7cf/Mage.Client/release/sample-decks/2014/Standard/GP Stockholm 2014-11/Matteo Cirigliano - G_B Enchantress.dck",C6D342710426FE30C8E32B6254F65E687292C19BEA40053051E27C65847A0066,804
"source/upstream-07ecb7cf/Mage.Client/release/sample-decks/2014/Standard/GP Stockholm 2014-11/Thiago Rodrigues - Abzan Midrange.dck",531F57C448C41E9FEA5064120506365B67E1C1EDADF8D9FD09A3D854BD6D7D6E,1049
"source/upstream-07ecb7cf/Mage.Client/release/sample-decks/2015/Legacy/Manaless Dredge Example 1.dck",E480DE06D23B3CAEEA02B3AE5CD6AAC83192520C6A649DA996FC492AA620F71A,646
"source/upstream-07ecb7cf/Mage.Client/release/sample-decks/2015/Legacy/Manaless Dredge Example 2.dck",6F4F526BF1F0C0C7D2E473867CC3B27C1EAD4045644F486A42D4D5917FE6271B,627
"source/upstream-07ecb7cf/Mage.Client/release/sample-decks/2015/Legacy/Manaless Dredge Example 3.dck",21FF61F368E55BA1B4DD4C04B8A3D313A07338E58E4052D4CB25EF7BF2F5B601,627
"source/upstream-07ecb7cf/Mage.Client/release/sample-decks/2015/Modern/Gavin Verhey's Greater Dredge.dck",64A181919B54060AF7584C3DE7902FACED6DEBD4CCB42BADF7D7FD480F40B843,652
"source/upstream-07ecb7cf/Mage.Client/release/sample-decks/2015/Modern/Gavin Verhey's Sultai Polymorph.dck",D85C9E6A11B448CAE8491CE72452EAFD641B32770C445B0199412930F8DBD82F,656
"source/upstream-07ecb7cf/Mage.Client/release/sample-decks/2015/Modern/Gavin Verhey's The Hungry Earth.dck",FBF7D92D93582D32A70872367837DC194C122C3E4363740C4480759DFF03B51E,578
"source/upstream-07ecb7cf/Mage.Client/release/sample-decks/2015/Modern/Shuhei Nakamura's Modern Jund.dck",1DEB257AB7FC6E3F38DF3789DAFE8E6722116CA93546CFEF801F5643A6DE71EF,1061
"source/upstream-07ecb7cf/Mage.Client/release/sample-decks/AI/Attack of the Vampires.dck",1CF7E4AE7688A4E13E79D2A05FBE14F6CD51E2E69B89EFAD498C5B6327433265,371
"source/upstream-07ecb7cf/Mage.Client/release/sample-decks/AI/FastRedHaste.dck",B8E9858AE280CEF47DE774E3C216F1473FA6515860F3E43ADC18B16FB4DA475A,2132
"source/upstream-07ecb7cf/Mage.Client/release/sample-decks/AI/Greg Jagger WU Human.dck",4E01A4C3764F43E60329177A2B35377FBFAE0E287F1A62FE6AA4254645E5D823,582
"source/upstream-07ecb7cf/Mage.Client/release/sample-decks/AI/Poison.dck",2EF6876E9E6D1FCF2D70F579DDCA9FD893A77A6F87FBCCE79855C7BD926F2807,2814
"source/upstream-07ecb7cf/Mage.Client/release/sample-decks/AI/White Honor.dck",7A9D7528106FCE51880FA3FF38639F25D95FF3B7BA319E8F9A1550F7987CC739,716
"source/upstream-07ecb7cf/Mage.Client/release/sample-decks/AI/Zombi & Skeleton.dck",B95D1FBE90A6AD2D9A44E7D4242889EB9B01BAF51629497430744F94E7DFD4E3,3298
"source/upstream-07ecb7cf/Mage.Client/release/sample-decks/Commander/Geoff's Daxos of Meletis.dck",34DD4A147287071D265BC23AA7DD45E61AD47CA2B48C45A59104F0A66453EA95,1940
"source/upstream-07ecb7cf/Mage.Client/release/sample-decks/Commander/Tasigur BGU.dck",661B153A21E1C460DF5721BCF0D6478A1D07E4EB3C61D5FE8E9EFBE93BC32738,2627
"source/upstream-07ecb7cf/Mage.Client/release/sample-decks/Commander/Zurgo Helmsmasher RWB.dck",D703AF172E8E9AE4D73DDAB8214BF0D192374FE316F75DAD83DF2851DEC2772C,2646
"source/upstream-07ecb7cf/Mage.Client/release/sample-decks/Commander/Adventures in the Forgotten Realms (2021)/Aura of Courage (GUW).dck",5137E0E79183318F22769DB8B1772D7C9A92134D19DDCCCE54AE79692C2126F8,3528
"source/upstream-07ecb7cf/Mage.Client/release/sample-decks/Commander/Adventures in the Forgotten Realms (2021)/Draconic Rage (RG).dck",80D9AB223DB5C3A7A923EE451FB716D486F3BABD06767F0E277AFF7668FB5AFD,3198
"source/upstream-07ecb7cf/Mage.Client/release/sample-decks/Commander/Adventures in the Forgotten Realms (2021)/Dungeons of Death (BUW).dck",1633781E1A56703522635F30F20F7BF818DE05529B333FFDABAD952FF1986259,3323
"source/upstream-07ecb7cf/Mage.Client/release/sample-decks/Commander/Adventures in the Forgotten Realms (2021)/Planar Portal (BR).dck",94A55868137E95DBB647DA20004508C9C877C5AD6E9B6A06F7F1E0566F097574,3134
"source/upstream-07ecb7cf/Mage.Client/release/sample-decks/Commander/Aetherdrift (2025)/Eternal Might (WUB).dck",34D7E80671EAFEE783A2DA0CE686202B3C95066FD60D9713D4D5941A3D6256ED,3505
"source/upstream-07ecb7cf/Mage.Client/release/sample-decks/Commander/Aetherdrift (2025)/Living Energy (URG).dck",218B2CB47AE2ACDDDECE07D17AC37B3A271F41001F61C30BC518605A46E11F17,3584
"source/upstream-07ecb7cf/Mage.Client/release/sample-decks/Commander/Commander 2011/Counterpunch.dck",70E5951C6094A1E100BEFD62D3B68D6F8E2928D024C9C5ACF6B1CB5D7DB48932,2026
"source/upstream-07ecb7cf/Mage.Client/release/sample-decks/Commander/Commander 2011/Devour for Power.dck",FDCAF86652088423B962FBD52A8137F04DE440C1E001090BB6E26B52DEE8B61F,2279
"source/upstream-07ecb7cf/Mage.Client/release/sample-decks/Commander/Commander 2011/Heavenly Inferno.dck",D5AC066352B4A475C8C28CE3B9B49BEEF762764F4E402653119F2C8DBB0A2DA9,2358
"source/upstream-07ecb7cf/Mage.Client/release/sample-decks/Commander/Commander 2011/Mirror Mastery.dck",A7FA5B50FB98D2EB0AE4064C5528EFEEDDC534043A1AFC64755C55E16E3BF7FC,2213
"source/upstream-07ecb7cf/Mage.Client/release/sample-decks/Commander/Commander 2011/Political Puppets.dck",D60C2A7D1964B2F73532B632DAC98992C89154A20F569067826115A49F238E81,2235
"source/upstream-07ecb7cf/Mage.Client/release/sample-decks/Commander/Commander 2013/Eternal Bargain.dck",4DAD9AA169C486DBDE43FC5CBB70BBFDAA84FC8B623F41A77F4D8CE2A70BC3F9,2297
"source/upstream-07ecb7cf/Mage.Client/release/sample-decks/Commander/Commander 2013/Evasive Maneuvers.dck",DB1FF23C0A134E818871AF30CE1D2AA4198C831C5DCC8B76124C9C698D0CAB3E,2423
"source/upstream-07ecb7cf/Mage.Client/release/sample-decks/Commander/Commander 2013/Mind Seize.dck",225D020A1B9C95E60C6C626B750403740FEB24B71350C115C88973F65DF58E6D,2245
"source/upstream-07ecb7cf/Mage.Client/release/sample-decks/Commander/Commander 2013/Nature of the Beast .dck",11E5562734DB40C443360E5CC011B9D3C0CB11D1C4C73DBE9E55C19D3064DFFC,2457
"source/upstream-07ecb7cf/Mage.Client/release/sample-decks/Commander/Commander 2013/Power Hungry.dck",4138273184364D3C3E4637D9BBBC1DE42C61E2DD98EDB03E1290993FA6EE9FF8,2409
"source/upstream-07ecb7cf/Mage.Client/release/sample-decks/Commander/Commander 2014/Built from Scratch.dck",D6230CC3FB725FB0E717868E5501FE0D8B0E2852ECBBD96E50FACE8BADAC048F,2068
"source/upstream-07ecb7cf/Mage.Client/release/sample-decks/Commander/Commander 2014/Forged in Stone.dck",B0B75FB185D734D931BB1E68349701D24641B88ED859ADDE558CD6399F0CD52C,2030
"source/upstream-07ecb7cf/Mage.Client/release/sample-decks/Commander/Commander 2014/Guided by Nature.dck",826D3D6422B984FDF5C4F07AFE8B2CB90270B292B287C3B78EE350E0619C3A52,2251
"source/upstream-07ecb7cf/Mage.Client/release/sample-decks/Commander/Commander 2014/Peer Through Time.dck",BF4B946412757B6D66B7FD4C46FE10A61C5109EF51B5814A9F38B1B61DEDB23F,2041
"source/upstream-07ecb7cf/Mage.Client/release/sample-decks/Commander/Commander 2014/Sworn to Darkness.dck",79DFBA66BD693E34C08C3535122F7C8255A3BD4B230379965EB84E69867917DA,2065
"source/upstream-07ecb7cf/Mage.Client/release/sample-decks/Commander/Commander 2015/Call the Spirits (WB).dck",5943C03A54C9E30390E81C1C210DBE761D1AC13EA55C1DB638D1E92CE5901C01,2238
"source/upstream-07ecb7cf/Mage.Client/release/sample-decks/Commander/Commander 2015/Plunder the Graves (GB).dck",909C36F308BECF1B5C9EF7C1BE37D1BA5D776C86FC8B133518778AB6387AABB1,2206
"source/upstream-07ecb7cf/Mage.Client/release/sample-decks/Commander/Commander 2015/Seize Control (UR).dck",EFFFAE4FDA4198467247A3E54A6BFBDEAB543462E3CCB7A21FF4CCB121EC5671,2130
"source/upstream-07ecb7cf/Mage.Client/release/sample-decks/Commander/Commander 2015/Swell the Host (GU).dck",9B58ABBA08AA7D7AF91504EF9987045A5A97BE14028707D47DEB3105E63869B7,2219
"source/upstream-07ecb7cf/Mage.Client/release/sample-decks/Commander/Commander 2015/Wade into Battle (RW).dck",82D6F492964B2770B7F3261E12EEE69787D8085E31F7C8AC1C8082F018A40178,2255
"source/upstream-07ecb7cf/Mage.Client/release/sample-decks/Commander/Commander 2016/Breed Lethality (GWUB).dck",5A80EFC3FB943B3510AD1C4AEAA9EC4BD0F8C8476D7BCD84D8F46A5FFDCDC599,2470
"source/upstream-07ecb7cf/Mage.Client/release/sample-decks/Commander/Commander 2016/Entropic Uprising (UBRG).dck",502EE1BB8E35CE8C2BD4838073F20910697F1009B8099936F501E86E92C759A2,2462
"source/upstream-07ecb7cf/Mage.Client/release/sample-decks/Commander/Commander 2016/Invent Superiority (WUBR).dck",39348AFE40FE1D594D49AFBA0FAFAD73E190E8E0FCBD41584CFDD25F2A0169B0,2612
"source/upstream-07ecb7cf/Mage.Client/release/sample-decks/Commander/Commander 2016/Open Hostility (BRGW).dck",2E977046DAE456646B4F30CCA2DD7A9C99172F1BDEAF782549D21F2FF2EA58BC,2596
"source/upstream-07ecb7cf/Mage.Client/release/sample-decks/Commander/Commander 2016/Stalwart Unity (RGWU) .dck",8C5E34A5523C115C8D1C19E6DB772DACFD677249D20A454C26F7FA19E03EECFA,2516
"source/upstream-07ecb7cf/Mage.Client/release/sample-decks/Commander/Commander 2017/ArcaneWizardry.dck",FE11FA2D0643C88965CE17EAD2DE0488B63B1341FF828F126138E0432E59F3B3,2496
"source/upstream-07ecb7cf/Mage.Client/release/sample-decks/Commander/Commander 2017/DraconicDomination.dck",6FD7A500A7842CEDB1DFDE7D7F85A3DA8A21D7E7B3D739C625FA125144857C68,2690
"source/upstream-07ecb7cf/Mage.Client/release/sample-decks/Commander/Commander 2017/FelineFerocity.dck",3AD107BC26BCA69B8EE91957A58981413C5EF554B8D5914F3A41D73A20CF1067,2553
"source/upstream-07ecb7cf/Mage.Client/release/sample-decks/Commander/Commander 2017/VampiricBloodlust.dck",13630F4ED6E00E6F42AC6E35898F9E63C7C8E133E25DF772539C20B77F423613,2579
"source/upstream-07ecb7cf/Mage.Client/release/sample-decks/Commander/Commander 2018/Adaptive Enchantment.dck",DF022EFAC48F4F3626A6428BBC766328B48A61561B4A5116F924D62358E24B76,2523
"source/upstream-07ecb7cf/Mage.Client/release/sample-decks/Commander/Commander 2018/Exquisite Invention.dck",F6CD425B6BC8E12DC6DD5BD88D00BD91D35CDBC8CD2F9BA565DA31266E770599,2191
"source/upstream-07ecb7cf/Mage.Client/release/sample-decks/Commander/Commander 2018/Nature's Vengeance.dck",4A9EB283FB6CCF4B4E68080414ADBFCF63A80C138E7BAF3082FE1456441AF2C1,2630
"source/upstream-07ecb7cf/Mage.Client/release/sample-decks/Commander/Commander 2018/Subjective Reality.dck",66980871C7669C54E1508D7BB617B512B6E680E8839CEAB57DFA8C803F1E0144,2443
"source/upstream-07ecb7cf/Mage.Client/release/sample-decks/Commander/Commander 2019/Faceless Menace.dck",151057C6FA52FBB2AD6F9C4582E14330E7B6F826DFE5BB0FAA6DA1CA84586BCC,2432
"source/upstream-07ecb7cf/Mage.Client/release/sample-decks/Commander/Commander 2019/Merciless Rage.dck",C5A2468E56D75D72EFDFED3A7F243230C847FBFB2C9AB9EBD9B7993371D4E1DB,2403
"source/upstream-07ecb7cf/Mage.Client/release/sample-decks/Commander/Commander 2019/Mystic Intellect.dck",9310905A11C64FD49C8F64F566DC42C526A2D437F2352EAB22E5A6E999282AB4,2300
"source/upstream-07ecb7cf/Mage.Client/release/sample-decks/Commander/Commander 2019/Primal Genesis.dck",945F9A86146722DC25D09B00452B3385F492BF88B05584AEEEB2787CAB42AAB5,2333
"source/upstream-07ecb7cf/Mage.Client/release/sample-decks/Commander/Commander 2020/Arcane Maelstrom.dck",FE28697609367EE29633AB1E405D5F37AEEF2A0F4290EB0D543721C06CA41EAA,2541
"source/upstream-07ecb7cf/Mage.Client/release/sample-decks/Commander/Commander 2020/Ruthless Regiment.dck",0C457B3F6698745AC081CAF717C7A40060ADB421F8E431567E49FE95E39E8D4F,2615
"source/upstream-07ecb7cf/Mage.Client/release/sample-decks/Commander/Commander 2020/Symbiotic Swarm.dck",0067622B8A461570D6662B2A24AA322F07EE5CB8C9518ECBF0EAB02CB95A4E7A,2434
"source/upstream-07ecb7cf/Mage.Client/release/sample-decks/Commander/Commander 2020/Timeless Wisdom.dck",BE2E753763FA35CB91F8AA025DD854AA0D83C92C0F53E3111BA75574E5EBC915,2587
"source/upstream-07ecb7cf/Mage.Client/release/sample-decks/Commander/Commander 2021/Lorehold Legacies (RW).dck",9F2D52D29E211681944F94EB3F30CF3678600D95EF3063BA3831A6EC76C4D8CD,3397
"source/upstream-07ecb7cf/Mage.Client/release/sample-decks/Commander/Commander 2021/Prismari Performance (UR).dck",94372E3758D0865DBAFCA6DC7D9BD38497F4AADA3E375A92A544BBC8083B8701,3422
"source/upstream-07ecb7cf/Mage.Client/release/sample-decks/Commander/Commander 2021/Quantum Quandrix (GU).dck",D5941F49705735259F1D86DC3B15A9C7F0BC8047D105A252E4337B9ACF1D259E,3440
"source/upstream-07ecb7cf/Mage.Client/release/sample-decks/Commander/Commander 2021/Silverquill Statement (WB).dck",D29336F9F2BC140DFB5E536226EE72BE79116630D8A549F1A91E087DEBBD5B1C,3258
"source/upstream-07ecb7cf/Mage.Client/release/sample-decks/Commander/Commander 2021/Witherbloom Witchcraft (BG).dck",F726C23DD7651957AEBB5645787DC8CE247B16D025E2DFD21129F4B386824F8E,3351
"source/upstream-07ecb7cf/Mage.Client/release/sample-decks/Commander/Commander Legends/Arm for Battle.dck",0AF624B80C44CF21A95B9E29BC4D1A2773B9AD2833E5C76E30A0E53B92D99E23,2256
"source/upstream-07ecb7cf/Mage.Client/release/sample-decks/Commander/Commander Legends/Reap the Tides.dck",6BE238B74143E6C9E7C240995F1662B321960A6D8244DA8F89EEA16DE4BC5C60,2057
"source/upstream-07ecb7cf/Mage.Client/release/sample-decks/Commander/Duskmourn - House of Horror (2024)/Endless Punishment (BR).dck",02F585B596C71E8AE2CA6ADAFD3754C11108F9751017050F2726F3281F69B0AA,3534
"source/upstream-07ecb7cf/Mage.Client/release/sample-decks/Commander/Duskmourn - House of Horror (2024)/Jump Scare (UG).dck",FE683EF3E6E15300E05AFAA1FC1A8000E69F95953E8D34A29C2BE906CD88FC4E,3551
"source/upstream-07ecb7cf/Mage.Client/release/sample-decks/Commander/Edge of Eternities (2025)/Counter Intelligence (WUR).dck",479ECF1532A642ECDCD31E24F795054B01877832E3B0A47554D1164FDC678FB5,3703
"source/upstream-07ecb7cf/Mage.Client/release/sample-decks/Commander/Edge of Eternities (2025)/World Shaper (BRG).dck",A3E2BB56205FF93EE52AE7DC3256EA67F45CFAB35117A33BD6EA2E173F7C2FD9,3512
"source/upstream-07ecb7cf/Mage.Client/release/sample-decks/Commander/Final Fantasy (2025)/Counter Blitz (WUG).dck",89D936F35744D09C33380391C888609F9DCAC436E383E383B174EF57D5702A75,3747
"source/upstream-07ecb7cf/Mage.Client/release/sample-decks/Commander/Final Fantasy (2025)/Limit Break (WRG).dck",72898A60AC228D40D85A77DE12D70C0F86D0C7517ACC350A2657D90A2F6A4B92,3730
"source/upstream-07ecb7cf/Mage.Client/release/sample-decks/Commander/Final Fantasy (2025)/Revival Trance (WBR).dck",D53D3B6B6CD836F65A9D16B0A7D6B444CDD66438B5E69F581C946217F3EAF061,3726
"source/upstream-07ecb7cf/Mage.Client/release/sample-decks/Commander/Final Fantasy (2025)/Scions & Spellcraft (WUB).dck",03A7F2B3603CDEB7A4B761B234B2D2C8DB587B849FDE2DF3D0DBEC46036C8F1A,3679
"source/upstream-07ecb7cf/Mage.Client/release/sample-decks/Commander/Innistrad Crimson Vow (2021)/Spirit Squadron (WU).dck",39E8A1A20AF47F283F25C4ECC01FA764CA6D6699504C89A02FDA695BA0BFB906,3332
"source/upstream-07ecb7cf/Mage.Client/release/sample-decks/Commander/Innistrad Crimson Vow (2021)/Vampiric Bloodline (BR).dck",03E50C6654DD085A19CBB3CE0E13A67773F6FD3BC1AA0F8726F50A4C9C13934E,3286
"source/upstream-07ecb7cf/Mage.Client/release/sample-decks/Commander/Innistrad Midnight Hunt (2021)/Coven Counters (GW).dck",7A545361C8DAB28B7A96534CF736A60D09AEFD95DA3E132EB2ACE994034B3A95,3329
"source/upstream-07ecb7cf/Mage.Client/release/sample-decks/Commander/Innistrad Midnight Hunt (2021)/Undead Unleashed (UB).dck",9E3B31F9DCBFA0CE776DF766DF197A1615F1207FD70E51340BD866DC14C26023,3174
"source/upstream-07ecb7cf/Mage.Client/release/sample-decks/Commander/Kaldheim/Elven Empire (BG).dck",F2E2FE3C65DFE3DBC6E55B59AA335185F4274A301F7C39401C649872BA996530,3220
"source/upstream-07ecb7cf/Mage.Client/release/sample-decks/Commander/Kaldheim/Phantom Premonition (UW).dck",8E3196AB3E74B85CFDB11C19827783F717974D2524DE416496A90A376B297BB6,3118
"source/upstream-07ecb7cf/Mage.Client/release/sample-decks/Commander/Kamigawa Neon Dynasty (2022)/Buckle Up (UW).dck",977115521537C79231AFAB558A18E597F9AD3F20DF8AB7AD4DD30ADA9B5875FA,3117
"source/upstream-07ecb7cf/Mage.Client/release/sample-decks/Commander/Kamigawa Neon Dynasty (2022)/Upgrades Unleashed (RG).dck",1418B9F386663DB0C59D58D67D02811F3700568CB5B9852733BF3A742514D580,3201
"source/upstream-07ecb7cf/Mage.Client/release/sample-decks/Commander/Lorwyn Eclipsed (2026)/Blight Curse (BRG).dck",4D24C8F033349720E2BC108304E5DAF1EA9E4F38A1D53FC964F6A38B4A4B688F,3397
"source/upstream-07ecb7cf/Mage.Client/release/sample-decks/Commander/Modern Horizons 3 (2024)/Creative Energy (WUR).dck",EB003D25968D5C64B7C112026E7EF5B22DD9DB5A8EA43DCE965892C1C8480730,3500
"source/upstream-07ecb7cf/Mage.Client/release/sample-decks/Commander/Modern Horizons 3 (2024)/Eldrazi Incursion(WUBG).dck",0832E0B39DB2E85AA6764D4272D986E264B1E6746DF1CC43EBF057A701AC01B8,3943
"source/upstream-07ecb7cf/Mage.Client/release/sample-decks/Commander/Modern Horizons 3 (2024)/Graveyard Overdrive (BRG).dck",961FF6A235AD2768896787926F2EF95559C0EA3B54BE9B42D412537ABB4668BC,3630
"source/upstream-07ecb7cf/Mage.Client/release/sample-decks/Commander/SECRET LAIR Heads I Win, Tails You Lose (2021)/Heads I Win, Tails You Lose (UR).dck",C924E1ED656F31D67CF152D92D0DAB9BC42023FF2EBE78F81A9B921FBCA24B5F,3426
"source/upstream-07ecb7cf/Mage.Client/release/sample-decks/Commander/Streets of New Capenna (2022)/Bedecked Brokers (WUG).dck",E94562B5F08A3942CC29C8EEBEAEEB5E42369C68A2B6497243811D670173AFED,3555
"source/upstream-07ecb7cf/Mage.Client/release/sample-decks/Commander/Streets of New Capenna (2022)/Cabaretti Cacophony (RGW).dck",F71B07443B5ED4B2EDC51A38EB1FC3D8B00B5BBDFC88645DFD22309DEF5C2B05,3536
"source/upstream-07ecb7cf/Mage.Client/release/sample-decks/Commander/Streets of New Capenna (2022)/Maestros Massacre (UBR).dck",C331189A4CE40658A49DD933379D2C892F40F7ADD745DCD649633CE595D5FF7F,3410
"source/upstream-07ecb7cf/Mage.Client/release/sample-decks/Commander/Streets of New Capenna (2022)/Obscura Operation (WUB).dck",F8239B8DBD07DEF5B07485FD58D4A882F53AF3D87B092D4480FDC51C93C6D238,3455
"source/upstream-07ecb7cf/Mage.Client/release/sample-decks/Commander/Tarkir Dragonstorm (2025)/Abzan Armor (WBG).dck",2BBAFF69653C670246822116D0B9568405B1E932CABA8CFD1A2234069BF18E87,3527
"source/upstream-07ecb7cf/Mage.Client/release/sample-decks/Commander/Tarkir Dragonstorm (2025)/Jeskai Striker (WUR).dck",42AF7898CA2E44EFB51F93F94C21EA7B51BD04C2D453B1C4ECC531C0ECC092D5,3573
"source/upstream-07ecb7cf/Mage.Client/release/sample-decks/Commander/Tarkir Dragonstorm (2025)/Mardu Surge (WBR).dck",549C7C0399BE0AA6FE59CBAD5AF81CB6AC8B07C786E0BD5DBDBCA0B85B4F0AA5,3631
"source/upstream-07ecb7cf/Mage.Client/release/sample-decks/Commander/Tarkir Dragonstorm (2025)/Sultai Arisen (UBG).dck",97D061746AC7D139699B921495459EABA77F5294A33B1564AAE0E13B44E925C6,3588
"source/upstream-07ecb7cf/Mage.Client/release/sample-decks/Commander/Tarkir Dragonstorm (2025)/Temur Roar (URG).dck",C403505C0DB795CB226FF182FD6F87B63831E50FF5D9DEDDD1E66D354E1DB860,3665
"source/upstream-07ecb7cf/Mage.Client/release/sample-decks/Commander/Zendikar Rising/Land's Wrath.dck",21DDA7B9673E67CF12C7512C66A8C5855FCD0B761E8EA63E40BF33812C3DB65E,2357
"source/upstream-07ecb7cf/Mage.Client/release/sample-decks/Commander/Zendikar Rising/Sneak Attack.dck",D9AD262C097AC479697EB4975F80609FDB4D85C16D2BB1DA6ECF80275FC39709,2127
"source/upstream-07ecb7cf/Mage.Client/release/sample-decks/Decks to Beat/4c Solar Flare TDtB ST Dec 2011.mwDeck.dck",20594FD585792BED511E8676778559D650CCC59E12C59508669D01121AD3BE47,1001
"source/upstream-07ecb7cf/Mage.Client/release/sample-decks/Decks to Beat/Abzan Control TDtB ST Mar 2015.mwDeck.dck",5A43B4AE0E00E9A612C127200C04FEF130E4A97835E020A727FEB6100CF82C03,924
"source/upstream-07ecb7cf/Mage.Client/release/sample-decks/Decks to Beat/Abzan Midrange TDtB ST Apr 2015.mwDeck.dck",380349CE02FEA7D0846E03E3F7F9A0A86E63A0B95502F3081CC0F7373BA389D0,879
"source/upstream-07ecb7cf/Mage.Client/release/sample-decks/Decks to Beat/Abzan Midrange TDtB ST Dec 2014.mwDeck.dck",4F930AE2E933AF8E9AA89616AB4FFFA867063F9D21F4141D11F5B8611D779C36,1217
"source/upstream-07ecb7cf/Mage.Client/release/sample-decks/Decks to Beat/Abzan Midrange TDtB ST Feb 2015.mwDeck.dck",B6E26174ACD2D4BE8AD7FF0518FCFF4359C2371831908F999CA2334771DF6349,957
"source/upstream-07ecb7cf/Mage.Client/release/sample-decks/Decks to Beat/Abzan Midrange TDtB ST Jan 2015.mwDeck.dck",46122081AE849E3E8C7903763606ADA3458F9797DF2D5F614BA3313A144901E8,819
"source/upstream-07ecb7cf/Mage.Client/release/sample-decks/Decks to Beat/Abzan Midrange TDtB ST May 2015.mwDeck.dck",8183AD12D33A647D941B15D8C87B5712CAE673F5A7B73C6D016CF654E0E17AE6,805
"source/upstream-07ecb7cf/Mage.Client/release/sample-decks/Decks to Beat/Abzan Midrange TDtB ST Nov 2014.mwDeck.dck",A556B59EC8759105FD76723112A0842F69C6D3FB341013069A20F6A0D82A7DD7,1133
"source/upstream-07ecb7cf/Mage.Client/release/sample-decks/Decks to Beat/Abzan Midrange TDtB ST Oct 2014.mwDeck.dck",A38D130A4FE50B74ACECB9B96080FF5F60881AD5E363EE4FDFDA6F11633C2873,961
"source/upstream-07ecb7cf/Mage.Client/release/sample-decks/Decks to Beat/Aristocrats TDtB ST Apr 2013.mwDeck.dck",14F43CEA1686F96AD3DBD29905D63DE83CD26D9A9E3084E445B04782FA39E55A,754
"source/upstream-07ecb7cf/Mage.Client/release/sample-decks/Decks to Beat/Aristocrats TDtB ST Jun 2013.mwDeck.dck",5CFF52715A8EFE2D812863E76AE8F3739B3FF7DFB91E6ADBDAA2B934834105B0,840
"source/upstream-07ecb7cf/Mage.Client/release/sample-decks/Decks to Beat/Aristocrats TDtB ST May 2013.mwDeck.dck",EC2D87218C1286E319F90FEA9E437C8DF13F8369B8C1207DC271628134C18D5D,861
"source/upstream-07ecb7cf/Mage.Client/release/sample-decks/Decks to Beat/Azorius Heroic TDtB ST Dec 2014.mwDeck.dck",CF70CD4F9B312541E940A86F44E528724925E2CE45B8C1485ACA9B2036132F7A,907
"source/upstream-07ecb7cf/Mage.Client/release/sample-decks/Decks to Beat/Azorius Heroic TDtB ST Feb 2015.mwDeck.dck",0EBC89EA21A3861FED68A7D471629803C3C36E9E2FE179B7AA5EBBA0FFA7020F,717
"source/upstream-07ecb7cf/Mage.Client/release/sample-decks/Decks to Beat/Azorius Heroic TDtB ST Jan 2015.mwDeck.dck",CB690E61835F9B1E6A934B730CA5DC1963688312179023B4D40A01F9A9048FDD,695
"source/upstream-07ecb7cf/Mage.Client/release/sample-decks/Decks to Beat/Azorius Human TDtB ST Oct 2012.mwDeck.dck",F3835F14CE33E93031E345AE600EF46C616D22F65897215E56DD84325BF602EB,794
"source/upstream-07ecb7cf/Mage.Client/release/sample-decks/Decks to Beat/Bant Control TDtB ST Dec 2012.mwDeck.dck",F8C5DDCB875A7CDAC4A639F4C0AFD02ED2317EA0D7BAE49361142E4A0BA21A43,938
"source/upstream-07ecb7cf/Mage.Client/release/sample-decks/Decks to Beat/Bant Control TDtB ST Jan 2013.mwDeck.dck",BC1016B612AC49C2CA629D1F104A09ABCC20BF75194A5236BF008D98905DEABF,799
"source/upstream-07ecb7cf/Mage.Client/release/sample-decks/Decks to Beat/Bant Control TDtB ST Nov 2012.mwDeck.dck",E9304F82C4785A95C33C606FF1E648A8629CE1E60691470AF2E79C16DAC67066,777
"source/upstream-07ecb7cf/Mage.Client/release/sample-decks/Decks to Beat/Bant Control TDtB ST Oct 2012.mwDeck.dck",42DE0600ECB81C0DC30E2C8E79FA0998718E62DFF173D821E05231B6F658B75A,816
"source/upstream-07ecb7cf/Mage.Client/release/sample-decks/Decks to Beat/Bant Hexproof TDtB ST Aug 2013.mwDeck.dck",D41873BAC0FAAA92A17E1C80BB60225F419085EA92588DC5CD2E2ADFF1F811BA,708
"source/upstream-07ecb7cf/Mage.Client/release/sample-decks/Decks to Beat/Bant Hexproof TDtB ST Jan 2013.mwDeck.dck",89102A8C976776C0DDDF0C30D90E53C55C5B583DC69C415D930D7BFE74A2C74E,750
"source/upstream-07ecb7cf/Mage.Client/release/sample-decks/Decks to Beat/Bant Hexproof TDtB ST Jul 2013.mwDeck.dck",211FA6E2320F313936830FD7143190CCB832748BCFC13727B02F4EF94CE0F945,768
"source/upstream-07ecb7cf/Mage.Client/release/sample-decks/Decks to Beat/Bant Hexproof TDtB ST Jun 2013.mwDeck.dck",1106567CDCC27133BC692E71D557B2373897A41FB2A04599C52975472FAA2020,693
"source/upstream-07ecb7cf/Mage.Client/release/sample-decks/Decks to Beat/Bant Hexproof TDtB ST May 2013.mwDeck.dck",2A85DC6F47E08CD07140F3F0EADA4233D77902E866E1462EB5B15EC292B3730C,659
"source/upstream-07ecb7cf/Mage.Client/release/sample-decks/Decks to Beat/Bant Megamorph TDtB ST May 2015.mwDeck.dck",3856E9ECC1D9F7F0E99286D6A1F34AA27F3DBCFB989C78A85534752286E3D498,922
"source/upstream-07ecb7cf/Mage.Client/release/sample-decks/Decks to Beat/Bant Pod TDtB ST Nov 2011.mwDeck.dck",778815AB8300F019A1216A5FF9B250876E5BC92DB1BDC4198154B982B688EF7C,1059
"source/upstream-07ecb7cf/Mage.Client/release/sample-decks/Decks to Beat/Bant Pod TDtB ST Oct 2011.mwDeck.dck",1148F68E6D4438B3082C4ECDD57B5C8FC03595982777DD20E0E92F615A868FEB,1173
"source/upstream-07ecb7cf/Mage.Client/release/sample-decks/Decks to Beat/Bg Zombie TDtB ST Oct 2012.mwDeck.dck",9E840703E35308AB1A6D6D43BE54B98F53F8FA10F49631F1A273B6C9919F2AE6,663
"source/upstream-07ecb7cf/Mage.Client/release/sample-decks/Decks to Beat/Birthing Pod TDtB ST Dec 2011.mwDeck.dck",3861656781F3B5999DA7476324949F9BD5AF635946495F265474F5C04CB80827,913
"source/upstream-07ecb7cf/Mage.Client/release/sample-decks/Decks to Beat/Black Kessig TDtB ST Feb 2012.mwDeck.dck",315FC612F3855056B09D4A707D95F0EDF7DB27B37AE83F14A40DEB5E192ED993,963
"source/upstream-07ecb7cf/Mage.Client/release/sample-decks/Decks to Beat/Bolt Caw-Blade TDtB ST Mar 2011.mwDeck.dck",CA49A401ADE0E08CCF74973D05F9B8477105DA26D9975C6084F7705459825A02,863
"source/upstream-07ecb7cf/Mage.Client/release/sample-decks/Decks to Beat/Boros Aggro TDtB ST Feb 2015.mwDeck.dck",0F03065E5288FC4218307B88FAE3A0CA1768FCDAB9E0D100C5C2EA7CCA86DB5F,822
"source/upstream-07ecb7cf/Mage.Client/release/sample-decks/Decks to Beat/Boros Aggro TDtB ST Jan 2014.mwDeck.dck",5094DAB16C1030004D1F718D5B9D05625B32B45367092DFE6E44D531F1C9B2D2,710
"source/upstream-07ecb7cf/Mage.Client/release/sample-decks/Decks to Beat/Boros Aggro TDtB ST Jul 2014.mwDeck.dck",FE419784B1EE44F8F8298AE5256D808D851BD2DB14BCBFD90DAEFDC9A06C6F19,679
"source/upstream-07ecb7cf/Mage.Client/release/sample-decks/Decks to Beat/Boros Aggro TDtB ST Mar 2014.mwDeck.dck",B90F5BE1B24ADFFA374544F27143BAA6C052C4A265B5B40EA974B5D2BEACD218,648
"source/upstream-07ecb7cf/Mage.Client/release/sample-decks/Decks to Beat/Boros Aggro TDtB ST Mar 2015.mwDeck.dck",ECDF491E99E8613FF30747475FD0A5654C25A1F120C4737C1DFB46FD535752CB,867
"source/upstream-07ecb7cf/Mage.Client/release/sample-decks/Decks to Beat/Boros Burn TDtB ST Apr 2014.mwDeck.dck",1BE35BBAB414B1CF76CCB319241618CBC38BFF67D2B064187588DACFE845C5D6,635
"source/upstream-07ecb7cf/Mage.Client/release/sample-decks/Decks to Beat/Boros Burn TDtB ST Dec 2013.mwDeck.dck",91AC1D8D3FAC8C5292D32870BDE2D29E8A1EFBB5F3757A454907F32B8E8628C8,623
"source/upstream-07ecb7cf/Mage.Client/release/sample-decks/Decks to Beat/Boros Burn TDtB ST Jun 2014.mwDeck.dck",A17045DAC7CDF98AA50F68AEB6087A3DEDE43CA4D31EC67B485F4628DCEBCB8C,747
"source/upstream-07ecb7cf/Mage.Client/release/sample-decks/Decks to Beat/Boros Burn TDtB ST May 2014.mwDeck.dck",0ED4B550BC78420F82F588B05444F57999EA45DCE4828FE81E51216B346AA07D,645
"source/upstream-07ecb7cf/Mage.Client/release/sample-decks/Decks to Beat/Boros Landfall TDtB ST Apr 2011.mwDeck.dck",B76C4B26DB6B9B605017E35A85E3B8C4333733E6DE9D41D1F72F4A633C36677B,808
"source/upstream-07ecb7cf/Mage.Client/release/sample-decks/Decks to Beat/Boros Landfall TDtB ST Feb 2011.mwDeck.dck",F535C68DCD67F2775E1A40B6952C1A89EA47F2EEBC24A42403C7F9165CBF1958,814
"source/upstream-07ecb7cf/Mage.Client/release/sample-decks/Decks to Beat/Boros Landfall TDtB ST Jun 2011.mwDeck.dck",DAF2714E4690C7FDF738A1A11EBCE6E3C2DD3B2837A435BA356E2AA79F45E97F,601
"source/upstream-07ecb7cf/Mage.Client/release/sample-decks/Decks to Beat/Boros Landfall TDtB ST Mar 2011.mwDeck.dck",FF329188C11156312AA20AF1FB51BF415BA7CEACC22410F0ED7442380B80AE90,825
"source/upstream-07ecb7cf/Mage.Client/release/sample-decks/Decks to Beat/Boros Midrange TDtB ST Jan 2015.mwDeck.dck",4D9BAF15AB0BE970AC9893D6DB893619622878E906825714E3928017395EAE01,727
"source/upstream-07ecb7cf/Mage.Client/release/sample-decks/Decks to Beat/Br Vampires TDtB ST Dec 2010.mwDeck.dck",81BDD7000A1C0DD3C5EFAC68F8FCC3220853E87E33EEF4F967FC1A9491190A97,621
"source/upstream-07ecb7cf/Mage.Client/release/sample-decks/Decks to Beat/Br Vampires TDtB ST Feb 2011.mwDeck.dck",6584483D495C8C35FE7821E86B5D7753BD5C82061D701013F6A1CF5283D4AE73,721
"source/upstream-07ecb7cf/Mage.Client/release/sample-decks/Decks to Beat/Br Vampires TDtB ST Jul 2011.mwDeck.dck",7EE38B9259A5F04F1D49311C6933B613B15C536C56176BF45FD6195AF89D963D,755
"source/upstream-07ecb7cf/Mage.Client/release/sample-decks/Decks to Beat/Br Vampires TDtB ST Jun 2011.mwDeck.dck",8485343FB2E6D2564B73560FAE44BAF147F5E5CE75BF17ADB44F8A1A37B4C2AE,609
"source/upstream-07ecb7cf/Mage.Client/release/sample-decks/Decks to Beat/Br Vampires TDtB ST Mar 2011.mwDeck.dck",BC051ECA8A99D846453F2E432738378B8A1BE6C58A687EE86FA4A90E67251B26,687
"source/upstream-07ecb7cf/Mage.Client/release/sample-decks/Decks to Beat/BR Vampires TDtB ST May 2011.mwDeck.dck",F88EE7468DE1B25316B50107E1348CF57AF825B7B0A2106A11850BF22E1DFEC7,800
"source/upstream-07ecb7cf/Mage.Client/release/sample-decks/Decks to Beat/Br Vampires TDtB ST Sep 2011.mwDeck.dck",A18C7E85D95E00F603B29B525D95FC9FFF4322E150B93D784DA8E4E4633B8478,894
"source/upstream-07ecb7cf/Mage.Client/release/sample-decks/Decks to Beat/BR Zombies TDtB ST Aug 2012.mwDeck.dck",9A3819667321BE6A9AF68B30AD2C4BD5DB58829A65AE78BE759FB37B2368C646,715
"source/upstream-07ecb7cf/Mage.Client/release/sample-decks/Decks to Beat/BR Zombies TDtB ST Dec 2012.mwDeck.dck",2BAF37D9841BC7BF4860ED520EEB8BFFD51E0707946F66BB761F56F206595436,660
"source/upstream-07ecb7cf/Mage.Client/release/sample-decks/Decks to Beat/BUG Control TDtB ST Feb 2011.mwDeck.dck",8B09EECF28A587E2B93F40D341AC18524A2BD99404802227B901EDA79F96B672,738
"source/upstream-07ecb7cf/Mage.Client/release/sample-decks/Decks to Beat/BW Tokens TDtB ST Feb 2012.mwDeck.dck",E7711AE6C07FCF35E8A38FAF540A302696C8C8081BC22C75B075158E8601F9F6,736
"source/upstream-07ecb7cf/Mage.Client/release/sample-decks/Decks to Beat/BWR Control TDtB ST Nov 2013.mwDeck.dck",9EDF506D0D63D4223C9571DB678C0279A658F44FFD3C10BF0E559512197C054A,907
"source/upstream-07ecb7cf/Mage.Client/release/sample-decks/Decks to Beat/BWR Control TDtB ST Oct 2013.mwDeck.dck",35841E53A5DF9737143766B52DBB6217E58B557CCECA419EB5803B81ED7296CA,1011
"source/upstream-07ecb7cf/Mage.Client/release/sample-decks/Decks to Beat/Caw-Blade TDtB ST Apr 2011.mwDeck.dck",D9FC44F451975866AA570D6B52C33EDBE911D5F064A18F470945F9D6892B2FE0,902
"source/upstream-07ecb7cf/Mage.Client/release/sample-decks/Decks to Beat/Caw-Blade TDtB ST Aug 2011.mwDeck.dck",5ACBC894DED17B3A212BECE848E4DE3431AED2CADFE07AB659EFEB0393FA8BEF,801
"source/upstream-07ecb7cf/Mage.Client/release/sample-decks/Decks to Beat/Caw-Blade TDtB ST Feb 2011.mwDeck.dck",CF9C4847A8666C3FD1495A7169628F8C804CC0BF141A8DCE2D42A36F7B3DEE31,720
"source/upstream-07ecb7cf/Mage.Client/release/sample-decks/Decks to Beat/Caw-Blade TDtB ST Jul 2011.mwDeck.dck",5CB01519D4C58C92B3E3450161EC1F0E774DFD7E33CEFA8F82E228553338BA1D,771
"source/upstream-07ecb7cf/Mage.Client/release/sample-decks/Decks to Beat/Caw-Blade TDtB ST Jun 2011.mwDeck.dck",DE50AD0FFA3ABF5D496180C61B502708A516324C1E5FF265CBAEA0978E2B6214,852
"source/upstream-07ecb7cf/Mage.Client/release/sample-decks/Decks to Beat/Caw-Blade TDtB ST Mar 2011.mwDeck.dck",042E39A80E72ECDA4FA5BC91D993129A89E065F75A3ED12B1E8B600D1AC06FC3,738
"source/upstream-07ecb7cf/Mage.Client/release/sample-decks/Decks to Beat/Caw-Blade TDtB ST May 2011.mwDeck.dck",C0BA4E189855AC9CF1ABCAC1A43C91B7D9F63DD1B081B2B1AD88BEB2FAE07CC9,692
"source/upstream-07ecb7cf/Mage.Client/release/sample-decks/Decks to Beat/Caw-Blade TDtB ST Sep 2011.mwDeck.dck",206C0DECE2DA98783D7C28312564A13EE7C098BD12689EF56BDAA080BE0B5A95,779
"source/upstream-07ecb7cf/Mage.Client/release/sample-decks/Decks to Beat/Cawless UW Control TDtB ST Feb 2011.mwDeck.dck",85470A46B0BAD036363A05FCEA622D4AEFDFD7F13B2E21D03F47B7A53B5454DE,793
"source/upstream-07ecb7cf/Mage.Client/release/sample-decks/Decks to Beat/Charmed TDtB ST Feb 2013.mwDeck.dck",09980B52D8B114BE3B47466A5C4014311C1A26177F0066FF9B839C96EA3FC732,860
"source/upstream-07ecb7cf/Mage.Client/release/sample-decks/Decks to Beat/Cobra Valakut TDtB ST Apr 2011.mwDeck.dck",56EB46BE21366C44DE384A06F4D87BCD5BF4A62ED3DCAFE727F226735F87C058,643
"source/upstream-07ecb7cf/Mage.Client/release/sample-decks/Decks to Beat/Darkblade TDtB ST Jun 2011.mwDeck.dck",097ECD1C8D70F5B070643E16D555F02963C3EBF8E9D870FC567AB6405814102D,863
"source/upstream-07ecb7cf/Mage.Client/release/sample-decks/Decks to Beat/Delver Blade TDtB ST Jan 2012.mwDeck.dck",671F25414A00E339A1901E8FEED7ED8C783EBBBA5F0AEC7C9C3A139628B4F1D1,754
"source/upstream-07ecb7cf/Mage.Client/release/sample-decks/Decks to Beat/Devotion to Black TDtB ST Apr 2014.mwDeck.dck",7DFFF430EB64B079736A302BCA3C594C229E714548E7733968E807AF02DA430E,599
"source/upstream-07ecb7cf/Mage.Client/release/sample-decks/Decks to Beat/Devotion to Black TDtB ST Dec 2013.mwDeck.dck",DCD76C84420234EBA0BE8037F8C28C9E5EA816AE03027EF2CCCE65480DF63FB0,604
"source/upstream-07ecb7cf/Mage.Client/release/sample-decks/Decks to Beat/Devotion to Black TDtB ST Feb 2014.mwDeck.dck",F7392A55F602AD67EA44CA593A6325AB3F7CF9A6F9DAD74B3455A5F12F133C8E,544
"source/upstream-07ecb7cf/Mage.Client/release/sample-decks/Decks to Beat/Devotion to Black TDtB ST Jan 2014.mwDeck.dck",1E9796FF00C918740D8517A02888408589738505DA44DEF2B0A2C12371E3B9F8,579
"source/upstream-07ecb7cf/Mage.Client/release/sample-decks/Decks to Beat/Devotion to Black TDtB ST Jul 2014.mwDeck.dck",06749980865C290FC9C7F189EFD2D6101FE999D60AFABD6D238C359D06B318B7,679
"source/upstream-07ecb7cf/Mage.Client/release/sample-decks/Decks to Beat/Devotion to Black TDtB ST Jun 2014.mwDeck.dck",1BA2CEA07A738335F3977D573649407E40765948C431E69423B24B2A2AE390AB,539
"source/upstream-07ecb7cf/Mage.Client/release/sample-decks/Decks to Beat/Devotion to Black TDtB ST Nov 2013.mwDeck.dck",21443BF3DE025E2268355C09E555A24F8DEDBCA4AE51A6931ED27A29E527E431,485
"source/upstream-07ecb7cf/Mage.Client/release/sample-decks/Decks to Beat/Devotion to Black TDtB ST Oct 2013.mwDeck.dck",183AC4775DD62683441857176FC2522AFCB68DF1F7406F4A5151518BFF04E67B,623
"source/upstream-07ecb7cf/Mage.Client/release/sample-decks/Decks to Beat/Devotion to Blue TDtB ST Apr 2014.mwDeck.dck",B4FC5D1D2301496571AE9D62C92F28BE6ADE3F418041DA09C6DCFE3A10DA83AE,673
"source/upstream-07ecb7cf/Mage.Client/release/sample-decks/Decks to Beat/Devotion to Blue TDtB ST Aug 2014.mwDeck.dck",8AB13A24CC3E7F1F3BCC908CCEBAB373FEC8098E278A49E6A5B9EAA7BA0BD384,668
"source/upstream-07ecb7cf/Mage.Client/release/sample-decks/Decks to Beat/Devotion to Blue TDtB ST Dec 2013.mwDeck.dck",9A951A4718552A30A17897F00C2E510E2F3B0605BA4904429796C0CC8C9AAE3F,698
"source/upstream-07ecb7cf/Mage.Client/release/sample-decks/Decks to Beat/Devotion to Blue TDtB ST Feb 2014.mwDeck.dck",558F4C93C0FFC43A41B36A3C034D8F1C18E0FD438BFE9BE4079B15981CB893CB,702
"source/upstream-07ecb7cf/Mage.Client/release/sample-decks/Decks to Beat/Devotion to Blue TDtB ST Jan 2014.mwDeck.dck",D81B3E9A28B644A59E38D9493EECA99B321E160AEDA341FDCFD53E21D00931FC,745
"source/upstream-07ecb7cf/Mage.Client/release/sample-decks/Decks to Beat/Devotion to Blue TDtB ST Jul 2014.mwDeck.dck",023786075413E8B82D820954EFB24274C5704B6ABAF2E39FC2AADEC5AAEBB259,721
"source/upstream-07ecb7cf/Mage.Client/release/sample-decks/Decks to Beat/Devotion to Blue TDtB ST Jun 2014.mwDeck.dck",835E79058A1B7EF4F113DC15C25CB74B5776DD8AA73674A7F1CD12D99636C7F2,753
"source/upstream-07ecb7cf/Mage.Client/release/sample-decks/Decks to Beat/Devotion to Blue TDtB ST Mar 2014.mwDeck.dck",F47911F59EBD062B0E12CB909DFD81987E1870E0935B2A28F1C990B5B13E0F8B,580
"source/upstream-07ecb7cf/Mage.Client/release/sample-decks/Decks to Beat/Devotion to Blue TDtB ST May 2014.mwDeck.dck",A4E188946206B72D878113CC29C9BA5FF95CFAC2612AD067EC0D0ED5B17EECBE,722
"source/upstream-07ecb7cf/Mage.Client/release/sample-decks/Decks to Beat/Devotion to Blue TDtB ST Nov 2013.mwDeck.dck",8621E5D1423D3E5B871DCC490AAB9D601B84815DE5BC96DD7AA668FEF243599E,757
"source/upstream-07ecb7cf/Mage.Client/release/sample-decks/Decks to Beat/Devotion to Blue TDtB ST Oct 2013.mwDeck.dck",483F03CFB64250586C3036CEB794C3E53A7F7096B022C9C84FC00AC1C381F25C,636
"source/upstream-07ecb7cf/Mage.Client/release/sample-decks/Decks to Beat/Devotion to Boros TDtB ST Jan 2014.mwDeck.dck",4068053548B90D7F70B05062638D0319F2007F0CACE4DC6EA2394653A72B4625,735
"source/upstream-07ecb7cf/Mage.Client/release/sample-decks/Decks to Beat/Devotion to Dimir TDtB ST Mar 2014.mwDeck.dck",91E69B94C16215AF36BDD04649BFC82A4A47CCF981664E73287D6F79F2ABA0E4,572
"source/upstream-07ecb7cf/Mage.Client/release/sample-decks/Decks to Beat/Devotion to Golgari TDtB ST Aug 2014.mwDeck.dck",67EF6C9104B2D86FC57A14F186E30A4E398431B886184795361C22D9FCE36842,719
"source/upstream-07ecb7cf/Mage.Client/release/sample-decks/Decks to Beat/Devotion to Golgari TDtB ST May 2014.mwDeck.dck",03F8EFD74A602D8C63D653E9E5191595008753F7CEB1ECFBEB715C865FA18188,734
"source/upstream-07ecb7cf/Mage.Client/release/sample-decks/Decks to Beat/Devotion to Golgari TDtB ST Nov 2014.mwDeck.dck",B72BC18853015FF5A5092B6F7468D99FEF05B0013F09FACADBA8EC15D5583601,741
"source/upstream-07ecb7cf/Mage.Client/release/sample-decks/Decks to Beat/Devotion to Green TDtB ST Aug 2014.mwDeck.dck",89AEF8E4E5FE1A648A683BA0EF66C445D1916DA24707BA71A366ACD55091128D,702
"source/upstream-07ecb7cf/Mage.Client/release/sample-decks/Decks to Beat/Devotion to Green TDtB ST Feb 2015.mwDeck.dck",0987124CA821A9F6E1FE4E5101CB0A9547BE345508B739E0D31A80B68B116EC8,715
"source/upstream-07ecb7cf/Mage.Client/release/sample-decks/Decks to Beat/Devotion to Green TDtB ST Oct 2013.mwDeck.dck",BCE2D5E6368C8E2D57FA51B057FCE97281A894E72EFB607CF1344D5B69DDE13E,795
"source/upstream-07ecb7cf/Mage.Client/release/sample-decks/Decks to Beat/Devotion to Gruul TDtB ST Nov 2013.mwDeck.dck",35D41C4C774B875BC3036609542F582F74B99F8BD59F403AC2253F8C7D4B7848,688
"source/upstream-07ecb7cf/Mage.Client/release/sample-decks/Decks to Beat/Devotion to Gruul TDtB ST Oct 2013.mwDeck.dck",E8C644341238AE298C1D90C10FE26E4900E76A3934584FFEE1E19D5D7D63A29E,685
"source/upstream-07ecb7cf/Mage.Client/release/sample-decks/Decks to Beat/Devotion to Gruul TDtB ST Oct 2014.mwDeck.dck",4227130F0369AC2310A49F74D30164E3EC39BF5867F609C6F0EC009240282E96,776
"source/upstream-07ecb7cf/Mage.Client/release/sample-decks/Decks to Beat/Devotion to Gruul(1) TDtB ST Dec 2013.mwDeck.dck",117D7C17159C9F98F258741479E3EAD3298DA944530F8C71035BD9A446B12B83,688
"source/upstream-07ecb7cf/Mage.Client/release/sample-decks/Decks to Beat/Devotion to Gruul(2) TDtB ST Dec 2013.mwDeck.dck",9071135AEC155D3EABC7AA95DF07215388E41F0F02EFF2CD29F5099C399E4F2F,688
"source/upstream-07ecb7cf/Mage.Client/release/sample-decks/Decks to Beat/Devotion to Red TDtB ST Feb 2014.mwDeck.dck",618F93A3DA49E3094CA88F53D608A4B76A209810F3E87FFAE92AED07EF7D42B7,706
"source/upstream-07ecb7cf/Mage.Client/release/sample-decks/Decks to Beat/Devotion to Selesnya TDtB ST Apr 2015.mwDeck.dck",A4DF91EEF301E49D237581925FC310B8D8624559179D337A7D3C6008C3F47895,762
"source/upstream-07ecb7cf/Mage.Client/release/sample-decks/Decks to Beat/Devotion to Selesnya TDtB ST Mar 2015.mwDeck.dck",3472EBA432A4B75CDE2AE4440DEFE6F7D171C1C61F798E0632ACC0887F34086E,820
"source/upstream-07ecb7cf/Mage.Client/release/sample-decks/Decks to Beat/Devotion to Selesnya TDtB ST May 2015.mwDeck.dck",C64F8E971B9626FDDAADA7289620FACD3BEDF7470B2930A01616E0C050385A1C,714
"source/upstream-07ecb7cf/Mage.Client/release/sample-decks/Decks to Beat/Domri Naya TDtB ST Aug 2013.mwDeck.dck",A41B433401C6C1BE54ADF8B940C74C9ADCAE6C1EAA6D23EB887B129EC5D05389,937
"source/upstream-07ecb7cf/Mage.Client/release/sample-decks/Decks to Beat/Eldrazi Green-Black TDtB ST Dec 2010.mwDeck.dck",A1E018949CA91C1DED5CFDB60C733F520AA2EC7C31D578255754D51542615292,713
"source/upstream-07ecb7cf/Mage.Client/release/sample-decks/Decks to Beat/Elves TDtB ST Dec 2010.mwDeck.dck",6906773C06CD53815718AB685E4414B0523A777973EDF24EB5C544A99B09DC6C,592
"source/upstream-07ecb7cf/Mage.Client/release/sample-decks/Decks to Beat/Elves TDtB ST Jul 2011.mwDeck.dck",702F7B088F8A83F04185E739D1DBA00E5D18C9C3D8D1CA35AB2A34A347FB7434,607
"source/upstream-07ecb7cf/Mage.Client/release/sample-decks/Decks to Beat/Esper Control TDtB ST Apr 2012.mwDeck.dck",C52F4A2D0B82DE531FEACB0F56DC43427AD8D400079D2EC53B6089C1EE026531,877
"source/upstream-07ecb7cf/Mage.Client/release/sample-decks/Decks to Beat/Esper Control TDtB ST Apr 2013.mwDeck.dck",8A0977A3A4C376594A237CB2D2CDC333A7075130F26E6C82629ABE70568981AA,926
"source/upstream-07ecb7cf/Mage.Client/release/sample-decks/Decks to Beat/Esper Control TDtB ST Apr 2014.mwDeck.dck",D30AE42E17656CEDC78152E915872C9828EE282A6894E6BC6614869CCB3DE2B8,824
"source/upstream-07ecb7cf/Mage.Client/release/sample-decks/Decks to Beat/Esper Control TDtB ST Dec 2012.mwDeck.dck",789AB1CE4FE474B495B9403B69F9A2284387A6B81563696C6EC7DCBCE2F103BA,1070
"source/upstream-07ecb7cf/Mage.Client/release/sample-decks/Decks to Beat/Esper Control TDtB ST Dec 2013.mwDeck.dck",9161E3CDBA5573BD53C58D953A20F331087766CD2B676EBA5F556B48200490B9,827
"source/upstream-07ecb7cf/Mage.Client/release/sample-decks/Decks to Beat/Esper Control TDtB ST Feb 2013.mwDeck.dck",07CB5208F07E90B79A6F3005AFAFD775CAE61E9320850F683A6A61844BBD24BA,836
"source/upstream-07ecb7cf/Mage.Client/release/sample-decks/Decks to Beat/Esper Control TDtB ST Mar 2013.mwDeck.dck",07CB5208F07E90B79A6F3005AFAFD775CAE61E9320850F683A6A61844BBD24BA,836
"source/upstream-07ecb7cf/Mage.Client/release/sample-decks/Decks to Beat/Esper Control TDtB ST Mar 2014.mwDeck.dck",32B3AB02912D6B4A643D09AFD0803B9011D39060D87E0B23986BEACA429B2B6A,843
"source/upstream-07ecb7cf/Mage.Client/release/sample-decks/Decks to Beat/Esper Control TDtB ST May 2014.mwDeck.dck",AFB42C2FC4094D95D2D5246D5071B4D1D74B2EB2ECC89C32703026F1ED65D6C9,886
"source/upstream-07ecb7cf/Mage.Client/release/sample-decks/Decks to Beat/Esper Control TDtB ST May 2015.mwDeck.dck",52C46820650CA1A9F2426993DECFB542939BF61E1F367AD267C7E7AACC8E705E,998
"source/upstream-07ecb7cf/Mage.Client/release/sample-decks/Decks to Beat/Esper Control TDtB ST Nov 2013.mwDeck.dck",2E3381A04FDA1DEADCF9B27436C9BC960D738485CDA999CC9A52266EF7BC225C,776
"source/upstream-07ecb7cf/Mage.Client/release/sample-decks/Decks to Beat/Esper Control TDtB ST Oct 2013.mwDeck.dck",32B3325212EABE94C97A1BA2A025F312FDD6C06EEF594B051F6A8A9869716EBC,771
"source/upstream-07ecb7cf/Mage.Client/release/sample-decks/Decks to Beat/Esper Dragon TDtB ST Apr 2015.mwDeck.dck",37679FA7869F13106B9C7FCC811AE7F220A9B9C91255418F3A88C2B5A1D10FA4,924
"source/upstream-07ecb7cf/Mage.Client/release/sample-decks/Decks to Beat/Esper Midrange TDtB ST Feb 2014.mwDeck.dck",E8A5F27ABFD19A36FFFB92609A1FB5C47E65CC4E2241B5DEE435499A8AA04217,769
"source/upstream-07ecb7cf/Mage.Client/release/sample-decks/Decks to Beat/Esper Midrange TDtB ST Jul 2012.mwDeck.dck",A59D97E9D8BE46123EFBA2763BB1694CB8A00E04A92CB6F7A29C30C1C42C8C81,882
"source/upstream-07ecb7cf/Mage.Client/release/sample-decks/Decks to Beat/Fauna Quest TDtB ST Feb 2011.mwDeck.dck",7A4EB375DA7EA0EE92EBC980D2702CB31D11779FFB25246A42B783D4517D552C,763
"source/upstream-07ecb7cf/Mage.Client/release/sample-decks/Decks to Beat/Fauna Quest TDtB ST Mar 2011.mwDeck.dck",75D3B3AF924AE990D4F5BE0B12709BD4540EE962B4E1375064217197B298320C,798
"source/upstream-07ecb7cf/Mage.Client/release/sample-decks/Decks to Beat/FRites TDtB ST Feb 2012.mwDeck.dck",8AF2258FE4EBAAB808B0E40E43FC66D623777D23F6527D3B9B28CF46D0267043,779
"source/upstream-07ecb7cf/Mage.Client/release/sample-decks/Decks to Beat/FRites TDtB ST Oct 2012.mwDeck.dck",B8B0272F73DA8F76970D6FF7E15082D8957E651DB7E4805B3171ACAE5868BE3C,823
"source/upstream-07ecb7cf/Mage.Client/release/sample-decks/Decks to Beat/Goblins Deck Wins TDtB ST Apr 2011.mwDeck.dck",C2941CC6A5A16375CD59B88CAFCD9FBDC58C77900BE64455E7AB883799B2B851,1143
"source/upstream-07ecb7cf/Mage.Client/release/sample-decks/Decks to Beat/Golgari Constellation TDtB ST Dec 2014.mwDeck.dck",84F63D78E9E1EBDFD3ECADB29C60A9571CEFD99B73F627F382965566AAC86B1E,850
"source/upstream-07ecb7cf/Mage.Client/release/sample-decks/Decks to Beat/Golgari Control TDtB ST Aug 2013.mwDeck.dck",83E04680E66E4C161C4ED9558600AF2538C561CA457F16F80D1AEE05CF39A49F,907
"source/upstream-07ecb7cf/Mage.Client/release/sample-decks/Decks to Beat/Gr Aggro TDtB ST Apr 2012.mwDeck.dck",BCFBE94461715A6D77C4DD916F1E3B3702F53D0508B05B18C157237FEB008722,896
"source/upstream-07ecb7cf/Mage.Client/release/sample-decks/Decks to Beat/Gr Aggro TDtB ST Aug 2012.mwDeck.dck",9021C1FF4B54350FE8B891FC0467896CDDA77494C6330C1A9A1DC2444C472E53,823
"source/upstream-07ecb7cf/Mage.Client/release/sample-decks/Decks to Beat/Gr Aggro TDtB ST Feb 2012.mwDeck.dck",97F5D3A37012937DD7C2888A272A8E747AB6666B4801F83584D683F369FF9A16,746
"source/upstream-07ecb7cf/Mage.Client/release/sample-decks/Decks to Beat/Gr Aggro TDtB ST Jul 2012.mwDeck.dck",6D73B99168EA59A0608659A398785C9E0433498C5F0B9FA0F40F8F37C4CE859B,868
"source/upstream-07ecb7cf/Mage.Client/release/sample-decks/Decks to Beat/Gr Aggro TDtB ST May 2012.mwDeck.dck",86882D0F57C9A44F5B3B7CEEF3CD0510C8E38D2B5E432E859345C7302CBB05E4,846
"source/upstream-07ecb7cf/Mage.Client/release/sample-decks/Decks to Beat/Grixis Control TDtB ST Jan 2012.mwDeck.dck",E5F79AAA7CF38013ABA050A0DAC8664FFC093142788F395BB6E837B337B460E3,924
"source/upstream-07ecb7cf/Mage.Client/release/sample-decks/Decks to Beat/Grixis Tezzeret TDtB ST Feb 2011.mwDeck.dck",F4504C806FDB039E174DEE1E46B9D27220DA00CE7B6D5BDCBE222F4A77E71C6A,874
"source/upstream-07ecb7cf/Mage.Client/release/sample-decks/Decks to Beat/Grixis Twin Exarch TDtB ST May 2011.mwDeck.dck",DE2C2454214FA66C687B4A476DE3748C11FEBA3C624499B75B0E0AD3DD74E079,687
"source/upstream-07ecb7cf/Mage.Client/release/sample-decks/Decks to Beat/Gruul Aggro TDtB ST Apr 2013.mwDeck.dck",CA7C5E5889975B90178705D6EED138F865FEF7DAAF3B0A5F1E4E443B212B981C,639
"source/upstream-07ecb7cf/Mage.Client/release/sample-decks/Decks to Beat/Gruul Aggro TDtB ST Feb 2013.mwDeck.dck",70150825F683A8220916F48C144E6CDE4C4B2117EC87E3CBF344D9583C1259E4,571
"source/upstream-07ecb7cf/Mage.Client/release/sample-decks/Decks to Beat/Gruul Aggro TDtB ST Jul 2013.mwDeck.dck",BF4FB5A3EF5DD920A8968EECB0385F0D5FCB3541FA9DBCBDDEA3D115ECF3D3EC,548
"source/upstream-07ecb7cf/Mage.Client/release/sample-decks/Decks to Beat/Gruul Aggro TDtB ST Jun 2013.mwDeck.dck",37BA178259D68D2E979DED7B2B67517257281E2B561227FE2FF5BD3D4919882F,677
"source/upstream-07ecb7cf/Mage.Client/release/sample-decks/Decks to Beat/Gruul Aggro TDtB ST Mar 2013.mwDeck.dck",1B57BAE110D5BF8F360CD0443AD990FD86A3406A73FAABF03C9867E4E9657916,596
"source/upstream-07ecb7cf/Mage.Client/release/sample-decks/Decks to Beat/Gruul Aggro TDtB ST May 2013.mwDeck.dck",7BFCB5D59F29AE4AED922748170D0E5B9C591F59496530EF9ADDE9EF02B8688A,530
"source/upstream-07ecb7cf/Mage.Client/release/sample-decks/Decks to Beat/Gruul Deck Wins TDtB ST Apr 2015.mwDeck.dck",1334BAD0E88769DC5ED204D5D8204097CB6F189F8EFF329A527764B7F7DDA697,770
"source/upstream-07ecb7cf/Mage.Client/release/sample-decks/Decks to Beat/Gruul Deck Wins TDtB ST May 2015.mwDeck.dck",C87F9D90E688D1560B8BD62B4F399BC8ECBA0A63F66785C77D54C296B8C4F90D,774
"source/upstream-07ecb7cf/Mage.Client/release/sample-decks/Decks to Beat/Gruul Dragons TDtB ST Apr 2015.mwDeck.dck",34128FD4BB9E4F9DD95E952A39A1954A5E79AE4B5E2CE0280DF33F5CC262AC98,734
"source/upstream-07ecb7cf/Mage.Client/release/sample-decks/Decks to Beat/Gruul Midrange TDtB ST Aug 2013.mwDeck.dck",6E9D742335771E953D5085718A04B3FE61A0B9ACA2D03D5A7869A7F8C4672C90,597
"source/upstream-07ecb7cf/Mage.Client/release/sample-decks/Decks to Beat/Gruul Monsters TDtB ST Mar 2014.mwDeck.dck",D1D0D2143CE8AB5EE36CE20BAD3C1600AC2702126B86052366A26A308D33C214,785
"source/upstream-07ecb7cf/Mage.Client/release/sample-decks/Decks to Beat/Gruul Team TDtB ST Nov 2013.mwDeck.dck",27CCC78392EBA22BDAFCF781F936471E8A03826A5AF5B84139317E39C0ECDEAF,626
"source/upstream-07ecb7cf/Mage.Client/release/sample-decks/Decks to Beat/GW Aggro TDtB ST Dec 2011.mwDeck.dck",94283989005576AFFA82903EDD7C966D917CFE3F87036101708071BDE42A1947,826
"source/upstream-07ecb7cf/Mage.Client/release/sample-decks/Decks to Beat/GW Aggro TDtB ST Jan 2012.mwDeck.dck",FEC35364C13E3A08FDC4B34E227584534E9BBA71310D18E59793DB1855E3DEDF,683
"source/upstream-07ecb7cf/Mage.Client/release/sample-decks/Decks to Beat/GW Aggro TDtB ST Nov 2011.mwDeck.dck",E3E995D2196DD08BA11235550A7ADBFC9F34BD09508458CA5A25BCB591B491DE,710
"source/upstream-07ecb7cf/Mage.Client/release/sample-decks/Decks to Beat/GW Token TDtB ST Oct 2011.mwDeck.dck",7C52217EF9F362FB45FF80565A07CFF863BC798744478CF749BEFC61E3B52CDB,643
"source/upstream-07ecb7cf/Mage.Client/release/sample-decks/Decks to Beat/GWb Tokens TDtB ST Oct 2012.mwDeck.dck",4EC6D4C7008F2079882C6D6931A57A8DC2E9AC63D4326C583522E0276056382C,914
"source/upstream-07ecb7cf/Mage.Client/release/sample-decks/Decks to Beat/Hoof there it is TDtB ST Nov 2012.mwDeck.dck",31C7E2B6F7ACF1961CF0049F3C59569EC9B875BCF7C78F1A8A8943826D0C6864,637
"source/upstream-07ecb7cf/Mage.Client/release/sample-decks/Decks to Beat/Human Reanimator TDtB ST Feb 2013.mwDeck.dck",F6D3806E90CE04C66FD2AE4BEEFA2E4C6CCDDCD56C304E3C2106703DB8F00BB8,740
"source/upstream-07ecb7cf/Mage.Client/release/sample-decks/Decks to Beat/Human Reanimator TDtB ST Mar 2013.mwDeck.dck",C2DB71747E241735AF19536932B42E29E75E7EFAB6B62B0BE46617C5D21CFCA0,793
"source/upstream-07ecb7cf/Mage.Client/release/sample-decks/Decks to Beat/Illusions TDtB ST Dec 2011.mwDeck.dck",C530A9CF827B75917C770A58EE24D91AC42DC82C6573B66F834264D82DF9F07E,689
"source/upstream-07ecb7cf/Mage.Client/release/sample-decks/Decks to Beat/Illusions TDtB ST Jan 2012.mwDeck.dck",02147F47EBE7C64B923F3EF703253B63DEA32CB4B1339518B29F3E5AD0D133D3,744
"source/upstream-07ecb7cf/Mage.Client/release/sample-decks/Decks to Beat/Illusions TDtB ST Nov 2011.mwDeck.dck",E6A4678FE26620BC3F7B9DFBCC2C1601EE2A40417F2C4A2DB18448FC70B567F8,679
"source/upstream-07ecb7cf/Mage.Client/release/sample-decks/Decks to Beat/Jeskai Ascendancy TDtB ST Oct 2014.mwDeck.dck",FB69C7CA1D30EEFE654B29D1567EF5C6D16929B83994E8B722700E38EF422AB9,840
"source/upstream-07ecb7cf/Mage.Client/release/sample-decks/Decks to Beat/Jeskai Midrange TDtB ST Feb 2015.mwDeck.dck",F057815A037FB3DCDD780B52EBC89AAFDBCF42EA8CAEF6BCE9F38FD87D1533C1,860
"source/upstream-07ecb7cf/Mage.Client/release/sample-decks/Decks to Beat/Jeskai Midrange TDtB ST Mar 2015.mwDeck.dck",068DB2EC8D784E361C04C90A8C222558C5210B4413BAF1C4E768E5B09DA05040,961
"source/upstream-07ecb7cf/Mage.Client/release/sample-decks/Decks to Beat/Jeskai Tempo TDtB ST Dec 2014.mwDeck.dck",4DACB4F8CF27932B8E8FE4AA816AFCF5C21772888ABAC5D00802AB4835067090,740
"source/upstream-07ecb7cf/Mage.Client/release/sample-decks/Decks to Beat/Jeskai Tempo TDtB ST Nov 2014.mwDeck.dck",91BA215E484DC043175EEF92B0C34D79DA87498956C1B4114E5F436390373D4F,840
"source/upstream-07ecb7cf/Mage.Client/release/sample-decks/Decks to Beat/Jeskai Tempo TDtB ST Oct 2014.mwDeck.dck",4AA55021DA6DD58116A6B8817E2E8656A895935BDDE99FCEF87D073DF9DF1D31,740
"source/upstream-07ecb7cf/Mage.Client/release/sample-decks/Decks to Beat/Jeskai Token TDtB ST Jan 2015.mwDeck.dck",E3CB55DB55F5B5A61437AF333142B3FB9B55A34C0AB1E46FDF78413B5DDE43A5,799
"source/upstream-07ecb7cf/Mage.Client/release/sample-decks/Decks to Beat/Jeskai Tokens TDtB ST Apr 2015.mwDeck.dck",33E458C23140F16AE24E968DB7581552792E23D94B6EF9ED9A8709DF791EF39E,848
"source/upstream-07ecb7cf/Mage.Client/release/sample-decks/Decks to Beat/Jund Aggro TDtB ST Apr 2014.mwDeck.dck",CC63FB5DEC9BBC822EE16720F72BE15526C1EAC1E66D34C68A9B60BE57B3512E,839
"source/upstream-07ecb7cf/Mage.Client/release/sample-decks/Decks to Beat/Jund Aggro TDtB ST Mar 2013.mwDeck.dck",59637438866EEA1950109F2594D332393284E7EE4B7E2969DF1CB65745512CD9,779
"source/upstream-07ecb7cf/Mage.Client/release/sample-decks/Decks to Beat/Jund Control TDtB ST Apr 2013.mwDeck.dck",FD883FC876A214FCBB5586338BF9B358D35D027E5CF73AFF61F11CAE9E9F2B66,1034
"source/upstream-07ecb7cf/Mage.Client/release/sample-decks/Decks to Beat/Jund Control TDtB ST Dec 2012.mwDeck.dck",036B0A1CD18C813906A68FCC35435AB2670D6DE15ED67C283C2B52D68DFF2AE7,722
"source/upstream-07ecb7cf/Mage.Client/release/sample-decks/Decks to Beat/Jund Control TDtB ST Feb 2013.mwDeck.dck",C7607418B5401F9B44F16C2B83E9907C4EF180629EBF8BA2A00A77232370DD98,927
"source/upstream-07ecb7cf/Mage.Client/release/sample-decks/Decks to Beat/Jund Control TDtB ST Jan 2013.mwDeck.dck",CC3E10867F729821C769CC20B9BCA0C5A842671AB1D170568AB9E67264E11527,865
"source/upstream-07ecb7cf/Mage.Client/release/sample-decks/Decks to Beat/Jund Control TDtB ST Jul 2013.mwDeck.dck",323424E0CA45546F6A3192DDECAEA1826C8D2042BCFBD27209CFFC7D51DE43FC,924
"source/upstream-07ecb7cf/Mage.Client/release/sample-decks/Decks to Beat/Jund Control TDtB ST May 2013.mwDeck.dck",AE826B895558F03AC23E101915223600750378B45FEBC16A991A87892274EB20,998
"source/upstream-07ecb7cf/Mage.Client/release/sample-decks/Decks to Beat/Jund Control TDtB ST Nov 2012.mwDeck.dck",11546FA74F8C5921ABE15622CB31E73D14E944F3CF3BF9A23045C784F65CB793,926
"source/upstream-07ecb7cf/Mage.Client/release/sample-decks/Decks to Beat/Jund Midrange TDtB ST Aug 2013.mwDeck.dck",AC1EF55FE346FF5B0B3B9A9FE28FA69603B95843C4E120E543B70B3E136BA722,962
"source/upstream-07ecb7cf/Mage.Client/release/sample-decks/Decks to Beat/Jund Midrange TDtB ST Jun 2013.mwDeck.dck",866871CE461A846A9B02FDE9E7C3BBFAD266847C13633C210ADD1A7E18E4C034,961
"source/upstream-07ecb7cf/Mage.Client/release/sample-decks/Decks to Beat/Jund Midrange TDtB ST Jun 2014.mwDeck.dck",005E76359FB2F048CC1AD8FA3BC88587D92C4A55DE57D07A9D551794C148DA20,857
"source/upstream-07ecb7cf/Mage.Client/release/sample-decks/Decks to Beat/Jund Midrange TDtB ST Mar 2013.mwDeck.dck",D6DD71F7F15205C4D4E88FF7645B568D67B0F5D1797ADBB1D7D43285B0D63AA5,922
"source/upstream-07ecb7cf/Mage.Client/release/sample-decks/Decks to Beat/Jund TDtB ST Aug 2014.mwDeck.dck",53899E53603D9984BF87F1D075154AF5B17C60CBA9421316DFBA6FC036D4E6F0,754
"source/upstream-07ecb7cf/Mage.Client/release/sample-decks/Decks to Beat/Jund TDtB ST Jul 2014.mwDeck.dck",3F52C3C352FAF93034CC4A993DA7452F1C8CDAE4D0AABE5F5E7442D35A4054BF,801
"source/upstream-07ecb7cf/Mage.Client/release/sample-decks/Decks to Beat/Jund TDtB ST Mar 2014.mwDeck.dck",EE2CB7C6C38C8B73B11EC789CD499B7F81FD20F095FA172E275D79342439653D,876
"source/upstream-07ecb7cf/Mage.Client/release/sample-decks/Decks to Beat/Junk Reanimator TDtB ST Apr 2013.mwDeck.dck",3949C24F8A5899B75D6A228A135EE43E954FC49D3CB65C6E246632CB0B3A9572,857
"source/upstream-07ecb7cf/Mage.Client/release/sample-decks/Decks to Beat/Junk Reanimator TDtB ST Jul 2013.mwDeck.dck",01F0DE5B4C2666AA0ADE086B338D0F15C531B53E459B9A4885B585558A5BF869,875
"source/upstream-07ecb7cf/Mage.Client/release/sample-decks/Decks to Beat/Junk Reanimator TDtB ST Jun 2013.mwDeck.dck",FF6D7000E745444FF26C349875308493D54CF7538DC7B26A4DD8B2CF8D170758,788
"source/upstream-07ecb7cf/Mage.Client/release/sample-decks/Decks to Beat/Junk Reanimator TDtB ST Mar 2013.mwDeck.dck",4E52357A73DE620B992F401AB73476D8D71798F4AEA4FCB0579076EAC39B4F7A,729
"source/upstream-07ecb7cf/Mage.Client/release/sample-decks/Decks to Beat/Junk Reanimator TDtB ST May 2013.mwDeck.dck",FF0E7C2B7FFE79854D6AD1F74A869CA5F69993B2ED7CEA471F1F2A526111E7FF,845
"source/upstream-07ecb7cf/Mage.Client/release/sample-decks/Decks to Beat/Junk TDtB ST Jul 2013.mwDeck.dck",D719DE47093BBBD031A8097659484A01BA25F5F8E99424BF9FB32ABF7267B355,759
"source/upstream-07ecb7cf/Mage.Client/release/sample-decks/Decks to Beat/Kessig Bant TDtB ST Feb 2013.mwDeck.dck",9A27A1E1F2CA1BDDD9768BA04A8DA97C4795EDC427F28AE620EBCAAB7479C403,896
"source/upstream-07ecb7cf/Mage.Client/release/sample-decks/Decks to Beat/Kessig Titan TDtB ST Apr 2012.mwDeck.dck",6BD7ED95AEF3B38D0225262C02D279401DA3E4701374E1D5B988DEE9E804A151,826
"source/upstream-07ecb7cf/Mage.Client/release/sample-decks/Decks to Beat/Kessig Titan TDtB ST Dec 2011.mwDeck.dck",DFA3A5DF8BCCDEF894168EC45F07203863E0D4413305DBB26F1F53CA3E2D3416,763
"source/upstream-07ecb7cf/Mage.Client/release/sample-decks/Decks to Beat/Kessig Titan TDtB ST Feb 2012.mwDeck.dck",683CD5F33C3F3620085651B305299C201783C9DA2783C5766E3A6BAE38247190,813
"source/upstream-07ecb7cf/Mage.Client/release/sample-decks/Decks to Beat/Kessig Titan TDtB ST Jan 2012.mwDeck.dck",75AC1C00E043479918883A9306E0E5CA4CC8636F1C19B6EA83D16B4E1D822EE4,808
"source/upstream-07ecb7cf/Mage.Client/release/sample-decks/Decks to Beat/Kessig Titan TDtB ST Jul 2012.mwDeck.dck",FE03F9DE1DF981A3EEDAC7ADF7EBB3FDBA3BCB107B0E1980E4E9A0E034C19CB2,821
"source/upstream-07ecb7cf/Mage.Client/release/sample-decks/Decks to Beat/Kessig Titan TDtB ST May 2012.mwDeck.dck",EDBB387EC1D7560E0665F255625C65FA9BAE5318CBE2447129923E3EE0191B5D,847
"source/upstream-07ecb7cf/Mage.Client/release/sample-decks/Decks to Beat/Kessig Titan TDtB ST Nov 2011.mwDeck.dck",DFA3A5DF8BCCDEF894168EC45F07203863E0D4413305DBB26F1F53CA3E2D3416,763
"source/upstream-07ecb7cf/Mage.Client/release/sample-decks/Decks to Beat/Kessig Titan TDtB ST Oct 2011.mwDeck.dck",DAB0D535EA9E2DE886CB9668F2FC1C692D85B0D39404E43543DA15D4A8C33A84,741
"source/upstream-07ecb7cf/Mage.Client/release/sample-decks/Decks to Beat/Kessig U TDtB ST Aug 2012.mwDeck.dck",D587BA476E512A21C278C0889587B750F87D71EB4240D95F2771C3AB35B94EFF,756
"source/upstream-07ecb7cf/Mage.Client/release/sample-decks/Decks to Beat/Kozilek Caw-Blade TDtB ST May 2011.mwDeck.dck",C25FDAE6DD811DAB8C3F236888D87784E9EC63373CDAAFC97572ACAE9B4DE75A,769
"source/upstream-07ecb7cf/Mage.Client/release/sample-decks/Decks to Beat/Kuldotha Red TDtB ST Feb 2011.mwDeck.dck",D7F987DE50EB6BFC5693AA15B76666D2426DA7CB9867CB19D6FF6B3F34420251,568
"source/upstream-07ecb7cf/Mage.Client/release/sample-decks/Decks to Beat/Mardu Control TDtB ST Dec 2014.mwDeck.dck",4479CB5E5BD5DA3282DFE4023B1B58608AA9834208D7C6A4320BF4695923276D,1395
"source/upstream-07ecb7cf/Mage.Client/release/sample-decks/Decks to Beat/Mardu Control TDtB ST Nov 2014.mwDeck.dck",8E2FEDB48A3949090175BC63FABCBBC0C07EF2AE173A7362C61C724212878C52,795
"source/upstream-07ecb7cf/Mage.Client/release/sample-decks/Decks to Beat/Mardu Midrange TDtB ST Jan 2015.mwDeck.dck",873862DE25A398CF828BE2A7D21C8DAF23755D0247810CF208542B863D60AE71,863
"source/upstream-07ecb7cf/Mage.Client/release/sample-decks/Decks to Beat/Mardu Midrange TDtB ST Oct 2014.mwDeck.dck",D9D9E92C9350625245310EA8F3BFFDC7FA59775C4C1D6CB1737CDC2D7D86E32E,969
"source/upstream-07ecb7cf/Mage.Client/release/sample-decks/Decks to Beat/Mono Black Aggro TDtB ST Mar 2014.mwDeck.dck",A88AE7FA1C30E89C3BE299E83A2510CD1F212AA31FAE4B52F68AB95F42301B4D,550
"source/upstream-07ecb7cf/Mage.Client/release/sample-decks/Decks to Beat/Mono Black Control TDtB ST Aug 2012.mwDeck.dck",B470FA4A381BD491E155DE979461E5A1E075CE8CE3A774147274FAE89036CAD3,766
"source/upstream-07ecb7cf/Mage.Client/release/sample-decks/Decks to Beat/Mono Black Control TDtB ST Jul 2011.mwDeck.dck",C35949203BFE1A897CFB63E67E0A26A34C7A9A68D1C53FA57DBC979CD4F1E6D5,490
"source/upstream-07ecb7cf/Mage.Client/release/sample-decks/Decks to Beat/Mono Black Infect TDtB ST Oct 2011.mwDeck.dck",FB837BE2E07CFEF1FDF404214C67C7DE46FE0A7BE9AB5A16634ADF78A0BD4FB8,693
"source/upstream-07ecb7cf/Mage.Client/release/sample-decks/Decks to Beat/Mono Green Infect TDtB ST Aug 2012.mwDeck.dck",BF5D9401D7F1ACAC2A92297373725DB60A8EF87380543CDBC32EA6B55C357005,623
"source/upstream-07ecb7cf/Mage.Client/release/sample-decks/Decks to Beat/Naya Aggro TDtB ST Apr 2014.mwDeck.dck",6E1786E207D42AD2C82EE09E8A4E67E55D8C0A2B31CAB84394079A411BEA09B9,659
"source/upstream-07ecb7cf/Mage.Client/release/sample-decks/Decks to Beat/Naya Aggro TDtB ST Dec 2012.mwDeck.dck",9FF7745CE9456C3DDBEE2F4A447B01CF565BE9BDEDFF7A2F2E0631F6FA765B27,695
"source/upstream-07ecb7cf/Mage.Client/release/sample-decks/Decks to Beat/Naya Aggro TDtB ST Oct 2013.mwDeck.dck",F0AC9BFF9BE6B8542D1078D2E7949F03CA78E0D224CB0C8AA5DADB6A712BB6A0,974
"source/upstream-07ecb7cf/Mage.Client/release/sample-decks/Decks to Beat/Naya Aura TDtB ST Mar 2014.mwDeck.dck",2AF1E9D23EF45A1864B5D70B7967E5A912EB032907C68168D4631565D6B6C494,751
"source/upstream-07ecb7cf/Mage.Client/release/sample-decks/Decks to Beat/Naya Aura TDtB ST May 2014.mwDeck.dck",0B5A1E1035BF90675F328C94431FA8B4BF3E3D2C4166BA50FE9449103C86B199,695
"source/upstream-07ecb7cf/Mage.Client/release/sample-decks/Decks to Beat/Naya Blitz TDtB ST Mar 2013.mwDeck.dck",0FF96C5942A08A979DFD976E24F12ADA041EA85CB50DD74A83B01E754DE4A091,725
"source/upstream-07ecb7cf/Mage.Client/release/sample-decks/Decks to Beat/Naya Human TDtB ST Jun 2013.mwDeck.dck",A415796415B965B1E7304F447C89311F2715F6918A17888875185440918D6A5B,707
"source/upstream-07ecb7cf/Mage.Client/release/sample-decks/Decks to Beat/Naya Human TDtB ST May 2013.mwDeck.dck",7CA0603AD32EC947417E4124BBCB3D9F9530017DCB1947D94E280E1DBAA60E81,757
"source/upstream-07ecb7cf/Mage.Client/release/sample-decks/Decks to Beat/Naya Humans TDtB ST Jul 2012.mwDeck.dck",3969D216417BCF88E3B688FCF50B4375ED06D68815BB522544395A2D04BE3629,785
"source/upstream-07ecb7cf/Mage.Client/release/sample-decks/Decks to Beat/Naya Midrange TDtB ST Jul 2013.mwDeck.dck",A5F9BFFDD0CE8F0F7E9F9212B46D7EED48BC9A1E95D4BC2774AE47F5C374B3ED,734
"source/upstream-07ecb7cf/Mage.Client/release/sample-decks/Decks to Beat/Naya Pod TDtB ST Apr 2012.mwDeck.dck",5A3366109CF42CAD8272EB3CADD382AF617EA2AD1179A4CE8E28615F5FC2F0CA,1004
"source/upstream-07ecb7cf/Mage.Client/release/sample-decks/Decks to Beat/Naya Pod TDtB ST Aug 2012.mwDeck.dck",BDA49A5D1C463C78F4FAD50CA407A3F0776B48D2BE6B8A5CF34C6DFC0B73C1FB,1008
"source/upstream-07ecb7cf/Mage.Client/release/sample-decks/Decks to Beat/Naya Pod TDtB ST Feb 2012.mwDeck.dck",039EC4E20810132E01F2EF42BC2BA35C54F7CB329A645CA48EC63119784B3963,1075
"source/upstream-07ecb7cf/Mage.Client/release/sample-decks/Decks to Beat/Naya Pod TDtB ST May 2012.mwDeck.dck",56617483279B1803FA0A1BE09D70A8191302D09A94750ED84D8EC35C811F736D,981
"source/upstream-07ecb7cf/Mage.Client/release/sample-decks/Decks to Beat/Naya Podlight TDtB ST Jul 2012.mwDeck.dck",C1BC1E6ACD4CB7B82FEB0B1EA634E6DB4E2495DBEA081B3078C053F2C04691AE,1144
"source/upstream-07ecb7cf/Mage.Client/release/sample-decks/Decks to Beat/Naya TDtB ST Jan 2013.mwDeck.dck",823C0E88FA57843ACA3AD3D426A677E311ED8FF95AD0F8A9684DB6BBBE15FEC1,848
"source/upstream-07ecb7cf/Mage.Client/release/sample-decks/Decks to Beat/Orzhov Control TDtB ST Aug 2014.mwDeck.dck",77467B8E82DEF90335679E9076A8E9E7771D9587D1B00C066B945BB23EC62AFF,837
"source/upstream-07ecb7cf/Mage.Client/release/sample-decks/Decks to Beat/Orzhov Control TDtB ST Feb 2014.mwDeck.dck",D36AC067F9112412F5573DE8ABC6AF1C4077FACF166B4A2757EBD34AFDB4B525,690
"source/upstream-07ecb7cf/Mage.Client/release/sample-decks/Decks to Beat/Orzhov Control TDtB ST Jan 2014.mwDeck.dck",707DA48EBBD2D45EEF1B3AFC176A184BF9131B23160A5C74B44FAE5CEDAD1864,780
"source/upstream-07ecb7cf/Mage.Client/release/sample-decks/Decks to Beat/Orzhov Control TDtB ST Jul 2014.mwDeck.dck",CE153C73AE1F0324F206DAB723B0AF607ECFDC15E0A1435068530227FC65C020,877
"source/upstream-07ecb7cf/Mage.Client/release/sample-decks/Decks to Beat/Orzhov Control TDtB ST Mar 2014.mwDeck.dck",BB8D165E13075BA12EFBE9824A6DF7CA0E4C9A5695B4FE93BCD8B7E600AAB47F,806
"source/upstream-07ecb7cf/Mage.Client/release/sample-decks/Decks to Beat/Orzhov Control TDtB ST May 2014.mwDeck.dck",106B15DDA094EEE72FF287C264CEEB7274BF56E02EA08359B5FA98B6422E73F7,700
"source/upstream-07ecb7cf/Mage.Client/release/sample-decks/Decks to Beat/Orzhov Midrange TDtB ST Jan 2014.mwDeck.dck",845FF6FD54256CD17008122145BF39BF116A48429402E2AD259D43A09F848769,780
"source/upstream-07ecb7cf/Mage.Client/release/sample-decks/Decks to Beat/Orzhov Midrange TDtB ST Oct 2013.mwDeck.dck",8DF94DE288DAFC7DC69212741780D5705872682AC7A54B082E66F76ED4E31CE7,877
"source/upstream-07ecb7cf/Mage.Client/release/sample-decks/Decks to Beat/Patriot Midrange TDtB ST May 2013.mwDeck.dck",634401653441D69E6AB38211AE084C3611D2981BCFB838451C7FA3F6BFFFA5CA,922
"source/upstream-07ecb7cf/Mage.Client/release/sample-decks/Decks to Beat/Prime Speaker Bant TDtB ST May 2013.mwDeck.dck",D6E27D2BE30FA511EBD3693F71D74526D9D0018C68272A744F733C7CDE3BA980,925
"source/upstream-07ecb7cf/Mage.Client/release/sample-decks/Decks to Beat/Quest WW TDtB ST Dec 2010.mwDeck.dck",88E4B7E34FEE8A8404AE50CA330081EC6B02BF433455F8BC2DAAD46A48F74F16,516
"source/upstream-07ecb7cf/Mage.Client/release/sample-decks/Decks to Beat/Rakdos Aggro TDtB ST Dec 2012.mwDeck.dck",F508FA08AACE4421650052B4CE86CD3DFC07F3032823B29C6D6E99EAC0E8BF75,648
"source/upstream-07ecb7cf/Mage.Client/release/sample-decks/Decks to Beat/Rakdos Aggro TDtB ST Jan 2013.mwDeck.dck",123324F199ADD5CDD0B79B7080A250C38E4B95570795529D1E7A72C14C490281,782
"source/upstream-07ecb7cf/Mage.Client/release/sample-decks/Decks to Beat/Rakdos Aggro TDtB ST Nov 2012.mwDeck.dck",2AB6A66CDAB338846801A9BFB6805C71E7B2A3D98CE13515CF6008F45078581F,712
"source/upstream-07ecb7cf/Mage.Client/release/sample-decks/Decks to Beat/Reanimator TDtB ST Dec 2012.mwDeck.dck",25397C545766555D5A8F1A3E47EB28A6A19793231EE15B3E72D849DC43750737,728
"source/upstream-07ecb7cf/Mage.Client/release/sample-decks/Decks to Beat/Reanimator TDtB ST Jan 2013.mwDeck.dck",647CB27CE3845F23BAC7B3A221E1450E02774F6D6AAFA7AA38339697228D88C6,806
"source/upstream-07ecb7cf/Mage.Client/release/sample-decks/Decks to Beat/Red Deck Wins TDtB ST Apr 2014.mwDeck.dck",936F08A8EF4BFD6F09724BE0F28E3FAB7207F6694CAA0BBCA48C2A701AA5C12B,565
"source/upstream-07ecb7cf/Mage.Client/release/sample-decks/Decks to Beat/Red Deck Wins TDtB ST Aug 2011.mwDeck.dck",661516BB0E64264416C0A8FDC9C9EDC79EEC1775F3EBDBC1A625A9686B890790,691
"source/upstream-07ecb7cf/Mage.Client/release/sample-decks/Decks to Beat/Red Deck Wins TDtB ST Aug 2014.mwDeck.dck",B11D11D22852C4D8B7236E550805BD4393B7B5E1872D41A9938C23A36A6E983F,696
"source/upstream-07ecb7cf/Mage.Client/release/sample-decks/Decks to Beat/Red Deck Wins TDtB ST Dec 2010.mwDeck.dck",41901D97E244353B3E4C6EB2549DFCB4D785253258D07D1C82E1161C6CC42CC1,565
"source/upstream-07ecb7cf/Mage.Client/release/sample-decks/Decks to Beat/Red Deck Wins TDtB ST Dec 2011.mwDeck.dck",2702C4479F5F8769A4FCF35A0E70BFABE5FF433522628116648BC18505D4538E,576
"source/upstream-07ecb7cf/Mage.Client/release/sample-decks/Decks to Beat/Red Deck Wins TDtB ST Dec 2013.mwDeck.dck",2E5D26B0A3A00779FCDA34A0BB9610FB1BAA45AC61BF59D2EE5E2C40E12EBC77,459
"source/upstream-07ecb7cf/Mage.Client/release/sample-decks/Decks to Beat/Red Deck Wins TDtB ST Dec 2014.mwDeck.dck",3677147D532E0CD5D56223EE1A6B93235998DF9C47323E4EA9300C0603E29CC7,601
"source/upstream-07ecb7cf/Mage.Client/release/sample-decks/Decks to Beat/Red Deck Wins TDtB ST Feb 2011.mwDeck.dck",D8989A9A8C5519F01326A15034DEF7043A7A5C3F528E1E8CBA2F0F67DBA5B2FC,575
"source/upstream-07ecb7cf/Mage.Client/release/sample-decks/Decks to Beat/Red Deck Wins TDtB ST Feb 2013.mwDeck.dck",CBAB3BC99FFB2DA8811DC437E84BEDDE86AA09F94A5584754DA1B4A4160D572A,458
"source/upstream-07ecb7cf/Mage.Client/release/sample-decks/Decks to Beat/Red Deck Wins TDtB ST Jan 2012.mwDeck.dck",2702C4479F5F8769A4FCF35A0E70BFABE5FF433522628116648BC18505D4538E,576
"source/upstream-07ecb7cf/Mage.Client/release/sample-decks/Decks to Beat/Red Deck Wins TDtB ST Jan 2013.mwDeck.dck",2727470516B7ED7B519CB7F1FA6236C5B15DB421072BE29841D79605EC12D79F,588
"source/upstream-07ecb7cf/Mage.Client/release/sample-decks/Decks to Beat/Red Deck Wins TDtB ST Jul 2011.mwDeck.dck",ED71E0DAA8EECA90CFE4BD0A7375AA250B598369E0B048D88FF1A714B86F3638,563
"source/upstream-07ecb7cf/Mage.Client/release/sample-decks/Decks to Beat/Red Deck Wins TDtB ST Jun 2011.mwDeck.dck",A684A52968E82097B50976E3EB3895392BCBC013C06B9899A07B7C0D4293B84A,500
"source/upstream-07ecb7cf/Mage.Client/release/sample-decks/Decks to Beat/Red Deck Wins TDtB ST Jun 2014.mwDeck.dck",6B295C4020E8D29095437580F7216B55BC422A5881FBE8CF3A49F3AD9F7D492A,539
"source/upstream-07ecb7cf/Mage.Client/release/sample-decks/Decks to Beat/Red Deck Wins TDtB ST Mar 2015.mwDeck.dck",950CF5F1C7A45705292F155566E730F1913995FF9CEF6E682CD9044D8A18F46D,577
"source/upstream-07ecb7cf/Mage.Client/release/sample-decks/Decks to Beat/Red Deck Wins TDtB ST May 2011.mwDeck.dck",1F7A058BEAEC7F7CAD8E7D0A52EA2E012F1650A9B88BD0C574F75334571356F7,558
"source/upstream-07ecb7cf/Mage.Client/release/sample-decks/Decks to Beat/Red Deck Wins TDtB ST Nov 2011.mwDeck.dck",96BD417EBABB81FD2C03A08078DE492A469A6BB356DFBB4FAE763C2E47C33811,546
"source/upstream-07ecb7cf/Mage.Client/release/sample-decks/Decks to Beat/Red Deck Wins TDtB ST Nov 2012.mwDeck.dck",B52D5058F3308EB4F8650C9C0F99844D17770E651654479F599047758858C731,647
"source/upstream-07ecb7cf/Mage.Client/release/sample-decks/Decks to Beat/Red Deck Wins TDtB ST Nov 2013.mwDeck.dck",BA0D76D9998AC8B800A1B6A29C8B2DAFB9B4914B6F97E171E1AEB5F8E0FE8E22,536
"source/upstream-07ecb7cf/Mage.Client/release/sample-decks/Decks to Beat/Red Deck Wins TDtB ST Nov 2014.mwDeck.dck",024E928A87FF61CA075850C290685933B60412E1671583099F14A1A013BEDA42,527
"source/upstream-07ecb7cf/Mage.Client/release/sample-decks/Decks to Beat/Red Deck Wins TDtB ST Oct 2011.mwDeck.dck",750DD50A7349C063C928D834FBBBDE261E3E054F93DE2D115B8D2419D1F1800C,535
"source/upstream-07ecb7cf/Mage.Client/release/sample-decks/Decks to Beat/Red Deck Wins TDtB ST Sep 2011.mwDeck.dck",8714A161120718B6D7EF58592C1EEF33D14CC577928E7B00BE8E3D54137865F7,587
"source/upstream-07ecb7cf/Mage.Client/release/sample-decks/Decks to Beat/RUG Control TDtB ST Apr 2011.mwDeck.dck",B0DE808CD5E6BEEE2525030EC0482745E55F6C167AB08BB8025AE85EFE2E1075,685
"source/upstream-07ecb7cf/Mage.Client/release/sample-decks/Decks to Beat/RUG Control TDtB ST Dec 2010.mwDeck.dck",468AC349D654809F020B61631232C48F95DDD39CE749EEEB3A726F86018F4BFA,661
"source/upstream-07ecb7cf/Mage.Client/release/sample-decks/Decks to Beat/RUG Control TDtB ST Feb 2011.mwDeck.dck",044FEFFAD7713A1FB2A9AFA6D92A57AE96E171B4D616C49584F25363FE15BA91,631
"source/upstream-07ecb7cf/Mage.Client/release/sample-decks/Decks to Beat/RUG Control TDtB ST Mar 2011.mwDeck.dck",BD2CCC850A9B2A86E6B20881C3B2D86B4BDC59F778133630DB5BAB3E9C718220,630
"source/upstream-07ecb7cf/Mage.Client/release/sample-decks/Decks to Beat/RUG Control TDtB ST Oct 2011.mwDeck.dck",DD4FD42942F9FAD80D5F784D8234B69679914C9E8BB6EEA1414450DCF4F9A035,797
"source/upstream-07ecb7cf/Mage.Client/release/sample-decks/Decks to Beat/RUG Twin Exarch TDtB ST May 2011.mwDeck.dck",733BB9D042D41A4563ED40A9D2D02CA16F6D99BEC69AB3F79BD27E8E7E91C11D,646
"source/upstream-07ecb7cf/Mage.Client/release/sample-decks/Decks to Beat/RUG Twin Pod TDtB ST Aug 2011.mwDeck.dck",2A37EDC5F78CD67509F6A273C6AE160A9E6B8F21B08FC0D69BEF97E5BCA71372,893
"source/upstream-07ecb7cf/Mage.Client/release/sample-decks/Decks to Beat/RUG Twin Pod TDtB ST Jul 2011.mwDeck.dck",EE14C19585CC1B3C7B267F76A4F195EA88B6CAE8C6A2205BC86966F1ACD7A182,912
"source/upstream-07ecb7cf/Mage.Client/release/sample-decks/Decks to Beat/Saint WW TDtB ST Jan 2012.mwDeck.dck",CF1057E0F6A7D585A24EDBC36880AD86A865F478A34C094DBAB7728940FB73A2,1095
"source/upstream-07ecb7cf/Mage.Client/release/sample-decks/Decks to Beat/Saint WW TDtB ST Oct 2011.mwDeck.dck",7E073A991D0172818C29D1E8326325BD1FEE75D23593A8D1A7D0908ADE3C1175,603
"source/upstream-07ecb7cf/Mage.Client/release/sample-decks/Decks to Beat/Saint WW with Leaks TDtB ST Dec 2011.mwDeck.dck",D55EF46BC5500C9691DE40A1E3F1B9175B28E793C3FCF874C36755CDFFCB1AF5,859
"source/upstream-07ecb7cf/Mage.Client/release/sample-decks/Decks to Beat/Saint WW with Leaks TDtB ST Nov 2011.mwDeck.dck",7A53395605BEAC0BE22A49FD4715093AE53B46D2DE461C7CDBC4D67EBB0A1233,775
"source/upstream-07ecb7cf/Mage.Client/release/sample-decks/Decks to Beat/Saito Naya TDtB ST Feb 2013.mwDeck.dck",31B15C44F75A5D1E34399056853B524A579B66239AABC572F838032DD7C47058,722
"source/upstream-07ecb7cf/Mage.Client/release/sample-decks/Decks to Beat/Selesnya Aggro TDtB ST Aug 2014.mwDeck.dck",0637BBE3348F976E58C5FA062687E43AE5A691062AA9A46D17776328C8261480,654
"source/upstream-07ecb7cf/Mage.Client/release/sample-decks/Decks to Beat/Selesnya Aggro TDtB ST Jul 2014.mwDeck.dck",744F1750A362B7F2F3ACE71EB40D631FA06ECC7D524E0104B692139CEE185417,733
"source/upstream-07ecb7cf/Mage.Client/release/sample-decks/Decks to Beat/Selesnya Aggro TDtB ST May 2015.mwDeck.dck",490BD55C8CF5CCDB7CA62B106033531AE97E39BED9F1C969172E8D53566FDBB2,822
"source/upstream-07ecb7cf/Mage.Client/release/sample-decks/Decks to Beat/Selesnya Aggro TDtB ST Nov 2012.mwDeck.dck",ED69AA7C0A751AE5F0E210E106C6F54884A47B5DF9769E5D0A93BC3C322BDB30,809
"source/upstream-07ecb7cf/Mage.Client/release/sample-decks/Decks to Beat/Selesnya Aggro TDtB ST Nov 2013.mwDeck.dck",F2BEE01CEB255A13FC1703A34BE700B21481F1CAF05BC0483AF2EFDA6DC53DB4,619
"source/upstream-07ecb7cf/Mage.Client/release/sample-decks/Decks to Beat/Selesnya Aggro TDtB ST Oct 2012.mwDeck.dck",9BA9E76C211E11AEBCD1EC58AC7353D0EDD430BF415FF090DAF42B59DF1F4B41,822
"source/upstream-07ecb7cf/Mage.Client/release/sample-decks/Decks to Beat/Selesnya Aggro TDtB ST Oct 2013.mwDeck.dck",B18382C83BEB7F213EABCAE04D75AC1C319715F05D1B6AA9B2F7DB4DC7DE0C35,705
"source/upstream-07ecb7cf/Mage.Client/release/sample-decks/Decks to Beat/Solar Flare TDtB ST Aug 2012.mwDeck.dck",F407F5F4A43387174EFDFFA975DC05BDF8EBDA80DDC79570A1030202422183AA,962
"source/upstream-07ecb7cf/Mage.Client/release/sample-decks/Decks to Beat/Solar Flare TDtB ST May 2012.mwDeck.dck",17E5F951EF2E71F3C8C3168C9717845952C02A16613A442139B5354E80107B2F,835
"source/upstream-07ecb7cf/Mage.Client/release/sample-decks/Decks to Beat/Solar Flare TDtB ST Nov 2011.mwDeck.dck",86402D6EDFEF942C44F82FA8068C4A96C9AF28A35A17FC89118665058C0078B5,837
"source/upstream-07ecb7cf/Mage.Client/release/sample-decks/Decks to Beat/Solar Flare TDtB ST Oct 2011.mwDeck.dck",A6723982357586CB35F76842CDCC38B7079FAF15DE12776A94602CCBA33A5157,864
"source/upstream-07ecb7cf/Mage.Client/release/sample-decks/Decks to Beat/Spirit Delver TDtB ST Feb 2012.mwDeck.dck",5D73926B957DAAE4D6827756A321EB11DB1A0C6DFC0BC0A1F868C0D9B107DC9A,892
"source/upstream-07ecb7cf/Mage.Client/release/sample-decks/Decks to Beat/Sultai Whip TDtB ST Apr 2015.mwDeck.dck",2ACC30EADE5E74E000C61E542C0DC2E6A2C98B91E9ACA48D788EE688F50F1074,1077
"source/upstream-07ecb7cf/Mage.Client/release/sample-decks/Decks to Beat/Sultai Whip TDtB ST Dec 2014.mwDeck.dck",529EF43A172F9BEC69E6769A26CAE4C363649B00D96EAB543533B701F8B9008C,891
"source/upstream-07ecb7cf/Mage.Client/release/sample-decks/Decks to Beat/Sultai Whip TDtB ST Feb 2015.mwDeck.dck",CE769856C3500C057B988DF611424E0BA6B7852F15F2CB8326784AC68068462A,882
"source/upstream-07ecb7cf/Mage.Client/release/sample-decks/Decks to Beat/Sultai Whip TDtB ST Jan 2015.mwDeck.dck",1C0406F78C9792BF45D9E42EC04793F8CAF8930A3EC8B0AE297ADD6283AB8BFC,1046
"source/upstream-07ecb7cf/Mage.Client/release/sample-decks/Decks to Beat/Tempered Steel TDtB ST Aug 2011.mwDeck.dck",74AF9B572E5F1E9E58A116F8DDF35AEE0C4CAC252EC2142B2A8164C146E2D66E,553
"source/upstream-07ecb7cf/Mage.Client/release/sample-decks/Decks to Beat/Tempered Steel TDtB ST Dec 2011.mwDeck.dck",5D02297C2EA33D67F9B4148DCECB40742723CD503DB89938B938BAE80269A1E1,647
"source/upstream-07ecb7cf/Mage.Client/release/sample-decks/Decks to Beat/Tempered Steel TDtB ST Jan 2012.mwDeck.dck",5D02297C2EA33D67F9B4148DCECB40742723CD503DB89938B938BAE80269A1E1,647
"source/upstream-07ecb7cf/Mage.Client/release/sample-decks/Decks to Beat/Tempered Steel TDtB ST Jul 2011.mwDeck.dck",9CDD8CAC6E6F6287D94F8E60AB5B93A8879AC646390AF4E63F9481D5C7FA96D8,522
"source/upstream-07ecb7cf/Mage.Client/release/sample-decks/Decks to Beat/Tempered Steel TDtB ST May 2011.mwDeck.dck",715E2A181AE754BCA7611F54748B236627984153263DBC6F2A1BFAA12F1A1C1F,537
"source/upstream-07ecb7cf/Mage.Client/release/sample-decks/Decks to Beat/Tempered Steel TDtB ST Nov 2011.mwDeck.dck",D164E458974DF63ADCCDD1C31D965CBBFC53AF2B05D416374EF522512583C0C4,618
"source/upstream-07ecb7cf/Mage.Client/release/sample-decks/Decks to Beat/Tempered Steel TDtB ST Oct 2011.mwDeck.dck",E9953A135FE56E85BFB66D1F9CD0047000B6CEEC7D50E9ED5729D80925AAE738,574
"source/upstream-07ecb7cf/Mage.Client/release/sample-decks/Decks to Beat/Tempered Steel TDtB ST Sep 2011.mwDeck.dck",14DE4E1C737D3C2E1D16EB932D39181E14C5E669E03B4AABCEE199D0C3D71A52,515
"source/upstream-07ecb7cf/Mage.Client/release/sample-decks/Decks to Beat/Temur Aggro TDtB ST Dec 2014.mwDeck.dck",914ED1B5F0058310886A16E19C9B5BEAA5719C87873F306B56FD2F9F5BA56938,922
"source/upstream-07ecb7cf/Mage.Client/release/sample-decks/Decks to Beat/Temur Aggro TDtB ST Nov 2014.mwDeck.dck",1E07934187B1242B6D9ED5AC6BA03D062D279686A06B38D44E38468D313040D7,872
"source/upstream-07ecb7cf/Mage.Client/release/sample-decks/Decks to Beat/Thalia WW TDtB ST Feb 2012.mwDeck.dck",3ADE5102AF838C52867B7D8A7C3F2F17FF46B22E6D7A82FDE6D2B94CB4F4B4FF,846
"source/upstream-07ecb7cf/Mage.Client/release/sample-decks/Decks to Beat/The Aristocrats TDtB ST Feb 2013.mwDeck.dck",CD98841090090CA7775BF212D0974777497FB87F274E27A81DF1E1830F86B4BB,871
"source/upstream-07ecb7cf/Mage.Client/release/sample-decks/Decks to Beat/The Aristocrats TDtB ST Mar 2013.mwDeck.dck",CD98841090090CA7775BF212D0974777497FB87F274E27A81DF1E1830F86B4BB,871
"source/upstream-07ecb7cf/Mage.Client/release/sample-decks/Decks to Beat/Tokens TDtB ST Nov 2012.mwDeck.dck",FB0D14F63E6F84B81F6EEE8392735178CAFC46C98E9BF8F8690870CF5B2E46E6,1002
"source/upstream-07ecb7cf/Mage.Client/release/sample-decks/Decks to Beat/Torpor Tezz TDtB ST Jun 2011.mwDeck.dck",9726A8959EE61EB681EC75B9DF5257F1DA340828AB156A78AB82C131400C97CC,846
"source/upstream-07ecb7cf/Mage.Client/release/sample-decks/Decks to Beat/Trinket UB Control TDtB ST Dec 2010.mwDeck.dck",C77DF1F0FDE01A922C4016622BF80A5CDE91E62377D1A9798029A96D30C9A04A,865
"source/upstream-07ecb7cf/Mage.Client/release/sample-decks/Decks to Beat/UB Control TDtB ST Apr 2011.mwDeck.dck",9A3D25215BFD69F432576FC8E800CBFBA68DF39466FB16AA3B30F3102A3B48CB,876
"source/upstream-07ecb7cf/Mage.Client/release/sample-decks/Decks to Beat/UB Control TDtB ST Aug 2011.mwDeck.dck",CF3891CC7ED9D6C37B5F33B1616279DD726C01D2A01759DD9730410B5ACCF9C3,940
"source/upstream-07ecb7cf/Mage.Client/release/sample-decks/Decks to Beat/UB Control TDtB ST Feb 2011.mwDeck.dck",AD697800EFBF951E45D253664690CE7682D92600C3D91E8CBB2CFDF2370B93C1,903
"source/upstream-07ecb7cf/Mage.Client/release/sample-decks/Decks to Beat/UB Control TDtB ST Feb 2015.mwDeck.dck",71479F0379B1A718AD91ADC60455CD4947FB78AC905A56E5B292A7D7595C4CAE,865
"source/upstream-07ecb7cf/Mage.Client/release/sample-decks/Decks to Beat/UB Control TDtB ST Mar 2015.mwDeck.dck",0E8C7901F46DE0A90EA5972C9F4DA0B9A5794DE24C098C608D32E7803FB47FBC,931
"source/upstream-07ecb7cf/Mage.Client/release/sample-decks/Decks to Beat/UB Control TDtB ST Oct 2011.mwDeck.dck",04B68F42B56827378990E37805822B36707518C798505D77DC0B4CAA42000B9D,743
"source/upstream-07ecb7cf/Mage.Client/release/sample-decks/Decks to Beat/UB Control TDtB ST Sep 2011.mwDeck.dck",A028465FFC79BA52F971C807723CA4AE2FFC97D998789E44CF93AA9E55CA6367,822
"source/upstream-07ecb7cf/Mage.Client/release/sample-decks/Decks to Beat/UB Infect TDtB ST Apr 2011.mwDeck.dck",D04E839AA05CCB5B30D2CAC964926A088FDDC1E745673C7E7E86F0C77B628F08,693
"source/upstream-07ecb7cf/Mage.Client/release/sample-decks/Decks to Beat/UB Zombi TDtB ST Feb 2012.mwDeck.dck",6F925805673EE1CAF2712CAF5124FC1B9C62AA778E9DC677027AC062DCF1B8AD,522
"source/upstream-07ecb7cf/Mage.Client/release/sample-decks/Decks to Beat/UG Fauna TDtB ST Dec 2010.mwDeck.dck",FDD58FF699436EF116E276C5C02496C73C5FD74F38ED4DE2D90B1150C05A672D,675
"source/upstream-07ecb7cf/Mage.Client/release/sample-decks/Decks to Beat/Unsolar Flare TDtB ST Jan 2012.mwDeck.dck",FDFEA0FB296DBC7E2877F01533D750D1C224D1B2CCC53245C15BEDD36AF8D3B9,1071
"source/upstream-07ecb7cf/Mage.Client/release/sample-decks/Decks to Beat/UR Exarch Twin TDtB ST Aug 2011.mwDeck.dck",4E2EEE60A8963E5AAC359F52B079C60AA35EED478C1917F9A924985F57B253BB,683
"source/upstream-07ecb7cf/Mage.Client/release/sample-decks/Decks to Beat/UR ExarchTwin TDtB ST Jul 2011.mwDeck.dck",648DFE0778248E67030F949B8BD4A9420B9F35408A9926E063457505233327C3,632
"source/upstream-07ecb7cf/Mage.Client/release/sample-decks/Decks to Beat/UR ExarchTwin TDtB ST Jun 2011.mwDeck.dck",F959D89B088D5827888F967AB5A126DD11EE18D0A766592D98C16D75E0E18E00,759
"source/upstream-07ecb7cf/Mage.Client/release/sample-decks/Decks to Beat/UR ExarchTwin TDtB ST Sep 2011.mwDeck.dck",6B2254716EE601BE2C34739ADDD5294B5ED15DA8F82F5B33B5F135E74D264BF3,655
"source/upstream-07ecb7cf/Mage.Client/release/sample-decks/Decks to Beat/UR Snap-Burn TDtB ST Dec 2011.mwDeck.dck",3E8D49760A3693FA882F8817286C319907E3340C7F003E1D55823A6BBFFCFF34,651
"source/upstream-07ecb7cf/Mage.Client/release/sample-decks/Decks to Beat/UW Blade TDtB ST Oct 2011.mwDeck.dck",B182D9E411599C6138AD67D677C1D9A2DC022C41E0FB587139DD5A7D2731A04E,806
"source/upstream-07ecb7cf/Mage.Client/release/sample-decks/Decks to Beat/UW Control TDtB ST Aug 2014.mwDeck.dck",7A294688EA4A94B304609F907947658D3D88C2900E4F13FB02FEDD10743BE8AB,923
"source/upstream-07ecb7cf/Mage.Client/release/sample-decks/Decks to Beat/UW Control TDtB ST Dec 2010.mwDeck.dck",B4397E5ABEC9BF8CC96F08BDDC433D84AF91C4C18BB50998D5090722ECECA2AE,612
"source/upstream-07ecb7cf/Mage.Client/release/sample-decks/Decks to Beat/UW Control TDtB ST Dec 2013.mwDeck.dck",6F3CFE5ED1871D3988CC78BD862CD492D215AE7B86F60CAC4BFF7F42DA7C2EAE,704
"source/upstream-07ecb7cf/Mage.Client/release/sample-decks/Decks to Beat/UW Control TDtB ST Feb 2014.mwDeck.dck",A6C9E8D1603922D3EE4EA29F483A0538F461B4FD0EDD15D994696B6EF5ECEA95,625
"source/upstream-07ecb7cf/Mage.Client/release/sample-decks/Decks to Beat/UW Control TDtB ST Jan 2014.mwDeck.dck",788ECA21A05CC9E55516F34EBA4827113DD5A53C2F5AE1B973A1907F9FC19A9C,756
"source/upstream-07ecb7cf/Mage.Client/release/sample-decks/Decks to Beat/UW Control TDtB ST Jul 2011.mwDeck.dck",5BD5AE057A64C9AED3B7BE9FC8BF73AD90BEF9CC450AF87F55EDFD6B3C7964A2,812
"source/upstream-07ecb7cf/Mage.Client/release/sample-decks/Decks to Beat/UW Control TDtB ST Jul 2014.mwDeck.dck",124655B9A8331B84E25C43E8D767A19000BF1F2DAD232846FC549FB483F626D7,759
"source/upstream-07ecb7cf/Mage.Client/release/sample-decks/Decks to Beat/UW Control TDtB ST Jun 2014.mwDeck.dck",36142DEB563438B46F7E7AD924BA5F38B9CBDE02BE02341C8ACDE0EAD0D05B4E,758
"source/upstream-07ecb7cf/Mage.Client/release/sample-decks/Decks to Beat/UW Control TDtB ST May 2014.mwDeck.dck",4D027548734A482C5B857C9D3A496017C98092A36A1D3A14297EE70BF869F8FD,844
"source/upstream-07ecb7cf/Mage.Client/release/sample-decks/Decks to Beat/UW Delver TDtB ST Apr 2012.mwDeck.dck",8986189981F8F3AC07048D4A4E07071256B1B911CC307AB6E17EE3B4C36E5C67,814
"source/upstream-07ecb7cf/Mage.Client/release/sample-decks/Decks to Beat/UW Delver TDtB ST Aug 2012.mwDeck.dck",8C09E4C82B93555F77E0CE9D11D6676CFD6FB1636E232411F991A2BF41E58640,716
"source/upstream-07ecb7cf/Mage.Client/release/sample-decks/Decks to Beat/UW Delver TDtB ST Feb 2012.mwDeck.dck",500F845DE84060249501C63FCA443B79E3780FD1BCBD46B4E9F52A36C53AC565,784
"source/upstream-07ecb7cf/Mage.Client/release/sample-decks/Decks to Beat/UW Delver TDtB ST Jul 2012.mwDeck.dck",07B0F172BD3314D2A1467C3426046C0D3C6DAF8FE23DEC22B51D43FC1172E50E,766
"source/upstream-07ecb7cf/Mage.Client/release/sample-decks/Decks to Beat/UW Delver TDtB ST May 2012.mwDeck.dck",C695E47E8F815C2D79F28D14A5E1E4B2D4AC868F1864BB2EF11EE8E1E4ADE958,864
"source/upstream-07ecb7cf/Mage.Client/release/sample-decks/Decks to Beat/UW Flash TDtB ST Jul 2013.mwDeck.dck",AA08950B3C0E852CB5C6FD787F5C510AF008227632C3C939682FD61DEAE3271C,804
"source/upstream-07ecb7cf/Mage.Client/release/sample-decks/Decks to Beat/UW Human TDtB ST Apr 2012.mwDeck.dck",9A86A3A26058E3C26D22819BC992E29C8BDFDF93507ADF4579A38DD98420D178,627
"source/upstream-07ecb7cf/Mage.Client/release/sample-decks/Decks to Beat/UWr Control TDtB ST Oct 2012.mwDeck.dck",27AC917101749772263A1B11D3D5780368287582B7F4EC0CBD698C67BE3519AA,751
"source/upstream-07ecb7cf/Mage.Client/release/sample-decks/Decks to Beat/UWr Midrange TDtB ST Apr 2013.mwDeck.dck",496F01110E378548C6CBEB1E3D2871806340F6F06EDCD963325D93833615E387,839
"source/upstream-07ecb7cf/Mage.Client/release/sample-decks/Decks to Beat/UWr Midrange TDtB ST Jan 2013.mwDeck.dck",1A4F3D115F75C04937104FFE4C308297C048859231D8A87EC9240FB142F1D3D0,911
"source/upstream-07ecb7cf/Mage.Client/release/sample-decks/Decks to Beat/UWr Midrange TDtB ST Jun 2013.mwDeck.dck",6409A969691E8F57507A15D70709A4904BAD7F759CEA9146334692EF0A9CE1DA,882
"source/upstream-07ecb7cf/Mage.Client/release/sample-decks/Decks to Beat/UWr Midrange TDtB ST Mar 2013.mwDeck.dck",469FDAD1A8AB089A98BA0BADC17E58E46DCFD518C7F7D6EA542E64FABE7E1D8F,922
"source/upstream-07ecb7cf/Mage.Client/release/sample-decks/Decks to Beat/UWR Midrange TDtB ST Nov 2012.mwDeck.dck",E0A324010747181EDE953A8014D8B4F575719480681C2CA08576A73B6767BF99,861
"source/upstream-07ecb7cf/Mage.Client/release/sample-decks/Decks to Beat/UWx Midrange TDtB ST Aug 2013.mwDeck.dck",93612E6974DAF87ABD79E8BEC5EC4B1204B088978120F49235294DA15FF72BEC,815
"source/upstream-07ecb7cf/Mage.Client/release/sample-decks/Decks to Beat/UWx Midrange TDtB ST Dec 2012.mwDeck.dck",98DF0997EEF68AEA7D479F40C3ED95E333F957067202915488EB0DE98581CA17,615
"source/upstream-07ecb7cf/Mage.Client/release/sample-decks/Decks to Beat/Valakut Ramp TDtB ST Aug 2011.mwDeck.dck",ED45F8607C214279CC741B67C5B42CF123C9149957C7995F4ECE70CF747C2588,744
"source/upstream-07ecb7cf/Mage.Client/release/sample-decks/Decks to Beat/Valakut Ramp TDtB ST Dec 2010.mwDeck.dck",29E453B63C1DF08742F4B77158D14341B3480A4FD61E76196BD78C25C6B68226,606
"source/upstream-07ecb7cf/Mage.Client/release/sample-decks/Decks to Beat/Valakut Ramp TDtB ST Feb 2011.mwDeck.dck",63005E6BE0E0387B8CC4B208AFCE613F033E2CB524E018784B6ED99409DF301D,627
"source/upstream-07ecb7cf/Mage.Client/release/sample-decks/Decks to Beat/Valakut Ramp TDtB ST Jul 2011.mwDeck.dck",99D01219C73F1E740FF2BAB64F48D97EF628268C2BF830EE7E4CB783B547DCA5,827
"source/upstream-07ecb7cf/Mage.Client/release/sample-decks/Decks to Beat/Valakut Ramp TDtB ST Mar 2011.mwDeck.dck",168D36EC8E596EC565431A16F6006057C57CB0449812C2BF98389CF03126799F,700
"source/upstream-07ecb7cf/Mage.Client/release/sample-decks/Decks to Beat/Valakut Ramp TDtB ST May 2011.mwDeck.dck",D65C46F7DE39A68E366CED92ABE2612AB9B1D5A7621A85E3D238A8BE8A275421,626
"source/upstream-07ecb7cf/Mage.Client/release/sample-decks/Decks to Beat/Valakut Ramp TDtB ST Sep 2011.mwDeck.dck",A1B897B1DA45E5D05FFFC971435077F5073D302F7B3027F7C04CD1FDBCA8D45F,716
"source/upstream-07ecb7cf/Mage.Client/release/sample-decks/Decks to Beat/Vampires Br TDtB ST Aug 2011.mwDeck.dck",7EE38B9259A5F04F1D49311C6933B613B15C536C56176BF45FD6195AF89D963D,755
"source/upstream-07ecb7cf/Mage.Client/release/sample-decks/Decks to Beat/Weenie White TDtB ST Dec 2012.mwDeck.dck",689F13905ED3A709EA64DF24781DE2E57F9EA44E12CA8C51250CF7760210B612,699
"source/upstream-07ecb7cf/Mage.Client/release/sample-decks/Decks to Beat/WR Humans TDtB ST May 2012.mwDeck.dck",C60844270023E511328060E1764F7556348D7E3AB135222CE03F493CCF128A48,712
"source/upstream-07ecb7cf/Mage.Client/release/sample-decks/Decks to Beat/Zombie Pod TDtB ST Jul 2012.mwDeck.dck",43C43EB55650284F7F9B9A2B932EEF384E4D3AE90B1B49232E8F67FF4BE4708D,803
"source/upstream-07ecb7cf/Mage.Client/release/sample-decks/Decks to Beat/Zombies G TDtB ST Nov 2012.mwDeck.dck",566D376DEE0120309DCC148ABFE29959A629BE85DEA0C098105217D05C7220A5,591
"source/upstream-07ecb7cf/Mage.Client/release/sample-decks/Decks to Beat/Zombies TDtB ST Apr 2012.mwDeck.dck",65E168A70D45E90A751B1939F8BCCF39C2D9CE984E088C2921BCB39C374546FA,628
"source/upstream-07ecb7cf/Mage.Client/release/sample-decks/Duel Decks/Ajani vs. Nicol Bolas/Ajani.dck",025DD8A1DF9820512E8D18D80705DCDE5498C92BF0716B5C4D1516A3039EBC9B,1055
"source/upstream-07ecb7cf/Mage.Client/release/sample-decks/Duel Decks/Ajani vs. Nicol Bolas/Nicol Bolas.dck",4C09E915750CAAB9BF50363FEFEDE05E010F6E3EFBF2BE9C0EBF4F5B5C404B3D,989
"source/upstream-07ecb7cf/Mage.Client/release/sample-decks/Duel Decks/Blessed vs. Cursed/Blessed.dck",990CEF024D7ABA67C6415B5CA9BAEB7FF8C15051F945D4B92188B4883C72A058,1029
"source/upstream-07ecb7cf/Mage.Client/release/sample-decks/Duel Decks/Blessed vs. Cursed/Cursed.dck",6C368E42B0AD59C328E41D850D17817447F28C9C86044A624FA3F511647F2EB4,941
"source/upstream-07ecb7cf/Mage.Client/release/sample-decks/Duel Decks/Divine vs. Demonic/Demonic.dck",32B093D2904FB205AFCD8937D4956259799A21B88C20168F47ADE0CAA2440778,743
"source/upstream-07ecb7cf/Mage.Client/release/sample-decks/Duel Decks/Divine vs. Demonic/Divine.dck",EFC3B2D4CF0C06C3DB26CC3A596ADA8CA4F1EFD7607752C0279B5426573C3AF4,695
"source/upstream-07ecb7cf/Mage.Client/release/sample-decks/Duel Decks/Elspeth vs. Kiora/Elspeth.dck",87C2A6B3E82F2498A80111B00BD416E13DB07744B961291561EE30E5CD820235,879
"source/upstream-07ecb7cf/Mage.Client/release/sample-decks/Duel Decks/Elspeth vs. Kiora/Kiora.dck",34A76B6485D0934D511FD53A7700ACE85216F3CC59E34A65172214A61BFE8AB9,817
"source/upstream-07ecb7cf/Mage.Client/release/sample-decks/Duel Decks/Elspeth vs. Tezzeret/Elspeth.dck",6D7BFF8DF817EA76513C1A97402696060EB670AB65AA2B4811F98AC684E8CBBE,1043
"source/upstream-07ecb7cf/Mage.Client/release/sample-decks/Duel Decks/Elspeth vs. Tezzeret/Tezzeret.dck",507335A31E317E7CE0C3017541386EED689DCDF4D7A6771697858C9E8FF2DC77,1094
"source/upstream-07ecb7cf/Mage.Client/release/sample-decks/Duel Decks/Elves vs. Goblins/Elves.dck",434C51666C3165D54A7895A507681D903FB43DC80FCE80F1C8241E402D856454,821
"source/upstream-07ecb7cf/Mage.Client/release/sample-decks/Duel Decks/Elves vs. Goblins/Goblins.dck",D005F5E20636AA78E14FCA27F6E9645677553790A863D3CDF6CC066EA885B85A,856
"source/upstream-07ecb7cf/Mage.Client/release/sample-decks/Duel Decks/Garruk vs. Liliana/Garruk.dck",90C794D6E16C6963973D9DEC7BEB8E13A08A3EED8CE589246F5EA9A5C8EA3B29,773
"source/upstream-07ecb7cf/Mage.Client/release/sample-decks/Duel Decks/Garruk vs. Liliana/Liliana.dck",84CA881434F45CF58D2392B1035D4CA54E2898FD1B160BA685B30C872FD1376C,818
"source/upstream-07ecb7cf/Mage.Client/release/sample-decks/Duel Decks/Heroes vs. Monsters/Heroes.dck",4576BB29BAC7A584A6621D3C9FE7853878A25DE57A810E25879349D375D23C8E,969
"source/upstream-07ecb7cf/Mage.Client/release/sample-decks/Duel Decks/Heroes vs. Monsters/Monsters.dck",6B86D6B1587C7D29B9F54CF1DC997FEDEF4F46326A2DCCB053CF18D941346194,926
"source/upstream-07ecb7cf/Mage.Client/release/sample-decks/Duel Decks/Izzet vs. Golgari/Golgari.dck",A965EE54E68629C0ED676C93C950BC371672BD68697453A9A2508F3E3D9651B1,1172
"source/upstream-07ecb7cf/Mage.Client/release/sample-decks/Duel Decks/Izzet vs. Golgari/Izzet.dck",D2DC15EB9C0530A0ECDFBED52B0B329568C8C77C917D9D5E2D3FDA0C87BD9755,1084
"source/upstream-07ecb7cf/Mage.Client/release/sample-decks/Duel Decks/Jace vs. Chandra/Chandra.dck",B47DDB13A04F37EBDD30AC86001A045DA6916C0876841F4830506E491FE9A476,706
"source/upstream-07ecb7cf/Mage.Client/release/sample-decks/Duel Decks/Jace vs. Chandra/Jace.dck",F66712F07547DF046A70E22285A1DAC4B0C59680CBD76165DDC8C98E937204C3,769
"source/upstream-07ecb7cf/Mage.Client/release/sample-decks/Duel Decks/Jace vs. Vraska/Jace.dck",1B517E998B2CAF2045A1EA68148474B7FF12727EA3828BD24BB64601B4639DD5,1085
"source/upstream-07ecb7cf/Mage.Client/release/sample-decks/Duel Decks/Jace vs. Vraska/Vraska.dck",6ABEF07E7020BBE9C4BA4BCD5CA92D5B293934E8D7D59AB5E74DACF2101CF7AD,1248
"source/upstream-07ecb7cf/Mage.Client/release/sample-decks/Duel Decks/Knights vs. Dragons/Dragons.dck",7DD550B309813BC1508F3184296E9F92D2042693996C50294A7596D1A4FAD840,910
"source/upstream-07ecb7cf/Mage.Client/release/sample-decks/Duel Decks/Knights vs. Dragons/Knights.dck",FA2CBB20C6D7012CB4A034A4F436A08E1BB5335547DAE5AB6390659AE3B2905D,1182
"source/upstream-07ecb7cf/Mage.Client/release/sample-decks/Duel Decks/Nissa vs. Ob Nixilis/Nissa.dck",BA440D62F9F4FE9446D76663EE849339AC0D2D131D8926DC60CA7E9FA273A4DE,897
"source/upstream-07ecb7cf/Mage.Client/release/sample-decks/Duel Decks/Nissa vs. Ob Nixilis/Ob Nixilis.dck",B2E97DA4FE0D4B19CFE4D94BC6063FA7798FEE8949B48FBD6E4803C6332F61AB,888
"source/upstream-07ecb7cf/Mage.Client/release/sample-decks/Duel Decks/Phyrexia vs. Coalition/Coalition.dck",AF714E8693677D494115BF502C21AEB678070757E614701FEB80DE624920E93C,952
"source/upstream-07ecb7cf/Mage.Client/release/sample-decks/Duel Decks/Phyrexia vs. Coalition/Phyrexia.dck",6920138689DA0E7D5D1552F3CA0F431E7140855AA2282C01D38790F0EE2B0E5E,910
"source/upstream-07ecb7cf/Mage.Client/release/sample-decks/Duel Decks/Sorin vs. Tibalt/Sorin.dck",B1FADEF7E6EED204D579A5926B70774911C641CA4B7B905A8D3F323A0CE656CF,1004
"source/upstream-07ecb7cf/Mage.Client/release/sample-decks/Duel Decks/Sorin vs. Tibalt/Tibalt.dck",683E71B908E9A902C2FC2B045FD50F071D105BC1E4D453268706F8027B1C2146,992
"source/upstream-07ecb7cf/Mage.Client/release/sample-decks/Duel Decks/Speed vs. Cunning/Cunning.dck",D89CE2C57A0EC9A61E119BC7E7464340D4BDE0ACD800C69B3E6556809A21C447,1115
"source/upstream-07ecb7cf/Mage.Client/release/sample-decks/Duel Decks/Speed vs. Cunning/Speed.dck",2334D89860A945DB34F67B2A8D2865753582BE40D97294BF0A1FB014BC7B10C9,1174
"source/upstream-07ecb7cf/Mage.Client/release/sample-decks/Duel Decks/Venser vs. Koth/Koth.dck",72E386269D9C58857F5BE0D96B2487D0B1CE0A185087005E6775F8B00DB21230,856
"source/upstream-07ecb7cf/Mage.Client/release/sample-decks/Duel Decks/Venser vs. Koth/Venser.dck",54FA13F02AEA631E95D66E067DE82407B3F845B51485AF8E914AA299CCB5779A,1025
"source/upstream-07ecb7cf/Mage.Client/release/sample-decks/Duel Decks/Zendikar vs. Eldrazi/Eldrazi.dck",F127FA859D45554EB6CA0C5C9C701A0B9119920749BC6DBE9734EBDA14938CD6,882
"source/upstream-07ecb7cf/Mage.Client/release/sample-decks/Duel Decks/Zendikar vs. Eldrazi/Zendikar.dck",6D12DFB257F92F55D9B33E77998407D4D3200227A5C0ACB1E9052ADB6D14B005,1021
"source/upstream-07ecb7cf/Mage.Client/release/sample-decks/Jumpstart/jumpstart_custom.txt",5D7FE726EF2C4B54A891EE73162D2907AE3BDA569BB2DE04AD1EC00A70083D40,27240
"source/upstream-07ecb7cf/Mage.Client/release/sample-decks/Momir Basic/Momir Basic.dck",D14C8D982DA727BE9498A95914F9DA566527B5EB03444B8D1901E94D0296E53D,123
"source/upstream-07ecb7cf/Mage.Client/release/sample-decks/Planeswalk Decks/Ajani, Valiant Protector.dck",D6EEF98C20FE08DBF379A5DBCCF3470D54C2108AC0BEA0BE0F38780554BBF19D,699
"source/upstream-07ecb7cf/Mage.Client/release/sample-decks/Planeswalk Decks/Chandra, Bold Pyromancer.dck",CDC1363C454A0255BE6504DBE7C3F2BC96BEDB2E9E5D29C1114A23B04D42742C,788
"source/upstream-07ecb7cf/Mage.Client/release/sample-decks/Planeswalk Decks/Chandra, Pyrogenius.dck",A7CEF9A2F84D8366A824DAE780539FCE2242D24AD70B799E7A6CF77D2454B6AE,697
"source/upstream-07ecb7cf/Mage.Client/release/sample-decks/Planeswalk Decks/Gideon, Martial Paragon.dck",43770FDE82C09BBD93F1FE11576AF1673D0758F308D3A2BCD48B7F0C92CFD78F,610
"source/upstream-07ecb7cf/Mage.Client/release/sample-decks/Planeswalk Decks/Huatli, Dinosaur Knight.dck",7A00C128D43A4BD45F8985C224AE0F55B99CCF77506E5A0D25C7FCDA814A66E7,711
"source/upstream-07ecb7cf/Mage.Client/release/sample-decks/Planeswalk Decks/Liliana, Death Wielder.dck",880D38651432A96CE09A25BC094C8E0705139C7B02FA09683D55837B19CA8BE7,675
"source/upstream-07ecb7cf/Mage.Client/release/sample-decks/Planeswalk Decks/Nissa, Genesis Mage.dck",AAB2BAFE802479DC3269E2C73F5F983E63D4993CE437E9D760B09014E3046AED,566
"source/upstream-07ecb7cf/Mage.Client/release/sample-decks/Planeswalk Decks/Nissa, Nature's Artisan.dck",1AEAC37D56097F0BBF6392750DB4C258880406BB427DEBE04CD72AAFC9BD65FD,650
"source/upstream-07ecb7cf/Mage.Client/release/sample-decks/Planeswalk Decks/Tezzeret, Master of Metal.dck",6F200533945C0B1D92AC657D6AA7133C85F44B43E7B6AB2ED6A26BE4E96DADCB,730
"source/upstream-07ecb7cf/Mage.Client/release/sample-decks/Top8 PT and Worlds decks (Standard)/Abzan Control 58 PT Dragons of Tarkir (Brussels) ST 4-12-15.dck",33E6F050F400615909C4A3193F711E917249660749117E88AF0F3BCC12A7519D,864
"source/upstream-07ecb7cf/Mage.Client/release/sample-decks/Top8 PT and Worlds decks (Standard)/Abzan Midrange 1 PT Khans of Tarkir (Honolulu) ST 10-12-14.dck",074F19A4AACACBEC5B3832607E85FF89D8AD3ADF4BECCAEABD3C4E417D22330B,912
"source/upstream-07ecb7cf/Mage.Client/release/sample-decks/Top8 PT and Worlds decks (Standard)/Abzan Midrange(1) 34 PT Khans of Tarkir (Honolulu) ST 10-12-14.dck",C92F15C611CCC98290D7870F82EFB985D81F8F9CDF33FDF0914F2EB9D7CB259A,961
"source/upstream-07ecb7cf/Mage.Client/release/sample-decks/Top8 PT and Worlds decks (Standard)/Abzan Midrange(2) 34 PT Khans of Tarkir (Honolulu) ST 10-12-14.dck",4E0157C1D594D23AFAAFCAAC7D4402DF9BFBB2357456B4A6104A513B0DF773B8,824
"source/upstream-07ecb7cf/Mage.Client/release/sample-decks/Top8 PT and Worlds decks (Standard)/Affinity(1) 58 World Championship 2004 (San Francisco) ST 9-5-04.dck",D5537C2FD718A9356079167741D35AC6BA1897A4A6A1AF49C5F48A1A93B6395A,1019
"source/upstream-07ecb7cf/Mage.Client/release/sample-decks/Top8 PT and Worlds decks (Standard)/Affinity(2) 58 World Championship 2004 (San Francisco) ST 9-5-04.dck",AA317DF0000372FC469E9711C9B5D60D032BC130ACC655F0DCD0BDCE29B9D1B7,1031
"source/upstream-07ecb7cf/Mage.Client/release/sample-decks/Top8 PT and Worlds decks (Standard)/Astral Slide 1 World Championship 2004 (San Francisco) ST 9-5-04.dck",45104A928E0B42F0CFE10C11C61F1C7C0B24CF7F3BB010C4FD48A4EFF7DA3012,759
"source/upstream-07ecb7cf/Mage.Client/release/sample-decks/Top8 PT and Worlds decks (Standard)/Astral Slide 58 World Championship 2004 (San Francisco) ST 9-5-04.dck",981EDD1578C8D7114168D9DE2758ED1F173B909B4FEF1CFA8C6A538252A5BA22,834
"source/upstream-07ecb7cf/Mage.Client/release/sample-decks/Top8 PT and Worlds decks (Standard)/Bant 58 World Championship 2009 (Rome) ST 11-19-09.dck",FA694F56C8F227EC868B181E1CF41F0524C5E220E53ECBCBF2EA1BEAB9EDF41C,918
"source/upstream-07ecb7cf/Mage.Client/release/sample-decks/Top8 PT and Worlds decks (Standard)/BGW Angels 58 PT San Diego ST 2-21-10.dck",C3F0B5A754402A4203AAFFB71B265F02E4A47F07FEBC1FD26FD1AC8A84A189B1,892
"source/upstream-07ecb7cf/Mage.Client/release/sample-decks/Top8 PT and Worlds decks (Standard)/Black Kessig 34 PT Dark Ascension (Honolulu) ST 2-12-12.dck",F803D5805305BD6C34ACB2D8EDA5FDB05C672BC1738A3EBFE17F3AA25C43259F,963
"source/upstream-07ecb7cf/Mage.Client/release/sample-decks/Top8 PT and Worlds decks (Standard)/Boros 34 World Championship 2009 (Rome) ST 11-19-09.dck",1A9D91B4BAC625E1C8FD387E94AEF7A66D414EE8AD743763D0AA9A2AAC782073,706
"source/upstream-07ecb7cf/Mage.Client/release/sample-decks/Top8 PT and Worlds decks (Standard)/Boros Landfall 2 PT Paris ST 2-13-11.dck",F535C68DCD67F2775E1A40B6952C1A89EA47F2EEBC24A42403C7F9165CBF1958,814
"source/upstream-07ecb7cf/Mage.Client/release/sample-decks/Top8 PT and Worlds decks (Standard)/Boros Landfall 34 PT Paris ST 2-13-11.dck",5FB734962E6F860636AC05AD891A7C6F14CC5070266E04B358C25581C0825B76,781
"source/upstream-07ecb7cf/Mage.Client/release/sample-decks/Top8 PT and Worlds decks (Standard)/Boss Naya 34 PT San Diego ST 2-21-10.dck",070492F7169AC111ACF7129ECEB8256DAE8FD99261DEF175D27F1D74B7DB7764,1063
"source/upstream-07ecb7cf/Mage.Client/release/sample-decks/Top8 PT and Worlds decks (Standard)/Br Vampires 58 World Championship 2010 (Chiba) ST 12-12-10.dck",04A73C0B11CBD66CFCD7493A3AFF2891569788D418884B62296F79B29CC2A9D7,628
"source/upstream-07ecb7cf/Mage.Client/release/sample-decks/Top8 PT and Worlds decks (Standard)/Bug Critical 58 World Championship 2005 (Yokohama) ST 12-4-05.dck",2A212F93D4C12DC827157BE41E7844205532D820E1782E77E8E274C560359A3A,813
"source/upstream-07ecb7cf/Mage.Client/release/sample-decks/Top8 PT and Worlds decks (Standard)/Critical Mass 58 World Championship 2005 (Yokohama) ST 12-4-05.dck",CCCCB2CE875CDF433199427C999A5DA1A9C4B0F23D902351A5912DF69DB29AD6,769
"source/upstream-07ecb7cf/Mage.Client/release/sample-decks/Top8 PT and Worlds decks (Standard)/Dark Exalted 34 PT Kyoto ST 3-1-09.dck",75B5E1C61EA5B5E9B30DF58079A00346480CC5D4FC0C9CA4F48A20C0E43AD9E8,912
"source/upstream-07ecb7cf/Mage.Client/release/sample-decks/Top8 PT and Worlds decks (Standard)/Devotion to Black 58 PT Theros (Dublin) ST 10-13-13.dck",183AC4775DD62683441857176FC2522AFCB68DF1F7406F4A5151518BFF04E67B,623
"source/upstream-07ecb7cf/Mage.Client/release/sample-decks/Top8 PT and Worlds decks (Standard)/Devotion to Blue 1 PT Theros (Dublin) ST 10-13-13.dck",A822E330AB03EB22B5854DA5225BEB1B09D0D0CA4C05328434F23A79CF1546D4,636
"source/upstream-07ecb7cf/Mage.Client/release/sample-decks/Top8 PT and Worlds decks (Standard)/Devotion to Blue 2 PT Theros (Dublin) ST 10-13-13.dck",141D8DBB337E385DA9F0E6F080CD1B7227B14EA9FE79DEAB3C010612598E237B,655
"source/upstream-07ecb7cf/Mage.Client/release/sample-decks/Top8 PT and Worlds decks (Standard)/Devotion to Blue 34 PT Theros (Dublin) ST 10-13-13.dck",138BB84E8F32DF9100BC68A830391CBD4721F40F615486F87AFA27D821C7D891,614
"source/upstream-07ecb7cf/Mage.Client/release/sample-decks/Top8 PT and Worlds decks (Standard)/Devotion to Green 34 PT Theros (Dublin) ST 10-13-13.dck",DF949C9B5734D42D412E4F926EFCB52E5447571064EA37C1EC0D0391A65B9E8B,795
"source/upstream-07ecb7cf/Mage.Client/release/sample-decks/Top8 PT and Worlds decks (Standard)/Devotion to Gruul 34 PT Dragons of Tarkir (Brussels) ST 4-12-15.dck",C1CBB402316676C000A5997A88EDB5F94FC8BF23B437EBB561CE6AAF2565FD8D,654
"source/upstream-07ecb7cf/Mage.Client/release/sample-decks/Top8 PT and Worlds decks (Standard)/Devotion to Gruul 58 PT Dragons of Tarkir (Brussels) ST 4-12-15.dck",00B63A002595936FF6F77C085FF8573E2C7D24E5AF5788A9B1967B83974A8B8F,786
"source/upstream-07ecb7cf/Mage.Client/release/sample-decks/Top8 PT and Worlds decks (Standard)/Devotion to Red 58 PT Theros (Dublin) ST 10-13-13.dck",BCC3506853ED8B4B1F861061769FA12A88DB16062C03B342444BD506D0E0B97C,656
"source/upstream-07ecb7cf/Mage.Client/release/sample-decks/Top8 PT and Worlds decks (Standard)/Doran 58 PT Hollywood ST 5-25-08.dck",3C4F556DE0799A194C5336EC85DB9123AFC634C374DCE94BA315C8B1B8C2B7C7,811
"source/upstream-07ecb7cf/Mage.Client/release/sample-decks/Top8 PT and Worlds decks (Standard)/Doran Rock 1 World Championship 2007 (New York) ST 12-6-07.dck",BF8555BAEA78E5D8DE58A642977D9BC88D9AF46327493783396BF92F5983114B,930
"source/upstream-07ecb7cf/Mage.Client/release/sample-decks/Top8 PT and Worlds decks (Standard)/Dragonstorm 1 World Championship 2006 (Paris) ST 12-3-06.dck",D2B9FFBABC4ADB9B32AB90C333B123A85D9712BDB4DEF090434A8916BC2A70CB,737
"source/upstream-07ecb7cf/Mage.Client/release/sample-decks/Top8 PT and Worlds decks (Standard)/Eldrazi Green 34 World Championship 2010 (Chiba) ST 12-12-10.dck",0D4068D44F7C5809758BC37A4CAE468900F2FE42BFB85B79D0731B5AD1D8E1E0,699
"source/upstream-07ecb7cf/Mage.Client/release/sample-decks/Top8 PT and Worlds decks (Standard)/Elves(1) 58 World Championship 2007 (New York) ST 12-6-07.dck",34DF8EB9E0308FEEF7B2389BFFF4BA557DFEC323B6D54FF722CC6815E431D4A6,888
"source/upstream-07ecb7cf/Mage.Client/release/sample-decks/Top8 PT and Worlds decks (Standard)/Elves(2) 58 World Championship 2007 (New York) ST 12-6-07.dck",276E62660F73F3DFF4633F70FF9F532F51E86097922DF4671234E84DFC41338D,815
"source/upstream-07ecb7cf/Mage.Client/release/sample-decks/Top8 PT and Worlds decks (Standard)/Enduring Ideal 34 World Championship 2005 (Yokohama) ST 12-4-05.dck",D76F8AE3EABEEBF21402767DF501AEE8B30D781132986461E84AA1834477A2FB,808
"source/upstream-07ecb7cf/Mage.Client/release/sample-decks/Top8 PT and Worlds decks (Standard)/Esper Control 34 PT Gatecrash (Montreal) ST 2-17-13.dck",E45ACA41FBFFF69ADE491183F0279615C89B64DCC3A7096B3CF88622D3287426,836
"source/upstream-07ecb7cf/Mage.Client/release/sample-decks/Top8 PT and Worlds decks (Standard)/Esper Control 58 PT Theros (Dublin) ST 10-13-13.dck",32B3325212EABE94C97A1BA2A025F312FDD6C06EEF594B051F6A8A9869716EBC,771
"source/upstream-07ecb7cf/Mage.Client/release/sample-decks/Top8 PT and Worlds decks (Standard)/Faeries 58 PT Hollywood ST 5-25-08.dck",F27191D4462A0D99D7983E303CFB843B36B77E8CC486064DD1AAF09AF4FB7029,630
"source/upstream-07ecb7cf/Mage.Client/release/sample-decks/Top8 PT and Worlds decks (Standard)/Fauna Quest 58 PT Paris ST 2-13-11.dck",ADD4694DE1C5D4621AB876F08B6286123AF9142C3D48081B3324B1BD79ADB505,763
"source/upstream-07ecb7cf/Mage.Client/release/sample-decks/Top8 PT and Worlds decks (Standard)/GB Elves 34 PT Hollywood ST 5-25-08.dck",212BDC4C72D369AF9B323713F5314D21A5DC6D491723D10A4597D8E15C7019FD,677
"source/upstream-07ecb7cf/Mage.Client/release/sample-decks/Top8 PT and Worlds decks (Standard)/Greater Gift 2 World Championship 2005 (Yokohama) ST 12-4-05.dck",A825D4BA69E7C6F45810362DFCE74A579E19EDBDAD0F802543572F0848DFF28C,1246
"source/upstream-07ecb7cf/Mage.Client/release/sample-decks/Top8 PT and Worlds decks (Standard)/Green-White Tokens Steve Rubin Pro Tour SOI 2016.dck",B985C15658ABE56E72D9DCD28666583ABC03B6C430FDA5A99E99CA617544D646,515
"source/upstream-07ecb7cf/Mage.Client/release/sample-decks/Top8 PT and Worlds decks (Standard)/Gruul Deck Wins 1 PT Dragons of Tarkir (Brussels) ST 4-12-15.dck",524319517665F56162A77C1E9FA988FB598268F1CAA276490AFD6631D7D4B36C,770
"source/upstream-07ecb7cf/Mage.Client/release/sample-decks/Top8 PT and Worlds decks (Standard)/Gruul Dragons 58 PT Dragons of Tarkir (Brussels) ST 4-12-15.dck",DA6B451B3331D53F01AB863477F98E6DBD9CDCC4DD0E5660895F885CF656D4A1,734
"source/upstream-07ecb7cf/Mage.Client/release/sample-decks/Top8 PT and Worlds decks (Standard)/GW Aggro 2 World Championship 2011 (San Francisco) ST 11-20-11.dck",E3E995D2196DD08BA11235550A7ADBFC9F34BD09508458CA5A25BCB591B491DE,710
"source/upstream-07ecb7cf/Mage.Client/release/sample-decks/Top8 PT and Worlds decks (Standard)/Heartbeat 58 PT Honolulu ST 3-5-06.dck",2B9D9F6A16D65C0B83F5332DEE1CF890237665F8EB984A2BE928C604BC64058B,794
"source/upstream-07ecb7cf/Mage.Client/release/sample-decks/Top8 PT and Worlds decks (Standard)/Izzetron 58 PT Honolulu ST 3-5-06.dck",233455C54B0DBB53D437B00846A5299FDDF0AA0F67B8F029422190CFE1A3F257,923
"source/upstream-07ecb7cf/Mage.Client/release/sample-decks/Top8 PT and Worlds decks (Standard)/Jeskai Ascendancy 58 PT Khans of Tarkir (Honolulu) ST 10-12-14.dck",FB69C7CA1D30EEFE654B29D1567EF5C6D16929B83994E8B722700E38EF422AB9,840
"source/upstream-07ecb7cf/Mage.Client/release/sample-decks/Top8 PT and Worlds decks (Standard)/Jeskai Tempo 2 PT Khans of Tarkir (Honolulu) ST 10-12-14.dck",32C600C3FCB4766FC41C001E422598EBE8973FA0049B0E38518B21E0D0C21A48,808
"source/upstream-07ecb7cf/Mage.Client/release/sample-decks/Top8 PT and Worlds decks (Standard)/Jeskai Tempo(1) 58 PT Khans of Tarkir (Honolulu) ST 10-12-14.dck",5B3E6B29C4FFC6CA01EBB3CC39FF166366A3469DD79ADAA24F266CCA79437DEB,740
"source/upstream-07ecb7cf/Mage.Client/release/sample-decks/Top8 PT and Worlds decks (Standard)/Jeskai Tempo(2) 58 PT Khans of Tarkir (Honolulu) ST 10-12-14.dck",42601094B78BA90394DFCE8FFD31F40DB7F98AE746CB4E46363B1972BB7613C4,708
"source/upstream-07ecb7cf/Mage.Client/release/sample-decks/Top8 PT and Worlds decks (Standard)/Jund 1 PT San Diego ST 2-21-10.dck",B74E4665738903C0445A318053287EBCE55FE62C95D53A3BF500CA2E0C0FD987,714
"source/upstream-07ecb7cf/Mage.Client/release/sample-decks/Top8 PT and Worlds decks (Standard)/Jund 2 PT San Diego ST 2-21-10.dck",831CE83FFD92F7821597E6956598D0FED5C85472A6DD15F60E3D7CC64C742B4E,748
"source/upstream-07ecb7cf/Mage.Client/release/sample-decks/Top8 PT and Worlds decks (Standard)/Jund 2 World Championship 2009 (Rome) ST 11-19-09.dck",8EB04E3E299357809200B22AAB6F464924C06CF84BACBD6191A96704D3DE67DD,746
"source/upstream-07ecb7cf/Mage.Client/release/sample-decks/Top8 PT and Worlds decks (Standard)/Jund 34 PT Magic 2015 (Portland) ST 8-3-14.dck",0FE9671D33F8132A228247582D685E1BAA79D0E30B68488CA164E190A080D9DC,915
"source/upstream-07ecb7cf/Mage.Client/release/sample-decks/Top8 PT and Worlds decks (Standard)/Jund 58 PT Magic 2015 (Portland) ST 8-3-14.dck",97B5F196FC2C12D4C1E7452017E86DB504F482F3A1C42A004C6389013E342926,927
"source/upstream-07ecb7cf/Mage.Client/release/sample-decks/Top8 PT and Worlds decks (Standard)/Jund 58 PT San Diego ST 2-21-10.dck",C758A4E2329736293E2B3464E8A7DE00AD0AFA2AE1C4370E66F815EE229666BA,644
"source/upstream-07ecb7cf/Mage.Client/release/sample-decks/Top8 PT and Worlds decks (Standard)/Jund Control(1) 58 PT Gatecrash (Montreal) ST 2-17-13.dck",C7607418B5401F9B44F16C2B83E9907C4EF180629EBF8BA2A00A77232370DD98,927
"source/upstream-07ecb7cf/Mage.Client/release/sample-decks/Top8 PT and Worlds decks (Standard)/Jund Control(2) 58 PT Gatecrash (Montreal) ST 2-17-13.dck",8E2519156689F8391EAE0EEBD96053137E5B4B1B437EFD2960C21DA8B9851A83,872
"source/upstream-07ecb7cf/Mage.Client/release/sample-decks/Top8 PT and Worlds decks (Standard)/Jund(1) 58 World Championship 2009 (Rome) ST 11-19-09.dck",41BFA726AD293A2D714864425D9F796DB6CDE80C686D84E9904C70C886CBD995,670
"source/upstream-07ecb7cf/Mage.Client/release/sample-decks/Top8 PT and Worlds decks (Standard)/Jund(2) 58 World Championship 2009 (Rome) ST 11-19-09.dck",969F316ECF25B17802B72B3651763C76DA884E08D3A308C2B23AB7E9626553B8,700
"source/upstream-07ecb7cf/Mage.Client/release/sample-decks/Top8 PT and Worlds decks (Standard)/Kessig Bant 58 PT Gatecrash (Montreal) ST 2-17-13.dck",85BF76A4092BD335E59BF24C47FA65DC6A323C17F6965BBF055910DD66095D4D,896
"source/upstream-07ecb7cf/Mage.Client/release/sample-decks/Top8 PT and Worlds decks (Standard)/Kessig Titan 1 PT Dark Ascension (Honolulu) ST 2-12-12.dck",40E57563D106ABBB5F6DFAE94B62D449D649ABFCA542ADEFA8FE45AD7937B6E7,813
"source/upstream-07ecb7cf/Mage.Client/release/sample-decks/Top8 PT and Worlds decks (Standard)/Kessig Titan 1 World Championship 2011 (San Francisco) ST 11-20-11.dck",C230A4BF8E463F2CDC4F7C092381019D0758FB9C9230E56E9F1EF0A376FEA335,763
"source/upstream-07ecb7cf/Mage.Client/release/sample-decks/Top8 PT and Worlds decks (Standard)/Kessig Titan 2 PT Dark Ascension (Honolulu) ST 2-12-12.dck",E9533FB80F0ECF8586CB067E8939F6BBAB3C82327FFF0F1C584DDD13B00CBD9E,813
"source/upstream-07ecb7cf/Mage.Client/release/sample-decks/Top8 PT and Worlds decks (Standard)/Kithkins 34 World Championship 2008 (Memphis) ST 12-14-08.dck",0B8B4D3DA33FC299A85198CC4069ACF8D3373C4AB861D6A66E89EAE23AE82CF6,638
"source/upstream-07ecb7cf/Mage.Client/release/sample-decks/Top8 PT and Worlds decks (Standard)/Mono Red Aggro 58 PT San Diego ST 2-21-10.dck",1C5C1A89F07EEFF7B69D72192BE615B08A7AFEFA83652CBFB0C18E0F3452A470,633
"source/upstream-07ecb7cf/Mage.Client/release/sample-decks/Top8 PT and Worlds decks (Standard)/Mono W Tokens World Championship 2009 (Rome) ST 11-19-09.dck",8350B510E375949D4E58467BF0E071D819F6EABCE7B9F75EBCED5E00D68BA240,668
"source/upstream-07ecb7cf/Mage.Client/release/sample-decks/Top8 PT and Worlds decks (Standard)/Mystic Caw Go 1 PT Paris ST 2-13-11.dck",8DA3690F09D82C298F5C99BE89D069BBE79E9CFB3A33B5236FADFF4B75C2318B,723
"source/upstream-07ecb7cf/Mage.Client/release/sample-decks/Top8 PT and Worlds decks (Standard)/Mystic Caw Go 34 PT Paris ST 2-13-11.dck",CE0CFDE7206923AB7FAAA9FF4A2E13692755E92BD66054FC82B0CE810849FAEB,861
"source/upstream-07ecb7cf/Mage.Client/release/sample-decks/Top8 PT and Worlds decks (Standard)/Mystic Caw Go(1) 58 PT Paris ST 2-13-11.dck",4C1416DB8C2E6C2EF8A3207A5B5594473D8B1551E0084F4CB8259D3522B6FFDC,722
"source/upstream-07ecb7cf/Mage.Client/release/sample-decks/Top8 PT and Worlds decks (Standard)/Mystic Caw Go(2) 58 PT Paris ST 2-13-11.dck",ED770F2287D1FE96560851A9F828A777925FE8D68C423B9F9120E304AC7D1D84,775
"source/upstream-07ecb7cf/Mage.Client/release/sample-decks/Top8 PT and Worlds decks (Standard)/Naya 34 World Championship 2009 (Rome) ST 11-19-09.dck",1617C4BACE5A99341878B483D05E6B94AE2B1124937A7D2B9CB3FE5582086643,789
"source/upstream-07ecb7cf/Mage.Client/release/sample-decks/Top8 PT and Worlds decks (Standard)/Naya Aggro 58 PT Magic 2015 (Portland) ST 8-3-14.dck",0B949FB81BFB9A939B08CF0B0236C3D353FE456BB2D15BE6B2A1B4961C5DAF20,774
"source/upstream-07ecb7cf/Mage.Client/release/sample-decks/Top8 PT and Worlds decks (Standard)/Naya Lightsaber 1 World Championship 2009 (Rome) ST 11-19-09.dck",9ADD1C1AE15E318880D3DC5C0ECDEBF2BDB85651B84F53EEBA2452D89A14DF25,639
"source/upstream-07ecb7cf/Mage.Client/release/sample-decks/Top8 PT and Worlds decks (Standard)/Naya Pod 58 PT Dark Ascension (Honolulu) ST 2-12-12.dck",07FCFF7D98BD96FAF8F5A1EF66A061D72DAE1DFBF4B87BE0D71A369124738FD9,1075
"source/upstream-07ecb7cf/Mage.Client/release/sample-decks/Top8 PT and Worlds decks (Standard)/Open Filigree 58 PT San Diego ST 2-21-10.dck",74D4065B6BA3B503AAACCD1C4211C0F087C3555406D140E26E0AB634CE4FA9C4,885
"source/upstream-07ecb7cf/Mage.Client/release/sample-decks/Top8 PT and Worlds decks (Standard)/Orzhov Control 34 PT Magic 2015 (Portland) ST 8-3-14.dck",1095960A681A8DAE57A233C6B1BB66BA0B47979A490B33A2452E9C6C514D6E66,809
"source/upstream-07ecb7cf/Mage.Client/release/sample-decks/Top8 PT and Worlds decks (Standard)/Orzhov Control 58 PT Magic 2015 (Portland) ST 8-3-14.dck",1095960A681A8DAE57A233C6B1BB66BA0B47979A490B33A2452E9C6C514D6E66,809
"source/upstream-07ecb7cf/Mage.Client/release/sample-decks/Top8 PT and Worlds decks (Standard)/Orzhov Midrange 58 PT Theros (Dublin) ST 10-13-13.dck",CD34EA94C4DDBEB828511E6856EF77FE1483F053E3EF12A8E58C01751B58D9E0,877
"source/upstream-07ecb7cf/Mage.Client/release/sample-decks/Top8 PT and Worlds decks (Standard)/Owling Mine 34 PT Honolulu ST 3-5-06.dck",F81E8E3E6FC7412C8FAC85F3C6ED59326F69B8D44617AD3EBF96775D5A8F219A,694
"source/upstream-07ecb7cf/Mage.Client/release/sample-decks/Top8 PT and Worlds decks (Standard)/Quick n Toast 2 World Championship 2008 (Memphis) ST 12-14-08.dck",D359CEAC50E6DBA83DCB0B831B2D3EBEF16F7AC4804477F1B66F347ECF26D4CE,872
"source/upstream-07ecb7cf/Mage.Client/release/sample-decks/Top8 PT and Worlds decks (Standard)/RB Sauce 34 World Championship 2008 (Memphis) ST 12-14-08.dck",C94D1A1F5965262DFA0389FA1641E91BA815B0EFE43F7C907A19EF9FD84ADEB3,603
"source/upstream-07ecb7cf/Mage.Client/release/sample-decks/Top8 PT and Worlds decks (Standard)/Red Deck Wins 34 World Championship 2011 (San Francisco) ST 11-20-11.dck",8595622BD0CBD249D9F8909E9E138500BF631683B291D8ED6246327CD31296EC,546
"source/upstream-07ecb7cf/Mage.Client/release/sample-decks/Top8 PT and Worlds decks (Standard)/Rock(1) 58 World Championship 2007 (New York) ST 12-6-07.dck",421A9BBC8AB8E2291EC1019F70976273D5E84BF3BBAA8493FC921A558941163D,906
"source/upstream-07ecb7cf/Mage.Client/release/sample-decks/Top8 PT and Worlds decks (Standard)/Rock(2) 58 World Championship 2007 (New York) ST 12-6-07.dck",CF42B92365FB7180136443B6560B7ED465811FB61568FD7989457E9F573F200F,913
"source/upstream-07ecb7cf/Mage.Client/release/sample-decks/Top8 PT and Worlds decks (Standard)/Saint WW with Leaks 58 World Championship 2011 (San Francisco) ST 11-20-11.dck",70531E2502F8511856C790CEF3FFBCEE53FFAB1DDDEE4BA6FEFA5FFC4D9AAFEA,775
"source/upstream-07ecb7cf/Mage.Client/release/sample-decks/Top8 PT and Worlds decks (Standard)/Saito Naya 34 PT Gatecrash (Montreal) ST 2-17-13.dck",C3B371D99044971D6B414978CED0D6ED3DDFAA0300E2CB91A58EDD42835B27CA,722
"source/upstream-07ecb7cf/Mage.Client/release/sample-decks/Top8 PT and Worlds decks (Standard)/Seasons Past Control Pro Tour SOI 2016 Jon Finkel.dck",3158741D0E82E3E5B27DB04B0C8F249307304C8146607FCC2D5E7E5515CA521F,580
"source/upstream-07ecb7cf/Mage.Client/release/sample-decks/Top8 PT and Worlds decks (Standard)/Selesnya Aggro 2 PT Magic 2015 (Portland) ST 8-3-14.dck",E8E14C6B3C5FC30B04E3611FCF0A4CE7687BD90118E4226FE2514D58015DA53F,584
"source/upstream-07ecb7cf/Mage.Client/release/sample-decks/Top8 PT and Worlds decks (Standard)/Snow Mana Ramp 58 PT Hollywood ST 5-25-08.dck",D26B7776D196471017B3F99B75002843E08CF60066BA39D3CFD331610B796B15,781
"source/upstream-07ecb7cf/Mage.Client/release/sample-decks/Top8 PT and Worlds decks (Standard)/Tempered Steel 34 World Championship 2011 (San Francisco) ST 11-20-11.dck",692168E43302E7AEC5292F30198AA6274ECBF2F86456C2691F1C037FFFC0232D,618
"source/upstream-07ecb7cf/Mage.Client/release/sample-decks/Top8 PT and Worlds decks (Standard)/Tempered Steel(1) 58 World Championship 2011 (San Francisco) ST 11-20-11.dck",E672D2CC51F65C24D37098CC96C2BD173885857CD09813894C13FA083E45EF86,618
"source/upstream-07ecb7cf/Mage.Client/release/sample-decks/Top8 PT and Worlds decks (Standard)/Tempered Steel(2) 58 World Championship 2011 (San Francisco) ST 11-20-11.dck",BD699C4F13002BC5C9CECA6A6A3769589112FD6220A8CBF306B9AE9CEEB22961,618
"source/upstream-07ecb7cf/Mage.Client/release/sample-decks/Top8 PT and Worlds decks (Standard)/Tempered Steel(3) 58 World Championship 2011 (San Francisco) ST 11-20-11.dck",692168E43302E7AEC5292F30198AA6274ECBF2F86456C2691F1C037FFFC0232D,618
"source/upstream-07ecb7cf/Mage.Client/release/sample-decks/Top8 PT and Worlds decks (Standard)/Tezzeret Control 58 PT Paris ST 2-13-11.dck",C07B74CBE66240D4EE0759089E61281D4DFC3F7A32C56C64ABA96F83521B1A28,874
"source/upstream-07ecb7cf/Mage.Client/release/sample-decks/Top8 PT and Worlds decks (Standard)/The Aristocrats 1 PT Gatecrash (Montreal) ST 2-17-13.dck",5491527A6DA4F9BD15A44114513B9DE3ACBB4FDABAE90B0E07D27DCE1B2F2142,871
"source/upstream-07ecb7cf/Mage.Client/release/sample-decks/Top8 PT and Worlds decks (Standard)/Trinity 34 World Championship 2000 (Brussels) ST 8-6-00.dck",9EB381B6B4E9D9B3FC679A37A4255B0E02AB6312854A313E20A10F60B8FDA233,795
"source/upstream-07ecb7cf/Mage.Client/release/sample-decks/Top8 PT and Worlds decks (Standard)/UB Control 1 World Championship 2010 (Chiba) ST 12-12-10.dck",BF859F758425B5E7D60B67209B849C92D1BCCDA3CB98B1E15CA10F6D88B87584,767
"source/upstream-07ecb7cf/Mage.Client/release/sample-decks/Top8 PT and Worlds decks (Standard)/UB Control 2 World Championship 2010 (Chiba) ST 12-12-10.dck",4CBE83504D1F718285C46F4872113F7699FD8A8857E667999CA0C0764D923BEB,855
"source/upstream-07ecb7cf/Mage.Client/release/sample-decks/Top8 PT and Worlds decks (Standard)/UB Control 34 World Championship 2010 (Chiba) ST 12-12-10.dck",4550677A13E767FAB4B3EF540B0E643FB14D3871F22DB7676DE2092B38BA7969,874
"source/upstream-07ecb7cf/Mage.Client/release/sample-decks/Top8 PT and Worlds decks (Standard)/UB Control 58 PT Khans of Tarkir (Honolulu) ST 10-12-14.dck",EAB5E318A61179D85FE14638BB23A975CC916D8D2DACC6112E4EA5517C4DA3C2,870
"source/upstream-07ecb7cf/Mage.Client/release/sample-decks/Top8 PT and Worlds decks (Standard)/UB Control 58 World Championship 2005 (Yokohama) ST 12-4-05.dck",B8EE4B5D42DAB2EE72EDBCCC94A4720E4081CC04F0F991B5C7A66FE27380814E,886
"source/upstream-07ecb7cf/Mage.Client/release/sample-decks/Top8 PT and Worlds decks (Standard)/UB Control Dragon 2 PT Dragons of Tarkir (Brussels) ST 4-12-15.dck",317B52C4A1743A04C88C76103ED436CD4B10F7E80B10049A02365B9954B26EED,948
"source/upstream-07ecb7cf/Mage.Client/release/sample-decks/Top8 PT and Worlds decks (Standard)/UB Control Dragonless 34 PT Dragons of Tarkir (Brussels) ST 4-12-15.dck",850AB90CB892123CAEE964A4266A74B77150C531A02050324FD35C2013AF1779,1114
"source/upstream-07ecb7cf/Mage.Client/release/sample-decks/Top8 PT and Worlds decks (Standard)/UB Control(1) 58 World Championship 2010 (Chiba) ST 12-12-10.dck",DD470838ED406868EB7FACB6855DEE3A1D4AF2F1BCAD5AA6331E23D94DA8FD79,708
"source/upstream-07ecb7cf/Mage.Client/release/sample-decks/Top8 PT and Worlds decks (Standard)/UB Control(2) 58 World Championship 2010 (Chiba) ST 12-12-10.dck",605A1F4A3A643DA816F5B7FAA4E9BCAA0516512DB451D3B0D968DB0F6E76AA7A,732
"source/upstream-07ecb7cf/Mage.Client/release/sample-decks/Top8 PT and Worlds decks (Standard)/UBw Control Dragon 58 PT Dragons of Tarkir (Brussels) ST 4-12-15.dck",751EDC8A3BC093DED1E4C1D5FB3DA0ED13B14E0F954E521F20A7A44AAE279A8A,1088
"source/upstream-07ecb7cf/Mage.Client/release/sample-decks/Top8 PT and Worlds decks (Standard)/UW Control 1 PT Magic 2015 (Portland) ST 8-3-14.dck",4BCE681109156FFC410A88AD5CE095FF8C603A360C1052AA475E7C0F3CB13923,764
"source/upstream-07ecb7cf/Mage.Client/release/sample-decks/Top8 PT and Worlds decks (Standard)/UW Control 58 World Championship 2010 (Chiba) ST 12-12-10.dck",F296D52425D2DF160B0D22F56A70B483371C7784975873BF9530A84D081C4009,703
"source/upstream-07ecb7cf/Mage.Client/release/sample-decks/Top8 PT and Worlds decks (Standard)/UW Delver 58 PT Dark Ascension (Honolulu) ST 2-12-12.dck",DFB79A3D067D6CB08D710FEA29BAF26F5588732A1023A43B5A0A24517D3BBB08,795
"source/upstream-07ecb7cf/Mage.Client/release/sample-decks/Top8 PT and Worlds decks (Standard)/UW Human Delver 58 PT Dark Ascension (Honolulu) ST 2-12-12.dck",544026AFD17C39C1ECF7E4A276E141C7BAAAE695F9443700397EE75B4CF52DA5,846
"source/upstream-07ecb7cf/Mage.Client/release/sample-decks/Top8 PT and Worlds decks (Standard)/UWb Delver 34 PT Dark Ascension (Honolulu) ST 2-12-12.dck",4701B3FDBC1C95FA9D64F14F4130B405A6CD909AF907B1AE359CE5486AA34E7A,892
"source/upstream-07ecb7cf/Mage.Client/release/sample-decks/Top8 PT and Worlds decks (Standard)/UWb Delver 58 PT Dark Ascension (Honolulu) ST 2-12-12.dck",8BA04642FBFE9BD0BBBA3711FC80EB1B36DE3B934D4222AABABC19FFEE5C0B7F,910
"source/upstream-07ecb7cf/Mage.Client/release/sample-decks/Top8 PT and Worlds decks (Standard)/UWr Control 58 World Championship 2006 (Paris) ST 12-3-06.dck",76DB1F1A2A1AA8D4FBDFBBFDC9D68483535E7918FAE210997F0CE5307B116A0D,811
"source/upstream-07ecb7cf/Mage.Client/release/sample-decks/Top8 PT and Worlds decks (Standard)/UWR Midrange 2 PT Gatecrash (Montreal) ST 2-17-13.dck",D8784A1CF849401CDBCA510688A7DEA43ACE2F875FC854398B2EDE9DFACEC8FE,860
"source/upstream-07ecb7cf/Mage.Client/release/sample-decks/Top8 PT and Worlds decks (Standard)/UWR Midrange 58 PT Gatecrash (Montreal) ST 2-17-13.dck",AE0787A292BF3E021020D22237B6BC71E6CBC5259FD27FA889A98E3950A87B44,854
"source/upstream-07ecb7cf/Mage.Client/release/sample-decks/Top8 PT and Worlds decks (Standard)/WB Tokens 58 PT Kyoto ST 3-1-09.dck",95AD405C41C50F515509F6ABA68FA68723E4AC3DDD4C71A5163540E8F4067B02,719
"source/upstream-07ecb7cf/Mage.Client/release/sample-decks/Top8 PT and Worlds decks (Standard)/White Weenie 34 PT San Diego ST 2-21-10.dck",3B78ECD50EA3541E6B6A497ADAEA55817BBAA0289C0801CE55A254EBC57BFFEC,670
"source/upstream-07ecb7cf/Mage.Client/release/sample-decks/Top8 PT and Worlds decks (Standard)/WR Kithkins 58 PT Kyoto ST 3-1-09.dck",31E0BA4181C879E1B1488C5BD774483DFE12F6AFC8B0C73714E314AA4E5DF2A1,609
"source/upstream-07ecb7cf/Mage.Client/release/sample-decks/Top8 PT and Worlds decks (Standard)/WR Vengeant 34 PT Kyoto ST 3-1-09.dck",F0F725479B4246BBD400181F70953F3CE4F8A30D8BA1612C592E98EFB4B92DF0,759
"source/upstream-07ecb7cf/Mage.Client/release/sample-decks/Top8 PT and Worlds decks (Standard)/WR Vengeant 58 PT Kyoto ST 3-1-09.dck",68F4CDF224E0ACF4B46B23BA72F354F004C47EF0E2DEDAFA328488A2EE7B96E1,673
"source/upstream-07ecb7cf/Mage.Client/sounds/FeedbackNeeded.wav",7AEBCFC7F11CA4EF8A2DB803AF573042B64F84915117BE3764DDB44D28067ABD,92612
"source/upstream-07ecb7cf/Mage.Client/sounds/GameCanStart.wav",BCA82157EF9259DC7812B575FC51AB7242A1A9F24A49304D199B77439D2D54C8,105836
"source/upstream-07ecb7cf/Mage.Client/sounds/OnAddArtifact.wav",810A7CE474610B664DBD69A4D2EB7C7343B01B44C9DDE64EB62806AFBC0F435A,53998
"source/upstream-07ecb7cf/Mage.Client/sounds/OnAddPermanent.wav",D37B96146F9613C8F20E2DF29C7A39D3BE1B8FB90C3CA60DA6BA01D03E14497B,37478
"source/upstream-07ecb7cf/Mage.Client/sounds/OnAttack.wav",41E60A0232F5C98C6183295CC209F966A46841AF7EE367594C60E250F7FC05DD,41204
"source/upstream-07ecb7cf/Mage.Client/sounds/OnBlock.wav",A3FC2A330CED0F08DF9DA1370AF663F87783489664C8AB5A3C3A7D1C02F7FA0D,41176
"source/upstream-07ecb7cf/Mage.Client/sounds/OnButtonCancel.wav",9E2D4F3C00E4FE9193AD4C66D13E0EE53DA0CCBB5BB9E22ED3126A9A1FB28B7E,24482
"source/upstream-07ecb7cf/Mage.Client/sounds/OnButtonOk.wav",CCE2C6ED2C1D3E41E9B5ACD33C558A7815AC13775E511F5F733D6C55B4845E64,18128
"source/upstream-07ecb7cf/Mage.Client/sounds/OnCountdown1.wav",71D6B15D3E476711EFA5CE7AD634255E9B4056B6A38C6E0E30941D2C46CB31FF,6006
"source/upstream-07ecb7cf/Mage.Client/sounds/OnDraftSelect.wav",BDEF93C1EE3CDD275704E6EF312CFFA7AD95EEB9798780E1E576F9BA3863CB7F,12580
"source/upstream-07ecb7cf/Mage.Client/sounds/OnDraw.wav",6358F5D3D7F9441FA2E1551805E8C7796DECCD840FA27F1C593ACF5B55FA63E4,5394
"source/upstream-07ecb7cf/Mage.Client/sounds/OnEndTurn.wav",34570E11F7B243225A51EFB2A18146A18BC7629CD0D13F4BE237ACC3764AF487,80980
"source/upstream-07ecb7cf/Mage.Client/sounds/OnGameStart.wav",FB99B0AFD67BD4C6C72FCC2E1E12400279C484BD80EB4AD42BFA6CF7CE820954,59746
"source/upstream-07ecb7cf/Mage.Client/sounds/OnHover.wav",D8C697D4FB45FD3EFBFDB5A067385453FE027A313C812FA41C259450BB327AD7,7548
"source/upstream-07ecb7cf/Mage.Client/sounds/OnNextPage.wav",555D92CC3A5A6453E94776823CC2CDF1FF301D8EAA2332A52A723BA4063BD559,22816
"source/upstream-07ecb7cf/Mage.Client/sounds/OnNextPhase.wav",A839D339338003AF125F2006BCE773B529C7A46C461C4D8E4F1603B0C6BDE396,52340
"source/upstream-07ecb7cf/Mage.Client/sounds/OnPlayerJoined.wav",3A714563E7E14575D33B36A3DF769F11C43438A20C499B8E31C65201973910D7,103034
"source/upstream-07ecb7cf/Mage.Client/sounds/OnPlayerLeft.wav",100074CF2EB9A69EF03453204A01297A9D9EF56A439846C6829CE06BF10CF459,50056
"source/upstream-07ecb7cf/Mage.Client/sounds/OnPlayerLost.wav",A680EE136FE25848C29D0ADEB20B6492087935F954831843719745D2996228A6,196530
"source/upstream-07ecb7cf/Mage.Client/sounds/OnPlayerQuit.wav",0D6A73CA07C18A582A860005F8254E96E6E372D5B466A2D33A6CE36150322640,60664
"source/upstream-07ecb7cf/Mage.Client/sounds/OnPlayerQuitTournament.wav",2737F705C8F5957E8C346023EDF3AE56E698AFB765BFFB7F4CB85E1A91C854FD,91364
"source/upstream-07ecb7cf/Mage.Client/sounds/OnPlayerSubmittedDeck.wav",E846854B69333BCE8EC982489BF8DC4CB67022E9C020ABDABBC8DCAAB854F203,146852
"source/upstream-07ecb7cf/Mage.Client/sounds/OnPlayerWhispered.wav",5AE6255E06E48D421FF19EF95C50CDADD9BEDB297B2E4081761DA5724B1656BE,33740
"source/upstream-07ecb7cf/Mage.Client/sounds/OnPlayerWon.wav",ECE258CF4F018760598894A2CFFEC8E529B93B74418BF362F376A6B603EFE472,244162
"source/upstream-07ecb7cf/Mage.Client/sounds/OnPrevPage.wav",BD7D2D7BF65107E30E762897E19B2A274403CE62D0DF8499EF33319DDC0E8422,17260
"source/upstream-07ecb7cf/Mage.Client/sounds/OnSkipButton.wav",CC795EDEE07CD833BECA8701FC1298A253EC921D7053807FAC72473844049E3E,44262
"source/upstream-07ecb7cf/Mage.Client/sounds/OnSkipButtonCancel.wav",6770DFDE3F62C5350279F20B924E0B5CC3F8E4DB15550437F2B53C7844BB9F32,27836
"source/upstream-07ecb7cf/Mage.Client/sounds/OnStackNew.wav",9F3DBABCAEE7AD0C19344BD03B79514C26E2D9B980736F0B8B8E20B3651CA53F,68928
"source/upstream-07ecb7cf/Mage.Client/sounds/OnSummon-.wav",6F8BAEC7C47C4B735802CD1BAA2CE3E1296CD6E626D92B5AC9BD2BE0184F680D,71446
"source/upstream-07ecb7cf/Mage.Client/sounds/OnSummon.wav",D59E35C198269058EF05190FF1F440A80E869CF8CB30BFECCE088D65CD156A63,66322
"source/upstream-07ecb7cf/Mage.Client/sounds/OnTapPermanent.wav",138F3434F78335F0CA0814488204E492C936BE96F31B8AA1E78EFA3CE9879C60,9480
"source/upstream-07ecb7cf/Mage.Client/sounds/OnTournamentStart.wav",AF1381856DA9C96845FC9C9A50E656664DAAC78B87903E58685F178CEA73E1B5,67990
"source/upstream-07ecb7cf/Mage.Client/src/main/assembly/distribution.xml",5315DCE9167CC6A80F47CBD06C88AE8C0C71303EBD41B686B33E3EDC9DD4CEF9,3841
"source/upstream-07ecb7cf/Mage.Client/src/main/java/mage/client/MageFrame.form",995E1724AEAC98FAA07420976846B0D846B8FECF67BC4FBAFD2F271A6E595AA7,15547
"source/upstream-07ecb7cf/Mage.Client/src/main/java/mage/client/MageFrame.java",628CC6C468FCBD796E4A8733CAAE276D6973B01CB7FF4FAC495806C6803F5CB4,83389
"source/upstream-07ecb7cf/Mage.Client/src/main/java/mage/client/MagePane.form",2BCDE853CD51BC378B47D5FB9BEBAF84F171EDC151817FF91EF8129D5B5E9743,1725
"source/upstream-07ecb7cf/Mage.Client/src/main/java/mage/client/MagePane.java",2A1F79AC6C27382E741F911C35FDAD14C3353425DAB5DDB02A1E23DDF6299268,2759
"source/upstream-07ecb7cf/Mage.Client/src/main/java/mage/client/SessionHandler.java",54EEB0876A7BF9A24527D1C1077ED26910A5A30F42AE04BCF009AAD9DE1AB127,12774
"source/upstream-07ecb7cf/Mage.Client/src/main/java/mage/client/cards/BigCard.form",5F5C409EDD4853FB14C825FB816BF7EF830F040A46540C34DC3E300E7BCDC88F,3930
"source/upstream-07ecb7cf/Mage.Client/src/main/java/mage/client/cards/BigCard.java",E0820077EAFB1E303827211130BC6EF87AD0D202825AE228A8AB69366A3AA5D2,6249
"source/upstream-07ecb7cf/Mage.Client/src/main/java/mage/client/cards/CardArea.java",D74FD93C8D25FC18C79AB6FE96170B2D9F875AB595D08331234AE32AB7323A2F,12488
"source/upstream-07ecb7cf/Mage.Client/src/main/java/mage/client/cards/CardDraggerGlassPane.java",C7A41322CF1C8DB8E49BD7C89595C55678F8C58D15E004D0F5176CB74E2589D2,8426
"source/upstream-07ecb7cf/Mage.Client/src/main/java/mage/client/cards/CardEventProducer.java",0305F998ABDD6F10091A6308CAA991EA45162DBDA6152C4A1B08C728FCF6ACFD,235
"source/upstream-07ecb7cf/Mage.Client/src/main/java/mage/client/cards/CardEventSource.java",3B96766A7F7270881714D76E854137B986359BF180CCB720B0067F4A881DA57E,2208
"source/upstream-07ecb7cf/Mage.Client/src/main/java/mage/client/cards/CardGrid.form",5A62BCE2E92CFD9C5EC0A1B441FB017930E3FE569C11101306DA222BB61CFD64,1349
"source/upstream-07ecb7cf/Mage.Client/src/main/java/mage/client/cards/CardGrid.java",BC702BD3B87195ED0C17F3297C4F743B22DE27D6CA682658B821F2EC55029575,14704
"source/upstream-07ecb7cf/Mage.Client/src/main/java/mage/client/cards/CardIconsPanel.java",D70613416997F3CDC661EFCDA3B2EE175B57E3CF8E19AE007938E7FBB35AB970,19738
"source/upstream-07ecb7cf/Mage.Client/src/main/java/mage/client/cards/CardIconsPanelFactory.java",90F0CAEBCDC9EEEC977629C0296027C237DB56955A6ED21E9FA70CC218432663,1399
"source/upstream-07ecb7cf/Mage.Client/src/main/java/mage/client/cards/Cards.form",5F333125E8227A8DB649910A904A79BC3FE114233F38F616C61B8339636F8BFE,2703
"source/upstream-07ecb7cf/Mage.Client/src/main/java/mage/client/cards/Cards.java",4C558A9A46FC0E90CF7374F4FEF636BC71E404AE8532843B17920298FF318A43,14897
"source/upstream-07ecb7cf/Mage.Client/src/main/java/mage/client/cards/CardsList.form",F2E9D30A8DC082FA9E36B968A671DEE38F920FEBD45E611F3FD688F8E583C9DF,16068
"source/upstream-07ecb7cf/Mage.Client/src/main/java/mage/client/cards/CardsList.java",F9CD4B85D51A1205DB66A46062E9CBDAA7608250B57AA7321EEB4AE0580FA369,31176
"source/upstream-07ecb7cf/Mage.Client/src/main/java/mage/client/cards/DragCardGrid.java",2740AF0E59BA5CD0FABA2B169C0642F19AB990C257F95DB77D19B9574BD72007,96815
"source/upstream-07ecb7cf/Mage.Client/src/main/java/mage/client/cards/DragCardSource.java",3A565E6AB23822B82C49AD0715522684AD9771CAE5213ACDA610CF7D6E13B9B2,268
"source/upstream-07ecb7cf/Mage.Client/src/main/java/mage/client/cards/DragCardTarget.java",FA426288CD0D3512D3179A351C01A0F1ABE7CB958D42F9B9C98B0B1986972DD0,391
"source/upstream-07ecb7cf/Mage.Client/src/main/java/mage/client/cards/ICardGrid.java",3521945501DD72C0C01AA22034E73BFF63F947444800FEEBE897EEB5FEF92E3D,980
"source/upstream-07ecb7cf/Mage.Client/src/main/java/mage/client/cards/ManaBarChart.java",D972DD9DF98B3D03BC299E8F8BC8B8DB77848E0E400C097629831A65A337F9BD,5596
"source/upstream-07ecb7cf/Mage.Client/src/main/java/mage/client/cards/ManaPieChart.java",66353E1660C464A58723B3384E1F77454C3C7DE51032A209D6F7335E7E2E5717,2617
"source/upstream-07ecb7cf/Mage.Client/src/main/java/mage/client/cards/VirtualCardInfo.java",8A90E6733516BBB52CB792075882AAA6A774910475F1441C4D1764CED0AC10DB,5127
"source/upstream-07ecb7cf/Mage.Client/src/main/java/mage/client/chat/ChatPanelBasic.form",39DFF8CEAD4E2F9BC7A91515F58626AD0C988908FAC5077F278489E3306982EB,4415
"source/upstream-07ecb7cf/Mage.Client/src/main/java/mage/client/chat/ChatPanelBasic.java",281A459FC2B641E715FF4DE98CCA73BBE2B50A6D708475CB29DD2AA3BD1290EE,21485
"source/upstream-07ecb7cf/Mage.Client/src/main/java/mage/client/chat/ChatPanelSeparated.java",F434CA03A66E22A386B6B07D2143BD96037758D35B00BA3AA15C6EAC9CE8C98C,3155
"source/upstream-07ecb7cf/Mage.Client/src/main/java/mage/client/chat/LocalCommands.java",6CB2E45B8D9098CAE93040EC7C0DFFB8C1CCF14B788A669112340F9B64A4CFE6,2494
"source/upstream-07ecb7cf/Mage.Client/src/main/java/mage/client/combat/CombatManager.java",9055954E512A1D714B44E6084F2E42B5EB9664602FDBCB4D44613EEB47ACC3CB,7020
"source/upstream-07ecb7cf/Mage.Client/src/main/java/mage/client/components/BracketLegalityLabel.java",A65872CDB95F166A20F33961C7167464DA05CBBDA58A68F10E0DE8C36EFF9C55,16764
"source/upstream-07ecb7cf/Mage.Client/src/main/java/mage/client/components/ColorPane.java",414FAA0D0234919A8B708EE6887C3DC67456BD7B8831A2899B1BD45F027DAF53,1796
"source/upstream-07ecb7cf/Mage.Client/src/main/java/mage/client/components/EdhPowerLevelLegalityLabel.java",67FCAD30411AFB97453EE97A811717A3C7403D09BE26F386A7743C8FBDF65BC0,3050
"source/upstream-07ecb7cf/Mage.Client/src/main/java/mage/client/components/HoverButton.java",BBAB985FC94D376EA5FA8C6004A4764962EBDB53B316DED6EF206B2333918FAC,17323
"source/upstream-07ecb7cf/Mage.Client/src/main/java/mage/client/components/ImageButton.java",CA19DE9C6EA4D980D729EDB3018763B4CBBB130E45AB152214B42E6817C43452,1272
"source/upstream-07ecb7cf/Mage.Client/src/main/java/mage/client/components/KeyBindButton.java",005F517372AD11CE09C6E882E3E48D5BA39A82D87BB3FAC7D501881A0DB476E3,4531
"source/upstream-07ecb7cf/Mage.Client/src/main/java/mage/client/components/KeyboundButton.java",68A82E11C116F7CAFAEC45FC2BFBD3D72B1D09DAC90BF1091367EA4355A71377,2589
"source/upstream-07ecb7cf/Mage.Client/src/main/java/mage/client/components/LegalityLabel.java",FA6BDE8D3AEB56F8FF2A4FFD9BC396BEA3CC14D578758E0BE4280D3B48EEFA81,8685
"source/upstream-07ecb7cf/Mage.Client/src/main/java/mage/client/components/MageComponents.java",EEF0F45EA12E0172513A15B627DEC647FAD3EF666AAFAA7D9BE54430239EE69C,748
"source/upstream-07ecb7cf/Mage.Client/src/main/java/mage/client/components/MageDesktopIconifySupport.java",8CD46E50BF0894BF65861E08745D1A8434A4802A0C06F95D0AB9AAF8A4CE33F1,305
"source/upstream-07ecb7cf/Mage.Client/src/main/java/mage/client/components/MageDesktopManager.java",A2535EA90771003FFF9074B626E80569510D092E65DD385E4DB7CFC43FC7BE68,2030
"source/upstream-07ecb7cf/Mage.Client/src/main/java/mage/client/components/MageEditorPane.java",960C20C37FA0DF0DDCE2ADA3F17D83A338611E4606E20E39465ABF7221A159C0,11005
"source/upstream-07ecb7cf/Mage.Client/src/main/java/mage/client/components/MageJDesktop.java",6EFC18D403259E61140C0BB9A47EB8D3F5947314ECDE6BCE05F5BDF2A38192A4,813
"source/upstream-07ecb7cf/Mage.Client/src/main/java/mage/client/components/MageRoundPane.java",4BC3B3A945906C973D5E9EAF9CADC3C426737BF032D380F07BD90CDFF2318F2D,7050
"source/upstream-07ecb7cf/Mage.Client/src/main/java/mage/client/components/MageSynthStyleFactory.java",8D060483697A83B1479C88940947B1E41CBB54E2392244B626CB7CBF72E71F56,945
"source/upstream-07ecb7cf/Mage.Client/src/main/java/mage/client/components/MageTextArea.java",6558C1064582418295A68AB52E397806F10FB4710B7CDF4F45BD3DEA86340F46,2790
"source/upstream-07ecb7cf/Mage.Client/src/main/java/mage/client/components/MageUI.java",1AF8C6306E7CE4C9C47BC05C1D8A7862E6BCF7FEAAB87E2FFF25DF35E17696C6,5016
"source/upstream-07ecb7cf/Mage.Client/src/main/java/mage/client/components/StretchIcon.java",CD418E8EBD2E83ED7AA85166FF7CC2912E684F4D0875709C661BBF79A15F1147,11378
"source/upstream-07ecb7cf/Mage.Client/src/main/java/mage/client/components/TranslucentSynthSytle.java",643666C8F9F85A8605CE02CEDAE825500EFDDA9F7704CF7E5992869F4939FE2F,2896
"source/upstream-07ecb7cf/Mage.Client/src/main/java/mage/client/components/ability/AbilityPicker.java",53A6EBB261D745B449E5E309C3EC614AA9715A05673A093F4A87A167A96A3871,18393
"source/upstream-07ecb7cf/Mage.Client/src/main/java/mage/client/components/ability/BackgroundPainter.java",0E47BFF89730D7B25B5DF0DD19AA4B617D55AAC7A5288CAB1F5595E4A2A8113C,1761
"source/upstream-07ecb7cf/Mage.Client/src/main/java/mage/client/components/ability/MageScrollbarUI.java",94C5725EC39FEFD42604AAF554994092C629A7B91E1C4C9A6221A71424161FD6,5763
"source/upstream-07ecb7cf/Mage.Client/src/main/java/mage/client/components/ability/MageScrollButton.java",D398201DB2C710ABEEF318B0298CC67C8A90023F92BB2711719C6EF2106AD97D,2393
"source/upstream-07ecb7cf/Mage.Client/src/main/java/mage/client/components/ext/MessageDialogType.java",D22A99693F29F07A35CA72EF415136B58BCF26257C61CCDCC4A93EAF886C5DD1,121
"source/upstream-07ecb7cf/Mage.Client/src/main/java/mage/client/components/ext/ShadowLabel.java",A8A90240656FFA7BAEFABE202B1A49257F9A064E73FE401F63AA1D6CD3B17AF0,1716
"source/upstream-07ecb7cf/Mage.Client/src/main/java/mage/client/components/ext/dlg/DialogContainer.java",B4A36AB8792FD6176BC1AAA432E581FAC5846123A0FE1CC1EBCB107D19C07D0E,5830
"source/upstream-07ecb7cf/Mage.Client/src/main/java/mage/client/components/ext/dlg/DialogManager.java",CFF86AD38480BB1AEE08AF0A46C5CA84A87B4681A96CB47413F2E2D3FD71400B,9036
"source/upstream-07ecb7cf/Mage.Client/src/main/java/mage/client/components/ext/dlg/DlgParams.java",0DF6A81F11071AB5C2E227955DA0240BF2A02AC947E697A530B7E4E4FBE1FC0B,3379
"source/upstream-07ecb7cf/Mage.Client/src/main/java/mage/client/components/ext/dlg/IDialogPanel.java",4C2C2C8FF07164CD899AB8EE3F33660CE7C25B06659228196D157F9F5F53D858,2138
"source/upstream-07ecb7cf/Mage.Client/src/main/java/mage/client/components/ext/dlg/impl/ChoiceDialog.java",1054E242123B97645DE10E49B9D02618EAD0F658244CD4CC4FAEF15537F2626B,12257
"source/upstream-07ecb7cf/Mage.Client/src/main/java/mage/client/components/layout/RelativeLayout.java",438CD2FD3FECBCE364C56256A9B5FB7ED92E9F1336BD7C4BD73CD7EE4862A8B9,25236
"source/upstream-07ecb7cf/Mage.Client/src/main/java/mage/client/components/tray/MageTray.java",1D9297276BC3BE6966DCB7578A82DCA09FCEFFE03343B2575FEBE239FE59B963,3951
"source/upstream-07ecb7cf/Mage.Client/src/main/java/mage/client/constants/Constants.java",072EA9190F780EDA892910DB6141670C6ABD536D10A82A2643A03E8D131205C0,5108
"source/upstream-07ecb7cf/Mage.Client/src/main/java/mage/client/deck/generator/DeckGenerator.java",2A9CD66D218AC8890A78BD1A578D07F3E98C568C24FF04BBC23321019A57E2B7,9386
"source/upstream-07ecb7cf/Mage.Client/src/main/java/mage/client/deck/generator/DeckGeneratorCMC.java",E173B4D42DA7EB42B3DEF96AA4DF9E2A6756D24051B173B5669D3E7E8B259EF2,4156
"source/upstream-07ecb7cf/Mage.Client/src/main/java/mage/client/deck/generator/DeckGeneratorDialog.java",7CABF9866AC82B24E08CE78D3D0B938CB32A76C4C5531DADA36ECF5F5053B123,18143
"source/upstream-07ecb7cf/Mage.Client/src/main/java/mage/client/deck/generator/DeckGeneratorPool.java",B0EB13F0326E9E4C442A6FCA2A9D435E3F3DAEB375A52A8367BDC7666262CDFF,29338
"source/upstream-07ecb7cf/Mage.Client/src/main/java/mage/client/deck/generator/RatioAdjustingSliderPanel.java",03E24E60721DB2C89990466CD935C8ADC598EEB11471FF47C2332488ADCCD678,6884
"source/upstream-07ecb7cf/Mage.Client/src/main/java/mage/client/deckeditor/CardSelector.form",C437EC6006E87303BE56EE349C959EA0D6FEC9312E7E6CDCB2710047FF9FB530,59072
"source/upstream-07ecb7cf/Mage.Client/src/main/java/mage/client/deckeditor/CardSelector.java",7D3F4F92FA1AB91DCB729DB8468ED8F36AC57D0A86F5AFA0703E6E5FFB1A0C96,83467
"source/upstream-07ecb7cf/Mage.Client/src/main/java/mage/client/deckeditor/DeckArea.form",945D8B43B45A1E5132554FFA258C4204055E5311DDB6CFB9DFFB1DA34E35FBD4,3661
"source/upstream-07ecb7cf/Mage.Client/src/main/java/mage/client/deckeditor/DeckArea.java",3D6EC67B68D620C256A2449A5F296873AFA6843C91F79D88C6AD9596F50B9830,11627
"source/upstream-07ecb7cf/Mage.Client/src/main/java/mage/client/deckeditor/DeckEditorPane.form",BC6CE1268E08CF31A4B4149522A7654A395A5EA4009D668C7A1EA3B017D97BEA,3063
"source/upstream-07ecb7cf/Mage.Client/src/main/java/mage/client/deckeditor/DeckEditorPane.java",68AB52DCCB92FA6B0DA48A2E60082C2A9B0D15CA79C02BF05F4BB710C2349C6F,3919
"source/upstream-07ecb7cf/Mage.Client/src/main/java/mage/client/deckeditor/DeckEditorPanel.form",8CD602DC7DC87E53C2C6C505222490A009F5EE376020B654587C15F8A1734978,31749
"source/upstream-07ecb7cf/Mage.Client/src/main/java/mage/client/deckeditor/DeckEditorPanel.java",3BBEB83CAB1CF7F62BB1ACBBEDFC1AB3CEA7E20B03B7D72FED3B6BC5200D8681,79444
"source/upstream-07ecb7cf/Mage.Client/src/main/java/mage/client/deckeditor/DeckExportClipboardDialog.form",3943640FF4F02E9B1FA760443EB99421F72A33163859E74ED9F2D9B4EF40126B,8135
"source/upstream-07ecb7cf/Mage.Client/src/main/java/mage/client/deckeditor/DeckExportClipboardDialog.java",6B268E0E25AC19A982F82DDA4AF2B09811C4E2F40E1C0D262C798F4DA97E7E85,10940
"source/upstream-07ecb7cf/Mage.Client/src/main/java/mage/client/deckeditor/DeckImportClipboardDialog.form",E58923E07BC27B9B270FD36222310E541262238F6A23AA108029EF62E33E4FFC,7137
"source/upstream-07ecb7cf/Mage.Client/src/main/java/mage/client/deckeditor/DeckImportClipboardDialog.java",D8E3DD6E39523E617A4D172986B7FDBE81865ABB8CEE3D324ACF2033FCF06286,11253
"source/upstream-07ecb7cf/Mage.Client/src/main/java/mage/client/deckeditor/DeckLegalityPanel.form",155E687FA11CA2891E8B50EE6325DE18AD651ADB638C3CFC28677D27577B7784,5762
"source/upstream-07ecb7cf/Mage.Client/src/main/java/mage/client/deckeditor/DeckLegalityPanel.java",2F26B7F3936DD925E3B60D2865ED2342D2C26E34974AB79EE0E131FDDB0BAB5A,6476
"source/upstream-07ecb7cf/Mage.Client/src/main/java/mage/client/deckeditor/SortSetting.java",E7C4803FBA1AE540C490B789BCB1941ADE9B98F1265D708C0E7E4BB41EF6C593,2199
"source/upstream-07ecb7cf/Mage.Client/src/main/java/mage/client/deckeditor/SortSettingBase.java",7F36DF5F581C616D275D94E3A8F524AD268180540376D8FBFC5E1B133EE3E7C8,534
"source/upstream-07ecb7cf/Mage.Client/src/main/java/mage/client/deckeditor/SortSettingDeck.java",DE1B9B8950E562493734C86EC2A0280DF05414B98B35E9ACC0C1103B198E2F88,534
"source/upstream-07ecb7cf/Mage.Client/src/main/java/mage/client/deckeditor/SortSettingDraft.java",0F958BE3FFD91D3C8213F25F0998D05A8AB36C659D42C16DBB27980BBA3C826E,545
"source/upstream-07ecb7cf/Mage.Client/src/main/java/mage/client/deckeditor/SortSettingSideboard.java",AEE30EE56A3EA6F63EFA7AF015FF0BD69ADFFD9CBE68D84656E85F192EC7B616,580
"source/upstream-07ecb7cf/Mage.Client/src/main/java/mage/client/deckeditor/collection/viewer/CollectionViewerPane.java",71FECB814DC79C3313022A9176E4C227293D5D4E141C8C18FD20F57C7B2C6922,2280
"source/upstream-07ecb7cf/Mage.Client/src/main/java/mage/client/deckeditor/collection/viewer/CollectionViewerPanel.java",AC60C06967ABD847D2DAC80532226E8E5D3894A5A67D02F93F61EB5D20708144,10717
"source/upstream-07ecb7cf/Mage.Client/src/main/java/mage/client/deckeditor/collection/viewer/MageBook.java",E2B7D04D629BA3F2B3036DE8571E15A6FD0B9D6814B17166F56C1B7AE0E4499D,27514
"source/upstream-07ecb7cf/Mage.Client/src/main/java/mage/client/deckeditor/collection/viewer/TestMageBook.java",41D3E1BBC4B160F7D641548562E548D7808A8890E1E6D6AA9790AFBBE226BB6E,766
"source/upstream-07ecb7cf/Mage.Client/src/main/java/mage/client/deckeditor/table/MageCardComparator.java",F6504F1CEAD00CBB9ADDF99D8C9C9AA1F4BC54EE12756BCEC8CF1CC7FDED4B97,3628
"source/upstream-07ecb7cf/Mage.Client/src/main/java/mage/client/deckeditor/table/TableModel.java",1C5CAF3BC46F603DA9559A81C3561DFFECF03F4829A68A9B07917086A732E6EF,15488
"source/upstream-07ecb7cf/Mage.Client/src/main/java/mage/client/deckeditor/table/UpdateCountsCallback.java",622E48A21C88DA4356F22D6D1B3E10610BA7143AF024D7383E0FCD453BA8D059,1894
"source/upstream-07ecb7cf/Mage.Client/src/main/java/mage/client/dialog/AboutDialog.form",AEBA26C940C8089EC162D13C921DD0CA14193071F83DDF807A7E9D071BC521F9,6504
"source/upstream-07ecb7cf/Mage.Client/src/main/java/mage/client/dialog/AboutDialog.java",75920FBE4856453B0CCD210ECD86907302F82CEE43AAE467E8D7D4E0EE4D7FA0,7713
"source/upstream-07ecb7cf/Mage.Client/src/main/java/mage/client/dialog/AddLandDialog.form",6A31E33A6A7B27B13CD00040ADDBB5C0DBAA61B0BA88BFEE8814E460E7541E6B,20450
"source/upstream-07ecb7cf/Mage.Client/src/main/java/mage/client/dialog/AddLandDialog.java",94C887C3FF24986ECD2B770AF77D68C477D170AB279C712C323142DE21817910,28960
"source/upstream-07ecb7cf/Mage.Client/src/main/java/mage/client/dialog/CardHintsHelperDialog.form",40B7E004233322B538D370D078C730B13F83AB7A56A876549882C1F626C9B093,8839
"source/upstream-07ecb7cf/Mage.Client/src/main/java/mage/client/dialog/CardHintsHelperDialog.java",BE40C9D3E3CE4370D1CC229154F0E0719104AC1F7862F2CCE75011BD2B8C2788,25807
"source/upstream-07ecb7cf/Mage.Client/src/main/java/mage/client/dialog/CardInfoWindowDialog.form",26FEE4B9D1FE6804A4DCE350E07A64B25993982EB1EC3B3F972F5803B47AC320,2563
"source/upstream-07ecb7cf/Mage.Client/src/main/java/mage/client/dialog/CardInfoWindowDialog.java",0B56ABAD7AB42156B6A29F5B6A5AC7005EE9A1B96A8F0E96427BA819860CFD64,9802
"source/upstream-07ecb7cf/Mage.Client/src/main/java/mage/client/dialog/CheckBoxList.java",99F1BE3FB3BD52D454F42BF913B58F9B28C78792AE7CB4C958594CF189CAAE7C,21651
"source/upstream-07ecb7cf/Mage.Client/src/main/java/mage/client/dialog/ConnectDialog.form",1D9C25CEDCFEC058477CB07B8DE6AFDFA3BE085C4B324ADA750B25A6B633E987,32699
"source/upstream-07ecb7cf/Mage.Client/src/main/java/mage/client/dialog/ConnectDialog.java",CCBFFB6EA7AEC30B65ECCF83E98A2E6D200259FD88DB18D55E7FFD483386D9DE,46207
"source/upstream-07ecb7cf/Mage.Client/src/main/java/mage/client/dialog/CustomOptionsDialog.form",A22C9BA8F23C7050F7BEF0833CBC98091A4B58B0B538871D588B010D10C03FEA,24152
"source/upstream-07ecb7cf/Mage.Client/src/main/java/mage/client/dialog/CustomOptionsDialog.java",E3F3C476EE089BA042DC9413129606EAA86677ED41DB93ED4E661BBC1A91424D,37218
"source/upstream-07ecb7cf/Mage.Client/src/main/java/mage/client/dialog/DownloadImagesDialog.form",136A1E74B58053898B5E6FB0FB09002804BB6A987BBB30A8051B4A428ED3B5AA,35212
"source/upstream-07ecb7cf/Mage.Client/src/main/java/mage/client/dialog/DownloadImagesDialog.java",89FB4186A027672D976CD58ACE67AED0BA69789F41F117375831A88FEB82AB20,21264
"source/upstream-07ecb7cf/Mage.Client/src/main/java/mage/client/dialog/ErrorDialog.form",BAC101A9BEDDF9682E4E6BCF1895C0BA52ED5CA02A934294A5534B837160D52E,7042
"source/upstream-07ecb7cf/Mage.Client/src/main/java/mage/client/dialog/ErrorDialog.java",E05E27E190471C10AF9F5BFBA02973F5A34E59452188C9F61A9C0C5F78A93504,8483
"source/upstream-07ecb7cf/Mage.Client/src/main/java/mage/client/dialog/FeedbackDialog.form",26B8C2ACB9E8D91795B51AE6508A8FB58092C6F34BD0D60AB10A4FB693C9945A,14966
"source/upstream-07ecb7cf/Mage.Client/src/main/java/mage/client/dialog/FeedbackDialog.java",6CB707326D8FD9A59CEFB6B8ECD9A53029F2D24F6371A6C6995FA1006425967E,14746
"source/upstream-07ecb7cf/Mage.Client/src/main/java/mage/client/dialog/GameEndDialog.form",E8F80C31DA349D1136D08BB8D82996B6E8143CB1FA835796C5AACCC942D07C63,17503
"source/upstream-07ecb7cf/Mage.Client/src/main/java/mage/client/dialog/GameEndDialog.java",248658ACD5C5BA4287A8B4B601068ABC9F3EAC8506D36C4C99677921B6C7A622,17863
"source/upstream-07ecb7cf/Mage.Client/src/main/java/mage/client/dialog/JoinTableDialog.form",0DC564C7910294F746CCDB5BFC88B1048A415BD32FFD29AD7362DCACA601E20A,4857
"source/upstream-07ecb7cf/Mage.Client/src/main/java/mage/client/dialog/JoinTableDialog.java",BF03102C66BAC732908C278A250939CE14BE8B7310F5F0C596E354D582B784D3,7354
"source/upstream-07ecb7cf/Mage.Client/src/main/java/mage/client/dialog/MageDialog.form",3CD2B836AF66D6B67EF2D8A69D91D431779D8879E456C56D723EF4ADDD119845,1531
"source/upstream-07ecb7cf/Mage.Client/src/main/java/mage/client/dialog/MageDialog.java",4BDB339DCC6ADB400C8FD96280C6AA122318BFDCD6CF8AD54EF3A0DFCC849E03,12920
"source/upstream-07ecb7cf/Mage.Client/src/main/java/mage/client/dialog/NewTableDialog.form",DB640C0B7C4D1A7B32BBB369628535C8F2F7C58BC7A33394CC223BE4051FA318,32703
"source/upstream-07ecb7cf/Mage.Client/src/main/java/mage/client/dialog/NewTableDialog.java",1FF36691AB3C1925F0F30EA364179755AC3E1EC4F006A725D0F5394155C54471,60180
"source/upstream-07ecb7cf/Mage.Client/src/main/java/mage/client/dialog/NewTournamentDialog.form",0EB8C07B32ECEA6121653AE22BD5EBC67C5FB8D52A621BA2DF57163332C9A14D,41263
"source/upstream-07ecb7cf/Mage.Client/src/main/java/mage/client/dialog/NewTournamentDialog.java",18689F6B259268CA683C64E2D3564046C69789012211F4BAD83A5BF7464B87B6,90220
"source/upstream-07ecb7cf/Mage.Client/src/main/java/mage/client/dialog/PickCheckBoxDialog.form",860E6F14B765FC63202E0D0B93704344DF284700BB44FCD18D8E96B1A40B8861,11253
"source/upstream-07ecb7cf/Mage.Client/src/main/java/mage/client/dialog/PickCheckBoxDialog.java",499C9F88114F75BA7606931F509B15F1A4781CF16672EF0459D07EB37510E730,24750
"source/upstream-07ecb7cf/Mage.Client/src/main/java/mage/client/dialog/PickChoiceDialog.form",A999DA6EEE5A613E14CDB9341FAA4D6AA377A70493AF110DB306E55632407024,10860
"source/upstream-07ecb7cf/Mage.Client/src/main/java/mage/client/dialog/PickChoiceDialog.java",168895122CF36048AD930F9B8ECB80994700E2FCCA3511B4396C8ED8139991BF,28227
"source/upstream-07ecb7cf/Mage.Client/src/main/java/mage/client/dialog/PickMultiNumberDialog.form",220FF7A5EDBBAC2F5B6B48D5209FB3823B09852A733EEFA4BC1941983FA3F99B,7088
"source/upstream-07ecb7cf/Mage.Client/src/main/java/mage/client/dialog/PickMultiNumberDialog.java",EF185AB4364D096B99306C759F35C2D877D54DCC1B502BA3E48EDD2CD55A0CAF,10282
"source/upstream-07ecb7cf/Mage.Client/src/main/java/mage/client/dialog/PickNumberDialog.form",D1C4AEC173148DE5028AA030AA92785B46496AB68B69D275E929BC4A94200521,6968
"source/upstream-07ecb7cf/Mage.Client/src/main/java/mage/client/dialog/PickNumberDialog.java",42E7ABE5203423B23733BEF1347E50480D443B4F97C6DDA7C2EF060E0AC67EC1,9040
"source/upstream-07ecb7cf/Mage.Client/src/main/java/mage/client/dialog/PickPileDialog.java",6B25DE2D60F2BB0B6929E4D3C1247932E4020B5FB4CE1814B57379F9A76470D0,3398
"source/upstream-07ecb7cf/Mage.Client/src/main/java/mage/client/dialog/PreferencesDialog.form",E596F7F92B52CB66E287881BFC7FB3B3EC9F3924A7B86E3F6520070598931957,216120
"source/upstream-07ecb7cf/Mage.Client/src/main/java/mage/client/dialog/PreferencesDialog.java",3A2DE4F1A3B54709797130D9C3AF996E2BB715CD09909F7D373F6AA356C0F7F6,226366
"source/upstream-07ecb7cf/Mage.Client/src/main/java/mage/client/dialog/RandomPacksSelectorDialog.form",AB503A85D74DC8EBDD17C44DF3BB2E83D92DE6E9C7F410825ACDA9FD983FE19D,5857
"source/upstream-07ecb7cf/Mage.Client/src/main/java/mage/client/dialog/RandomPacksSelectorDialog.java",614812D43D1DDBA6344A089DEEBC29780B2194FDF35A240B77600659E89E5409,9416
"source/upstream-07ecb7cf/Mage.Client/src/main/java/mage/client/dialog/RegisterUserDialog.form",E6990F1DD13ABE04BE80F03E13824CEFB6D93185D536EF58D34A42B046AFA114,12122
"source/upstream-07ecb7cf/Mage.Client/src/main/java/mage/client/dialog/RegisterUserDialog.java",360394FA01204FC80B81D3C3BDFA4C122280D10BA439E99558EAE519C8D01CB9,15426
"source/upstream-07ecb7cf/Mage.Client/src/main/java/mage/client/dialog/ResetPasswordDialog.form",89E1883B5E97A2BCA74A1E20764E011197ED7EF6352C9E2145BB9B158510910D,17122
"source/upstream-07ecb7cf/Mage.Client/src/main/java/mage/client/dialog/ResetPasswordDialog.java",6AA3822548BE68E7051B14CCBEDA3F4CED5A0D8B435AF25B8E171BFDCF2B9B06,22633
"source/upstream-07ecb7cf/Mage.Client/src/main/java/mage/client/dialog/ShowCardsDialog.form",BAF72228A6B6C840F9824038572E0881F96B2A3B2BAC72A0796B2D2F2EDBCD7C,2398
"source/upstream-07ecb7cf/Mage.Client/src/main/java/mage/client/dialog/ShowCardsDialog.java",8153B177EA3AA70C960AA1B26E17C97EE091EA1438C49CD41C7B696D9B6E8A39,4976
"source/upstream-07ecb7cf/Mage.Client/src/main/java/mage/client/dialog/TableWaitingDialog.form",7ED3FC60DE4A4DBEA3ADA35368B07DA872C02D4D2B344535B68F149F6B6B9580,7077
"source/upstream-07ecb7cf/Mage.Client/src/main/java/mage/client/dialog/TableWaitingDialog.java",0B93880840E84F44A7567A8289AA2597334417A17BDC6AFC8D5364C06E807B0B,17460
"source/upstream-07ecb7cf/Mage.Client/src/main/java/mage/client/dialog/TestCardRenderDialog.form",23BBB24136134DA9A5992DCAED70271D442FBBB3B7EC14D03EB1CA09A7487CC8,24024
"source/upstream-07ecb7cf/Mage.Client/src/main/java/mage/client/dialog/TestCardRenderDialog.java",B9A625D51EB0C6CB7A11789F3D6C4D9264B7B17BCDD51333CD6AA58ED6949445,50446
"source/upstream-07ecb7cf/Mage.Client/src/main/java/mage/client/dialog/TestModalDialog.form",8DE6E62CF8C17780A5E148B0AD56679EE7914C127FDA46FA0520E0E1CFCF2551,10930
"source/upstream-07ecb7cf/Mage.Client/src/main/java/mage/client/dialog/TestModalDialog.java",AA164D0BE3F9C562E3537B5AD6464146196253B11999DF3A05AF6F6202A0D5D5,17740
"source/upstream-07ecb7cf/Mage.Client/src/main/java/mage/client/dialog/TestModalSampleDialog.form",376EEA2DB77C8EA5118D59F5A830B94C85857CB828E1AD972B8BC73FE644BB92,3129
"source/upstream-07ecb7cf/Mage.Client/src/main/java/mage/client/dialog/TestModalSampleDialog.java",1AFA2DD65AF29C3948388EDA60A2E3AEBC2B47B30FF9A00E28BBD9DBD0F5CBF6,4538
"source/upstream-07ecb7cf/Mage.Client/src/main/java/mage/client/dialog/UserRequestDialog.form",9404BA959D6E6954B3CACF83346B493CFF5C825EAB41F9D520D5F45369245576,6656
"source/upstream-07ecb7cf/Mage.Client/src/main/java/mage/client/dialog/UserRequestDialog.java",6F0564B12A212E48F279751F5A5AE51CE0F3A042214D25A7D081B91F5F8BE62E,9893
"source/upstream-07ecb7cf/Mage.Client/src/main/java/mage/client/dialog/WhatsNewDialog.form",3D97FFF67BF3B705804C2209FFF93832A1981EC708F3FA8DA86354EC4CFB9C16,3657
"source/upstream-07ecb7cf/Mage.Client/src/main/java/mage/client/dialog/WhatsNewDialog.java",DD21C6895155156BC16932DBEBD7FBD8811F7CC9A58EB3FAD8290B10F1F50C5C,15897
"source/upstream-07ecb7cf/Mage.Client/src/main/java/mage/client/draft/DraftGrid.form",91DF01F19740292DBE00DDC3FB911C3839E125BE9022B84E5968FE5EB90C27A5,1688
"source/upstream-07ecb7cf/Mage.Client/src/main/java/mage/client/draft/DraftGrid.java",FCD688DF4021FEB28D97E576E8A4B1B72A4DB8215F247C3037AAC33DA8660EC6,7394
"source/upstream-07ecb7cf/Mage.Client/src/main/java/mage/client/draft/DraftPane.form",C240EC4B2EEA0D91BA42A25D5C5B894ADB42FF801250DA0F03E79623023894E4,1941
"source/upstream-07ecb7cf/Mage.Client/src/main/java/mage/client/draft/DraftPane.java",6AC92F71B29690BBED94A40D80946038E0AF202A1E06D3530FF273AF9C8FEECD,3697
"source/upstream-07ecb7cf/Mage.Client/src/main/java/mage/client/draft/DraftPanel.form",08B6302C74D93EDD3688FA8AB676DF0808A10745EAFE65A33798E91E5EF5DADF,37394
"source/upstream-07ecb7cf/Mage.Client/src/main/java/mage/client/draft/DraftPanel.java",2710781C64650EAF80A083F226DB80034E246EF2AFE1F948D74438FDEC50833B,49464
"source/upstream-07ecb7cf/Mage.Client/src/main/java/mage/client/draft/DraftPickLogger.java",6CE574A187B4C0C875E4E2A380A502571C16A973247968229A5478289426970F,2444
"source/upstream-07ecb7cf/Mage.Client/src/main/java/mage/client/game/AbilityPicker.java",D1E211DDF7F53B68DC0A5DBC856FAAB0E4822086BA499DD44A98A471511CF91B,2027
"source/upstream-07ecb7cf/Mage.Client/src/main/java/mage/client/game/BattlefieldPanel.form",1DACAEC722CED48271484A0B26019B0BF8BBA113C6A4585547B5729A13EC4712,1808
"source/upstream-07ecb7cf/Mage.Client/src/main/java/mage/client/game/BattlefieldPanel.java",667D975CAB5113FC1BB877B5DFB031AA1F6112A852E704246888F87B038770E4,15211
"source/upstream-07ecb7cf/Mage.Client/src/main/java/mage/client/game/FeedbackPanel.java",09594D932A74366757A3244BB6074F880C8D019FE0BE5DC1BAFC85EC423924DE,12167
"source/upstream-07ecb7cf/Mage.Client/src/main/java/mage/client/game/FirstButtonMousePressedAction.java",1050A5AFC7DBBBBEAEF998EF7581D6C56FD1952E984E1AAE75136EFE744A3EF8,1654
"source/upstream-07ecb7cf/Mage.Client/src/main/java/mage/client/game/GamePane.form",EB3D0D93679A43CDC09AEA80BCA5DEA1ADA9FBECB2A3AE6D0CFA974F75F6CD67,1531
"source/upstream-07ecb7cf/Mage.Client/src/main/java/mage/client/game/GamePane.java",2D6B39C5702FEDC95B73F31CA555514A081241EED086200BCF4B9AC52CA5E8E7,3522
"source/upstream-07ecb7cf/Mage.Client/src/main/java/mage/client/game/GamePanel.java",094F72ABB80F58B1F03838D6D6B4990946E798582DF041D211ED953122188693,144879
"source/upstream-07ecb7cf/Mage.Client/src/main/java/mage/client/game/HandPanel.java",0E15689A3301D7F0B9F0596EA408AD39B52560CC3DB1E67760D7E18A2D4BD747,2507
"source/upstream-07ecb7cf/Mage.Client/src/main/java/mage/client/game/HelperPanel.java",5BDA288C40850E87E383AE5BE23A5C22EFD20AE7521BB628D07D3698EA4A9FA1,21299
"source/upstream-07ecb7cf/Mage.Client/src/main/java/mage/client/game/ManaPool.form",8AECB235DC976FE7C112744F666715CD6CF535F03E486F1E5C11BF60DCBF2B12,9115
"source/upstream-07ecb7cf/Mage.Client/src/main/java/mage/client/game/ManaPool.java",99B06F11C266378594B96288C05ED8BA1B2914F82827EE9013F3BB5C7F81DC35,7608
"source/upstream-07ecb7cf/Mage.Client/src/main/java/mage/client/game/PlayAreaPanel.java",2C992B5B0E9E4AEB105F0A78F28DE548D19E66BCC9F78CC8D83F15F199C0FA77,26522
"source/upstream-07ecb7cf/Mage.Client/src/main/java/mage/client/game/PlayAreaPanelOptions.java",4A3810DFC3F03F6CACB812301C52E31B47C1B0879327FDE29C02BFDD4CEFAE9C,1114
"source/upstream-07ecb7cf/Mage.Client/src/main/java/mage/client/game/PlayerPanelExt.java",94E51FF6E38964F0D6300CDE22E8835BDE398D57CE7567BADE44E25BED425D02,61419
"source/upstream-07ecb7cf/Mage.Client/src/main/java/mage/client/plugins/MagePlugins.java",1664B9D86279DAE6AEC3E26F639D245E437933DC3554BC20D9757A0F54DBACAF,1553
"source/upstream-07ecb7cf/Mage.Client/src/main/java/mage/client/plugins/adapters/MageActionCallback.java",A7FA53C3E552A6CE0516E7387079CC2B75B4F3C1CB230C59506FF9FFB324CFB4,38077
"source/upstream-07ecb7cf/Mage.Client/src/main/java/mage/client/plugins/impl/Plugins.java",D8D6049386CE5CE933CBBD910B5869D01AF625CA6BB45E8219217C6AC7729F7C,7644
"source/upstream-07ecb7cf/Mage.Client/src/main/java/mage/client/preference/MagePreferences.java",91C67B370000A5049B175EFAEDC5A6717447200C1E14F1ED83541AD70B840547,6667
"source/upstream-07ecb7cf/Mage.Client/src/main/java/mage/client/remote/CallbackClientImpl.java",10C6C6E9E1D59615B0B93418B772B25EFB0D8A5A183C74B5EF8F958AC4425454,39231
"source/upstream-07ecb7cf/Mage.Client/src/main/java/mage/client/remote/XmageURLConnection.java",54A3DBF51F28E3F73EBA0F059A515E44F42FB36CD84715DA190DC7337041E4F2,12364
"source/upstream-07ecb7cf/Mage.Client/src/main/java/mage/client/table/MatchesTableModel.java",67CDFF53D08E3839DED0C40CDA4B3DBE13903756919A46F30B0C48740ABF3952,4427
"source/upstream-07ecb7cf/Mage.Client/src/main/java/mage/client/table/NewPlayerPanel.form",63185ACF73BAF598829CA85FD612E4A18AB158DA37650822421D97E6540DECF0,6051
"source/upstream-07ecb7cf/Mage.Client/src/main/java/mage/client/table/NewPlayerPanel.java",CB74FD9CB6B35B99FAEECEF0A0FFBFD88868EB80BDAF29D202C1B314851CC28A,8286
"source/upstream-07ecb7cf/Mage.Client/src/main/java/mage/client/table/PlayersChatPanel.form",348EF65636EFCA76A4C3BF8F2582EF35389FDA410D55E0BFF08765798C6C3B54,9271
"source/upstream-07ecb7cf/Mage.Client/src/main/java/mage/client/table/PlayersChatPanel.java",A88A0BC5FB91C61305713A180448335F00670BDC2857B1564FEBA3A6508C47B6,14018
"source/upstream-07ecb7cf/Mage.Client/src/main/java/mage/client/table/PlayerTypeEventSource.java",E37459A32295A031E870B192B7173F41B906D02365298624B474DAF0BDA0BD48,656
"source/upstream-07ecb7cf/Mage.Client/src/main/java/mage/client/table/TablePlayerPanel.form",0911B34BA314B891DAF6A41FB8FBC93CBC75EFA9A56BDB4408EEE8424023BDAD,2223
"source/upstream-07ecb7cf/Mage.Client/src/main/java/mage/client/table/TablePlayerPanel.java",82A3DFD4D3E2EC2E316A7D9C6D1269A34F3AA17CD265B8B33DD045573672D5CE,6865
"source/upstream-07ecb7cf/Mage.Client/src/main/java/mage/client/table/TablesButtonColumn.java",D81A03AB079C2B86B6207C912CE3D791895ABB2DDEFCA07CBB624F695FA7BD59,3854
"source/upstream-07ecb7cf/Mage.Client/src/main/java/mage/client/table/TablesPane.form",7D69C67809D1CA01BF52956A549C89E47250ECA5DB4C00321E1D6090AECEA302,1702
"source/upstream-07ecb7cf/Mage.Client/src/main/java/mage/client/table/TablesPane.java",8F5C60A19C2BF4EC735AA9E33563227D7A8AA70C4E6606F8313EFA3AB6BB97CF,4096
"source/upstream-07ecb7cf/Mage.Client/src/main/java/mage/client/table/TablesPanel.form",33E8CD576BBD47C639C69C35B97CB453D8A28E559906A3D984AC59F756263C8B,50549
"source/upstream-07ecb7cf/Mage.Client/src/main/java/mage/client/table/TablesPanel.java",169EF9535F5DE75F4BF6919ACBA60D8B49592ECB92A0F6BD2C81D940DE9F5DCB,96172
"source/upstream-07ecb7cf/Mage.Client/src/main/java/mage/client/table/TablesTableModel.java",04CCDA868E726788270508A1BB6856D371BEF4AD8BE9FFF3A3A7921D77DC6DBC,8250
"source/upstream-07ecb7cf/Mage.Client/src/main/java/mage/client/table/TablesUtil.java",F5B25D66EAE6CFE091FD3CB62CBF58108A0E12F5FD435FBB4403324AF1679884,1844
"source/upstream-07ecb7cf/Mage.Client/src/main/java/mage/client/table/TournamentMatchesTableModel.java",A519E53DD460D5BDF44589C550116FBD666BC8FF4E077C2CC74554A944D5CF40,3303
"source/upstream-07ecb7cf/Mage.Client/src/main/java/mage/client/table/TournamentPlayerPanel.form",B83E39865B7D8D1476AF0F08236F17CCA704929FC2C7ABFAF33BF686D59157D6,6277
"source/upstream-07ecb7cf/Mage.Client/src/main/java/mage/client/table/TournamentPlayerPanel.java",995DB94DEBDBAD0DA9209924A6402A9EF79D86F8F9088760EC99D19D954943B9,8021
"source/upstream-07ecb7cf/Mage.Client/src/main/java/mage/client/themes/ThemeType.java",FE8FC68A85591382CC688CCD7571D517E4757FA0B434E8DC0BBC801293391FC3,15401
"source/upstream-07ecb7cf/Mage.Client/src/main/java/mage/client/tournament/TournamentPane.form",31608876FF26F01EDC189F5BD11F4CD150C59906E560C29EE3753F337FFD2E09,1723
"source/upstream-07ecb7cf/Mage.Client/src/main/java/mage/client/tournament/TournamentPane.java",82AF4FB2639E5D937C990D2F3F4EE2533FCED73BC4DC358E018573645C4D1432,2637
"source/upstream-07ecb7cf/Mage.Client/src/main/java/mage/client/tournament/TournamentPanel.form",6649688C0F48A7FE9D52C963F9F49D770B9346A9340EC5197032AF14F81BBE10,20037
"source/upstream-07ecb7cf/Mage.Client/src/main/java/mage/client/tournament/TournamentPanel.java",FB9EA184359B20CE364D0DE6B457AF10556DCC2C84B6DB991F929743B4C2E298,29854
"source/upstream-07ecb7cf/Mage.Client/src/main/java/mage/client/util/AppUtil.java",4FA17626DC88F329D310F34DA4DDF892F494616CEBA4D6D6C8078FAE3814C732,1796
"source/upstream-07ecb7cf/Mage.Client/src/main/java/mage/client/util/CardLanguage.java",CD4D8E0BB12FF367BAA67A4E242DEA3BD8DC590AF453E76F449A60265DE744AF,1569
"source/upstream-07ecb7cf/Mage.Client/src/main/java/mage/client/util/CardRenderMode.java",00E49B1249EDA2D9020C08F51348552B6A6C7B4B82CAA6DF6DA6D2E3E7252551,1284
"source/upstream-07ecb7cf/Mage.Client/src/main/java/mage/client/util/CardsViewUtil.java",C91FED33E9AE2EC07DD71F6979509A594345447ED4EF34A307552B59B584580A,2576
"source/upstream-07ecb7cf/Mage.Client/src/main/java/mage/client/util/ClientDefaultSettings.java",BFC293F58146DE9597E3A8D2B6D16832D76A3DF3B5DC8C1977A9241D03FBBEE3,1071
"source/upstream-07ecb7cf/Mage.Client/src/main/java/mage/client/util/ClientEventType.java",BED6D34B81C69E6E054A298A679FD414B14099628E7B43A347ADC29B2EF1F514,459
"source/upstream-07ecb7cf/Mage.Client/src/main/java/mage/client/util/Command.java",95E4C3DA4F136EB1B5965E3AB8D72A28C95834BE4E1A168CA7CDC34FB5F17932,124
"source/upstream-07ecb7cf/Mage.Client/src/main/java/mage/client/util/DeckUtil.java",AC8A424661DFCE9E003B3F89891A72F39E7FA659224784E2A6DC919FDC310653,1713
"source/upstream-07ecb7cf/Mage.Client/src/main/java/mage/client/util/DefaultActionCallback.java",404BB6F1CFF7CDE71CFB52D86465E7BAA5D5FFCF4920B56BDBB67D34DD8947B4,525
"source/upstream-07ecb7cf/Mage.Client/src/main/java/mage/client/util/EDTExceptionHandler.java",CA60CFFF6178A49FA9F95B217DAF79938C1A783540BAB6152E8DCB38E218F485,1702
"source/upstream-07ecb7cf/Mage.Client/src/main/java/mage/client/util/Event.java",71B7E0C8DBD95A7F89A80A5BDE6CCC65614E07E8EF2727E0407FDB8E582898BF,2515
"source/upstream-07ecb7cf/Mage.Client/src/main/java/mage/client/util/EventDispatcher.java",DA17C0E495221D02F090DDA61B637BE9272227785CFBCA1216A049F531FB9D62,816
"source/upstream-07ecb7cf/Mage.Client/src/main/java/mage/client/util/EventSource.java",F7E8D41B4E7AC12C4C61C2CB5E87C6CD2C1C514C6A3388C27BE033BECD6640C1,329
"source/upstream-07ecb7cf/Mage.Client/src/main/java/mage/client/util/Format.java",602C0665923AA11123716F2F56B7A4E4D2F835D9089C2AC1B7468A383029C5EA,1280
"source/upstream-07ecb7cf/Mage.Client/src/main/java/mage/client/util/GUISizeHelper.java",E1AC5BECF8E866B0D770AA0CBFC74C4F4AA80729EB5061DE7540276288BA2F7B,12447
"source/upstream-07ecb7cf/Mage.Client/src/main/java/mage/client/util/IgnoreList.java",11F9D4C496B329B3FB7BBF9744DAD31724A2FAA684C288661DBBC1308849380C,3410
"source/upstream-07ecb7cf/Mage.Client/src/main/java/mage/client/util/ImageCaches.java",E47D77FB815676E37996A5DB0EA5050FA83A9ADA4C239451651B130E65C4CB7B,807
"source/upstream-07ecb7cf/Mage.Client/src/main/java/mage/client/util/ImageHelper.java",48DD2D99408404D8C0932152AECBB98F06CD88ED427AD6F5D80836F48A8257A6,4497
"source/upstream-07ecb7cf/Mage.Client/src/main/java/mage/client/util/Listener.java",BDB5E8E0B2D855417791764EFC077525437BC422B6ACE9499A4BA34A7E34A79E,239
"source/upstream-07ecb7cf/Mage.Client/src/main/java/mage/client/util/MacFullscreenUtil.java",DFB9D48AD4D53689754D34292711E81A3A646F103930B4CE5BB64C4FE563ACB9,2696
"source/upstream-07ecb7cf/Mage.Client/src/main/java/mage/client/util/MageTableRowSorter.java",C6C20ED0DA3B331648995F856F9E81CFFD48D3367283550FA12ED2E51AA6ADD1,747
"source/upstream-07ecb7cf/Mage.Client/src/main/java/mage/client/util/NaturalOrderCardNumberComparator.java",85A85F4C1F5799D41E3EAA40F2993FA1DE19F985C75DBEDE8DD577BE9B53FC82,423
"source/upstream-07ecb7cf/Mage.Client/src/main/java/mage/client/util/NaturalOrderComparator.java",0D77908E7BF4B6F2E114C0E722EE5E80D16E9DF2E46B9E55DD64492D1F075DFB,5370
"source/upstream-07ecb7cf/Mage.Client/src/main/java/mage/client/util/SettingsManager.java",1A342167706B0696CE6F4CC31B6D495B1985DA655ECEFEB062061266C9E48CD4,1658
"source/upstream-07ecb7cf/Mage.Client/src/main/java/mage/client/util/SoftValuesLoadingCache.java",B5123D3703EE15E6E5E994E408A8DB3211644A424EB5D4F5D280883E2AF0ECB5,2197
"source/upstream-07ecb7cf/Mage.Client/src/main/java/mage/client/util/TransformedImageCache.java",4FFA0CD6DA929B9EDC8149F89E3416F0FC78DA02E8E64CE954FD762CCF1CDE0A,5194
"source/upstream-07ecb7cf/Mage.Client/src/main/java/mage/client/util/URLHandler.java",1ACEDBEB1068D45649A43BCA6753914B56A31FDEBF6749D542D6CE0620FA5798,2891
"source/upstream-07ecb7cf/Mage.Client/src/main/java/mage/client/util/audio/AudioGroup.java",3DD3778F6B65155BD5F0AFE5F1EDB5FD985A4B7EF4CE900E435D19FB85A6EC7D,238
"source/upstream-07ecb7cf/Mage.Client/src/main/java/mage/client/util/audio/AudioManager.java",5FC85DDC58AC533325D690ECD840F7A12883BE5CEB384A1D0C226B9388D5EFE6,12876
"source/upstream-07ecb7cf/Mage.Client/src/main/java/mage/client/util/audio/LinePool.java",7F73134D2F91CB2D365169783E45FF205DE3ABDF4379729CFAC64822B56A1BF1,6911
"source/upstream-07ecb7cf/Mage.Client/src/main/java/mage/client/util/audio/MageClip.java",8AB9C09B38121D5464F638F6C02193AF97D0779D40B51EEC7567124C76A86A9C,1687
"source/upstream-07ecb7cf/Mage.Client/src/main/java/mage/client/util/audio/MusicPlayer.java",ADE35A7EEBFC44E930C29035099C0F9AA2DC03D20D290131F9794968B090D72A,5979
"source/upstream-07ecb7cf/Mage.Client/src/main/java/mage/client/util/comparators/CardViewCardTypeComparator.java",F463A31C71D2FB8140BD3E6D89E34CE1CC67CC797EE488C365BB84CAE6D6E82D,624
"source/upstream-07ecb7cf/Mage.Client/src/main/java/mage/client/util/comparators/CardViewColorComparator.java",DEC003607CB806566B9AB94209A1C9455ED2BAAAFC50880D49A6134A855135A2,724
"source/upstream-07ecb7cf/Mage.Client/src/main/java/mage/client/util/comparators/CardViewColorIdentityComparator.java",31B4AFF7561C3831D548001BCD268F32BD5BAE5D46F5F0B3DA5CE0EF1AAED1C0,919
"source/upstream-07ecb7cf/Mage.Client/src/main/java/mage/client/util/comparators/CardViewComparator.java",2687F80D7E4AA7FE3E573485449648B938C5A4E10C560BAF16E16D7138BC14B5,240
"source/upstream-07ecb7cf/Mage.Client/src/main/java/mage/client/util/comparators/CardViewCostComparator.java",05B635C0330BB01EA53AA303C15DE42F4FF35245A3A283C73BFDF6873EF1ECD2,450
"source/upstream-07ecb7cf/Mage.Client/src/main/java/mage/client/util/comparators/CardViewEDHPowerLevelComparator.java",64ABD24A587EC8666FFE9D2C90632F6EF03C1091DF52870DD3AD325C1D581BBD,30584
"source/upstream-07ecb7cf/Mage.Client/src/main/java/mage/client/util/comparators/CardViewNameComparator.java",EA1F1E51594C31DE96B0FC22AC677A1B7AFDC8A8F7D0A66B6363723A8A89FF33,417
"source/upstream-07ecb7cf/Mage.Client/src/main/java/mage/client/util/comparators/CardViewNoneComparator.java",9502BDA7C0FAB185053F917ED8ACAF2170BB0E6D4E1ABE188D89E2033A7D1EBB,347
"source/upstream-07ecb7cf/Mage.Client/src/main/java/mage/client/util/comparators/CardViewRarityComparator.java",2BAE7FFB82499E8384FA55000E9D35DD715AF20F4861F2047533347A0BB7968D,624
"source/upstream-07ecb7cf/Mage.Client/src/main/java/mage/client/util/gui/Arrow.java",F73F007E3C2E3CFA74D83E4CE9FD9A3E25951FA7D4D1B8D386C51D71E378F35C,4606
"source/upstream-07ecb7cf/Mage.Client/src/main/java/mage/client/util/gui/ArrowBuilder.java",D80B9FB10D3CD445CB42791922FEC3BAF0C5B911324F7AEAC291ECF6391E8837,4664
"source/upstream-07ecb7cf/Mage.Client/src/main/java/mage/client/util/gui/ArrowUtil.java",311D9C8085C3AFF1B0C24D8DD82F187400C843A349D4B2F8F94E2FB9FB32BDE6,7027
"source/upstream-07ecb7cf/Mage.Client/src/main/java/mage/client/util/gui/BufferedImageBuilder.java",81E869F2C6BFFDDE4CC7D2F88D4E170FC756360DC4454747EDA7C259D12AC8E6,2611
"source/upstream-07ecb7cf/Mage.Client/src/main/java/mage/client/util/gui/ColorsChooser.java",C218DEB8C2CE9E82B7D65C6BFEDC5BD2EA9F86B6735A9AF19A8AFCA4C1D73AE0,3320
"source/upstream-07ecb7cf/Mage.Client/src/main/java/mage/client/util/gui/FastSearchUtil.java",620B3BC56A39D75D6984244481840B966CADD6C0BD3A0068F8391134E2CDA640,4819
"source/upstream-07ecb7cf/Mage.Client/src/main/java/mage/client/util/gui/GuiDisplayUtil.java",E11BEE59EFC707A15966567FD5A95C51DF6EE658634C8B01962A6F237B5BF55F,22765
"source/upstream-07ecb7cf/Mage.Client/src/main/java/mage/client/util/gui/MageDialogState.java",CE176E513685028CD2AB430E5372BD8838ACE97C105249DCB48A1598FBA5F7C7,711
"source/upstream-07ecb7cf/Mage.Client/src/main/java/mage/client/util/gui/TableSpinnerEditor.java",72B3DD12E6A0A9045B75CACC61E075F2ECE6C4B5527D93EDF536FC292294133A,3983
"source/upstream-07ecb7cf/Mage.Client/src/main/java/mage/client/util/gui/TableUtil.java",3489A9A6CEBF2B8B198A0C6ECD286B80F05044DD97B32681A79AF05D6B1F8347,4057
"source/upstream-07ecb7cf/Mage.Client/src/main/java/mage/client/util/gui/countryBox/CountryCellRenderer.java",BF596FA4676C5A57BB554BE262B3B71512824C4E129EFC3724C09A5825E702ED,847
"source/upstream-07ecb7cf/Mage.Client/src/main/java/mage/client/util/gui/countryBox/CountryComboBox.java",D09F156E16AC73C6D5ABCA7B2B666129605BACFDADE5852A36753FAB30DDFD6A,9355
"source/upstream-07ecb7cf/Mage.Client/src/main/java/mage/client/util/gui/countryBox/CountryItemEditor.java",09B751AB76409884ECD3DC88429C10C8976C93CF47A962E921269AE26B1AB1EE,1657
"source/upstream-07ecb7cf/Mage.Client/src/main/java/mage/client/util/gui/countryBox/CountryItemRenderer.java",230C104638774CD5080DE947E326DFA7C4208AC689EE5A6788BDCEAB8D20D657,1715
"source/upstream-07ecb7cf/Mage.Client/src/main/java/mage/client/util/gui/countryBox/CountryUtil.java",F08BF7ECAEA45DF9DD124DF014146D61806494B88C06B3DD0496D2D40FEC86BA,2210
"source/upstream-07ecb7cf/Mage.Client/src/main/java/mage/client/util/gui/countryBox/MyComboBoxEditor.java",0C01CC40883A939AF05396E61013B5B53B7118E825DB1E49278BD960FB4191B3,1187
"source/upstream-07ecb7cf/Mage.Client/src/main/java/mage/client/util/gui/countryBox/MyComboBoxRenderer.java",9DF4181C5D8D447AABEA36CB09F21D2D0E356B24BA83D71AA67ABA3FA3A4A1CA,781
"source/upstream-07ecb7cf/Mage.Client/src/main/java/mage/client/util/layout/CardLayoutStrategy.java",1B28923E645F89147600A3E52541843CAB6922925E236878D144E636C677C2DE,352
"source/upstream-07ecb7cf/Mage.Client/src/main/java/mage/client/util/layout/impl/CardLayoutStrategyImpl.java",5FBDFAA46716AF23CD9C03160218135B92EB0D1ABCF939C1CEA24CB89C91717F,8416
"source/upstream-07ecb7cf/Mage.Client/src/main/java/mage/client/util/object/SaveObjectUtil.java",8EE17B2E2E8AFADB26148B76A89CDEB707BBD8F771823AE1CEC5FFD77F9F5842,2331
"source/upstream-07ecb7cf/Mage.Client/src/main/java/mage/client/util/sets/ConstructedFormats.java",7283A77B4BE2584BA58507820B95F3A9B7A40C767BFBDB74AB87E9F1F0470FF3,12750
"source/upstream-07ecb7cf/Mage.Client/src/main/java/mage/client/util/stats/MemoryStats.java",F5CA4E9971A54495F17B7C098F735557DC379AC6C11521CA5171139FD8879576,1017
"source/upstream-07ecb7cf/Mage.Client/src/main/java/mage/client/util/stats/UpdateMemUsageTask.java",73DD08E059D929B95F8E1A594CACF054783A4DA5EB85365A1EE44ADCC96D5467,4051
"source/upstream-07ecb7cf/Mage.Client/src/main/java/org/mage/card/arcane/Animation.java",9600C0F7DC883B1A6E2EEA736656719A79DC1B22A10467915A450302927DD27A,15535
"source/upstream-07ecb7cf/Mage.Client/src/main/java/org/mage/card/arcane/CardPanel.java",07C13FA13EE42E43D4D8963AB832A244105EBA96924C0E0AD72D60B5617DB128,36472
"source/upstream-07ecb7cf/Mage.Client/src/main/java/org/mage/card/arcane/CardPanelAttributes.java",8553E67BF79D3DCEF82291D65E9EA97E61E2AB31B5D98CE7F98741E117FB653E,740
"source/upstream-07ecb7cf/Mage.Client/src/main/java/org/mage/card/arcane/CardPanelRenderModeImage.java",45B7701A789748CBB034BB70ACFE8F6583342DF21C387A0B6376454101B76751,33698
"source/upstream-07ecb7cf/Mage.Client/src/main/java/org/mage/card/arcane/CardPanelRenderModeMTGO.java",54B9E779E810B1D33066C2B375CDCC3FCAE4F3DE070EC436827EAD0E1F3DD8AF,12847
"source/upstream-07ecb7cf/Mage.Client/src/main/java/org/mage/card/arcane/CardRenderer.java",11EE0A1184D1999ECEB6C0A3C006CD56186E0DD256237F809C004DB8412CD3F2,18613
"source/upstream-07ecb7cf/Mage.Client/src/main/java/org/mage/card/arcane/CardRendererFactory.java",CC56F51A7850EE91DEB5DBA86194AB6579B2B3F0E78A68CE1B4FD1658FA9AE19,1371
"source/upstream-07ecb7cf/Mage.Client/src/main/java/org/mage/card/arcane/CardRendererUtils.java",71FF4C0368B54E50CA605158BAAA20343A7736BB577B83F1F55A3A8EC8E2D081,13083
"source/upstream-07ecb7cf/Mage.Client/src/main/java/org/mage/card/arcane/GlowText.java",27A652965161673AB4158C1B62F29A1479E290CDFC00A95E3FF64DC255AC7DE9,8241
"source/upstream-07ecb7cf/Mage.Client/src/main/java/org/mage/card/arcane/MageLayer.java",E0AE25229D087EF16343B0D2A88356D05EF10DB191ABEC9A8CB79DD9D81B4C0B,22660
"source/upstream-07ecb7cf/Mage.Client/src/main/java/org/mage/card/arcane/ManaSymbols.java",2EEFE246168D8F99C66F10BD07A21FE4A1084AF04382563EA988A1067405FCA4,27760
"source/upstream-07ecb7cf/Mage.Client/src/main/java/org/mage/card/arcane/ManaSymbolsCellRenderer.java",629CFBA6E7C04E50E0F1BCF53072029FC15975C4E1E4DB88819E0D3F29D58227,3047
"source/upstream-07ecb7cf/Mage.Client/src/main/java/org/mage/card/arcane/ModernCardRenderer.java",FAA0E98855D7E2FEC3D152759054ACDCFC006A35CB2087EF8037481A4239E107,80395
"source/upstream-07ecb7cf/Mage.Client/src/main/java/org/mage/card/arcane/ModernCardResourceLoader.java",682FDBA7E5CD05E433E2FBCD4726F18710BAE5582F15ECA8F4D829DB6A5EC34C,2045
"source/upstream-07ecb7cf/Mage.Client/src/main/java/org/mage/card/arcane/ModernSplitCardRenderer.java",01372C0F46611F35AD2EE50DCBC6F505D9F8A488F55A323F86770EFF5F74D5C9,17145
"source/upstream-07ecb7cf/Mage.Client/src/main/java/org/mage/card/arcane/RetroCardRenderer.java",4690FFD3D489106EB64E54ED7AC10532B8D6D6BC7612D7DF467FB95218D2FECE,53931
"source/upstream-07ecb7cf/Mage.Client/src/main/java/org/mage/card/arcane/ScaledImagePanel.java",E3741C2864FB07CB248EF70A6A3A3589AA5AB7CFDFE049EAC1D08282D2CEFC27,1206
"source/upstream-07ecb7cf/Mage.Client/src/main/java/org/mage/card/arcane/SvgUtils.java",D445E5FA1C45E837353DCC19E3EADFC7EF71C41654551B0EDFFCFA8B2CD6DC85,10047
"source/upstream-07ecb7cf/Mage.Client/src/main/java/org/mage/card/arcane/TextboxBasicManaRule.java",80E77EDAF00518F72120D4FB9F87C45C8D4FE1B0B7160A6C345B88125B1FA28C,507
"source/upstream-07ecb7cf/Mage.Client/src/main/java/org/mage/card/arcane/TextboxKeywordRule.java",DC7C4A6C4AA2F8693E9AA8F9FCDD9E81F40EFF6B4EEB70A10EBDB75FAC3AA0B1,293
"source/upstream-07ecb7cf/Mage.Client/src/main/java/org/mage/card/arcane/TextboxLevelRule.java",B19363FA78AAF07F4D9C91E3422A7CBE457AD23E8BF205C9F41DAA6D86BFFC4A,572
"source/upstream-07ecb7cf/Mage.Client/src/main/java/org/mage/card/arcane/TextboxLoyaltyRule.java",8D6D46034A8CF9B11BE56D183483309BECDDAE9A1F8C59ABE0B97A0875F8B8E1,692
"source/upstream-07ecb7cf/Mage.Client/src/main/java/org/mage/card/arcane/TextboxRule.java",D3AA5A5E667C12A9DBE8E0C9978DF78D1406FFD27F5D425931314FA3D1794E01,3891
"source/upstream-07ecb7cf/Mage.Client/src/main/java/org/mage/card/arcane/TextboxRuleParser.java",8F1C308ACAD60FC7C5BAA6ACCE6C1C0A73B2EC0A69EA6544771FD9B85B89B63D,12384
"source/upstream-07ecb7cf/Mage.Client/src/main/java/org/mage/card/arcane/TextboxRuleType.java",F53A0210F7FF9E622CCAFCEFACD762D91A231EA9C42971F2344141947FD990AB,556
"source/upstream-07ecb7cf/Mage.Client/src/main/java/org/mage/card/arcane/UI.java",DCC950480BAF7534FB377BC81C34E8B87034EE3053BBCFFA5B70E788C0469E74,6700
"source/upstream-07ecb7cf/Mage.Client/src/main/java/org/mage/card/arcane/Util.java",77DF0F6A031E19F1D7E0CE168770563A25D849AEF7E4B32E784EA9C03CABBA7B,3497
"source/upstream-07ecb7cf/Mage.Client/src/main/java/org/mage/plugins/card/CardPluginImpl.java",599DC10206024536DBE016E3ED46E166997A943C742E73B77A0122DB57E46BFD,30301
"source/upstream-07ecb7cf/Mage.Client/src/main/java/org/mage/plugins/card/dl/Downloader.java",FC20C4A7C428E5F6141A9139B6EF07645CDD6E93033EB436B3FA2665B5B20989,8902
"source/upstream-07ecb7cf/Mage.Client/src/main/java/org/mage/plugins/card/dl/DownloadGui.java",54DE345C7953E4F17DB75CE356529D7DEFCC86A97D47A881895CFA99196EC15B,6524
"source/upstream-07ecb7cf/Mage.Client/src/main/java/org/mage/plugins/card/dl/DownloadJob.java",7CDC2002AB96DF83E30B0C16F9195C68F0DDA0EF3FEB5FFF4C7EFC5BD42643A8,5687
"source/upstream-07ecb7cf/Mage.Client/src/main/java/org/mage/plugins/card/dl/DownloadServiceInfo.java",DCAA63964C19C57025961357F3194C900177FC15B41069C343616E8EC10A1CFC,385
"source/upstream-07ecb7cf/Mage.Client/src/main/java/org/mage/plugins/card/dl/beans/AbstractBoundBean.java",40688ADE24204F97B39629CB1B079FE96BBFA1B4E5ED47F66A7E52027CFAF3EB,932
"source/upstream-07ecb7cf/Mage.Client/src/main/java/org/mage/plugins/card/dl/beans/BoundBean.java",F9FEA80B7859A14F172B84F9AB0F0C89BD42CA254F8057B569EA5EC1D3CEAA66,533
"source/upstream-07ecb7cf/Mage.Client/src/main/java/org/mage/plugins/card/dl/beans/EventListenerList.java",D5363E93DC2F7A83C155BF3FF4BA19EF8A9B1ECF9F8AEBDD649226F68E6ECBFB,3903
"source/upstream-07ecb7cf/Mage.Client/src/main/java/org/mage/plugins/card/dl/beans/package-info.java",9F66E662BAB988D5DD4A7F307A039C8C1876A7E282443C2369B44CA752C29E45,930
"source/upstream-07ecb7cf/Mage.Client/src/main/java/org/mage/plugins/card/dl/beans/PropertyChangeSupport.java",30BDCB13FFD36B5A5917E75CF3AF4F001DBD8833BE35BD852F0BE9AEA0FB235A,538
"source/upstream-07ecb7cf/Mage.Client/src/main/java/org/mage/plugins/card/dl/beans/collections/ListenableCollections.java",D976962ACC12D0B454D8D30282641BC75C1FCAD5DE9C92EA536786A50F56A13E,11169
"source/upstream-07ecb7cf/Mage.Client/src/main/java/org/mage/plugins/card/dl/beans/properties/AbstractProperties.java",BA59F5961BFDBC7CE17D2B4DFA207BA47A97CFC0B1F2D9EA6390A4A1911F5572,1027
"source/upstream-07ecb7cf/Mage.Client/src/main/java/org/mage/plugins/card/dl/beans/properties/AbstractProperty.java",55D962B5BF2C42CB9017795CD9F7F9161687D83FC0C1563EB875A3A9864AD88D,748
"source/upstream-07ecb7cf/Mage.Client/src/main/java/org/mage/plugins/card/dl/beans/properties/CompoundProperties.java",E7ED71FB6A57FEB099464C465D782AE89269C1BD4FE8B4D559E4FCBB389E8167,1304
"source/upstream-07ecb7cf/Mage.Client/src/main/java/org/mage/plugins/card/dl/beans/properties/Properties.java",8773AEB011B2C2B251D0A2D7731F1C3C56E9C7846A6EB3B5F41CE413D025718E,967
"source/upstream-07ecb7cf/Mage.Client/src/main/java/org/mage/plugins/card/dl/beans/properties/Property.java",6AD9C622203C1334F5A116AF612F10D7CAC57DA90D56CE5C9455FF26A1FD0624,487
"source/upstream-07ecb7cf/Mage.Client/src/main/java/org/mage/plugins/card/dl/beans/properties/basic/BasicProperties.java",5BB22C9A9FEB7AFEF013BB68BCFD9B9433F98CFE7CB7CCA9101C0D757DC2916D,763
"source/upstream-07ecb7cf/Mage.Client/src/main/java/org/mage/plugins/card/dl/beans/properties/basic/BasicProperty.java",657B0D50EDFB13762A8458D241E8F0B44BA49C75133B822EB598B75FE98EBA8A,565
"source/upstream-07ecb7cf/Mage.Client/src/main/java/org/mage/plugins/card/dl/beans/properties/bound/BoundProperties.java",8BCBA8FEF64FCD7AFF3205DEB7ED1CBE2350D06F9BD5FF996FE88F35A7FC7058,1429
"source/upstream-07ecb7cf/Mage.Client/src/main/java/org/mage/plugins/card/dl/beans/properties/bound/BoundProperty.java",250B736AA8882873C3A2B446238B9F3070176BF6CECAD0F73CA47D3FA1DD2BA8,973
"source/upstream-07ecb7cf/Mage.Client/src/main/java/org/mage/plugins/card/dl/beans/properties/bound/PropertyChangeListListener.java",7334CB76F750B72D26F79C33AF1232FAAE0DFB902733845D78E19A43786F0C03,1109
"source/upstream-07ecb7cf/Mage.Client/src/main/java/org/mage/plugins/card/dl/beans/properties/bound/PropertyChangeMapListener.java",0C7960BAF7B0E7C7FE1660E77B70660B2294A8587D0E068A9B71051B2887307A,3902
"source/upstream-07ecb7cf/Mage.Client/src/main/java/org/mage/plugins/card/dl/beans/properties/bound/PropertyChangeSetListener.java",62495B91F2A3EEB354C4E6E9FE131014947742AA63B434B28741B3C54A6C35F1,2847
"source/upstream-07ecb7cf/Mage.Client/src/main/java/org/mage/plugins/card/dl/lm/AbstractLaternaBean.java",075C8BC953DCF89802D41DDB99B152F5D5295F93703F751E07405910E01FB740,700
"source/upstream-07ecb7cf/Mage.Client/src/main/java/org/mage/plugins/card/dl/sources/CardImageSource.java",990313399629D1FD419BB910B17F5A018F078F4A97C7BCCA9AC127A1FBB4E6D3,1884
"source/upstream-07ecb7cf/Mage.Client/src/main/java/org/mage/plugins/card/dl/sources/CardImageUrls.java",E1BE7BDFBE5F3064762867269B143910CD9AAE90F556427D5B3F212B17DAB9A4,939
"source/upstream-07ecb7cf/Mage.Client/src/main/java/org/mage/plugins/card/dl/sources/CopyPasteImageSource.java",DBFC1E2ECB86379E7347572AD6461EA47FFE90573D56D901014BAEFFAD576692,8034
"source/upstream-07ecb7cf/Mage.Client/src/main/java/org/mage/plugins/card/dl/sources/CopyPasteImageSourceDialog.form",147136708C455ED0612D50EFCB8C58607E8D115BDF384F3D58B4A6620C067CCA,3979
"source/upstream-07ecb7cf/Mage.Client/src/main/java/org/mage/plugins/card/dl/sources/CopyPasteImageSourceDialog.java",384AAF0949137FD331F1D029072C57B5B735D97AB409366F42D93AA1A4E1D3D8,7762
"source/upstream-07ecb7cf/Mage.Client/src/main/java/org/mage/plugins/card/dl/sources/DirectLinksForDownload.java",EDA714BC81F474D7477C483D29D29BA888F81CC01733C933DFDA27932C760D67,1670
"source/upstream-07ecb7cf/Mage.Client/src/main/java/org/mage/plugins/card/dl/sources/GathererSets.java",8080F1EE658FA0B45177E423AC906506DF7BAD251909E76E7E0474F9F8BC6A2D,15876
"source/upstream-07ecb7cf/Mage.Client/src/main/java/org/mage/plugins/card/dl/sources/GathererSymbols.java",CA4A1B156B58C407834FC754E51E0076ADB15EFD511E25A2D5328269930B9F52,5155
"source/upstream-07ecb7cf/Mage.Client/src/main/java/org/mage/plugins/card/dl/sources/GrabbagImageSource.java",1527C491184FA08F10C0C46538D4F1EA9B8E4E9B28C434D3EDC711D5931BDDC0,29819
"source/upstream-07ecb7cf/Mage.Client/src/main/java/org/mage/plugins/card/dl/sources/ScryfallApiBulkData.java",DEEA47762336E909E885C1D1C4CF8A59EC75F8123860F2D4CEC44B30D50E3B0D,408
"source/upstream-07ecb7cf/Mage.Client/src/main/java/org/mage/plugins/card/dl/sources/ScryfallApiCard.java",39F8D0E7EE5FF495C921F39EB81B22BC7A9BA8DC1D1865360778F380DEBF0003,9398
"source/upstream-07ecb7cf/Mage.Client/src/main/java/org/mage/plugins/card/dl/sources/ScryfallApiCardFace.java",6C183CDC6D16C34BF1957F4B9314D1AFE195C32B68B9D7EC89A4E196BD7839F1,1467
"source/upstream-07ecb7cf/Mage.Client/src/main/java/org/mage/plugins/card/dl/sources/ScryfallImageSource.java",93841EDB6B0656F3CDA87109F2747033FB1064662D1EEFD8E37E65F8EDD04EC3,36731
"source/upstream-07ecb7cf/Mage.Client/src/main/java/org/mage/plugins/card/dl/sources/ScryfallImageSourceNormal.java",976BDE77FC51B63497EB6F0709F7DA15B4C4F7F4762EA1697F84731828D4E59C,1602
"source/upstream-07ecb7cf/Mage.Client/src/main/java/org/mage/plugins/card/dl/sources/ScryfallImageSourceSmall.java",8A3FFBFE852A2B862F26380E00E5E4DB177F214B102F3E83D397BDF12561DAC5,1591
"source/upstream-07ecb7cf/Mage.Client/src/main/java/org/mage/plugins/card/dl/sources/ScryfallImageSupportCards.java",0EF45955D70EE19CDFA15AF1D827A75A7823ECA6B8732FC96F34BC6AE8A9CBDC,46824
"source/upstream-07ecb7cf/Mage.Client/src/main/java/org/mage/plugins/card/dl/sources/ScryfallImageSupportTokens.java",DC04F87A1612DCF629E9E4A1BCBD25CB568D5693C8E55B5F3DCD283DABF4E922,248759
"source/upstream-07ecb7cf/Mage.Client/src/main/java/org/mage/plugins/card/dl/sources/ScryfallSymbolsSource.java",256C9A499ECF9FAE6260947FDC9CBB441477E18E5953B36AF4BB674422BAC2E8,7666
"source/upstream-07ecb7cf/Mage.Client/src/main/java/org/mage/plugins/card/dl/sources/WizardCardsImageSource.java",5BB182A28B9845C1B101F313EA8B0F7377F013F20030FF0FEB9352146DF7F4E1,30867
"source/upstream-07ecb7cf/Mage.Client/src/main/java/org/mage/plugins/card/images/CardDownloadData.java",DDCC43D32EA71A8DA835ED5043C049382F92318AE9933839988B86D2CD51025A,4674
"source/upstream-07ecb7cf/Mage.Client/src/main/java/org/mage/plugins/card/images/DownloadPicturesService.java",BDCB7505209F08133B878A19B62699175C3C362E84CCB6414CCC9EE28152EA11,45089
"source/upstream-07ecb7cf/Mage.Client/src/main/java/org/mage/plugins/card/images/ImageCache.java",F0673B33051E33A46FAC5ED3CA0ECC0D6F0D9BD26337C6D569024C4821BE16A6,13931
"source/upstream-07ecb7cf/Mage.Client/src/main/java/org/mage/plugins/card/images/ImageCacheData.java",872E2DF322D141CE36F90662B8CAADFD1F1B26077544CA668109A337094B5FAD,509
"source/upstream-07ecb7cf/Mage.Client/src/main/java/org/mage/plugins/card/info/CardInfoPaneImpl.java",0F89C5E3D464D840C532F9009DFCF954F25C5BA5683CC4886AA63728A2E40AEE,3117
"source/upstream-07ecb7cf/Mage.Client/src/main/java/org/mage/plugins/card/utils/CardImageUtils.java",C4C9C7A41C9AF90B434D719CE47FFFB5EB213DED7BF6ED8FD6ECAEA383EE7F1C,9895
"source/upstream-07ecb7cf/Mage.Client/src/main/java/org/mage/plugins/card/utils/ImageManager.java",115680596ED37DA58FD159FCA2C440329A8AE28F7E43262637D36361224B6A63,1883
"source/upstream-07ecb7cf/Mage.Client/src/main/java/org/mage/plugins/card/utils/Transparency.java",4CE04C8D30CB1E68A3D2C850ECE199386567E488A3F218CD788F1B657975AFC8,1992
"source/upstream-07ecb7cf/Mage.Client/src/main/java/org/mage/plugins/card/utils/impl/ImageManagerImpl.java",DADCA6DF67F31F7D893ECFAECE1D6754AA2B1105F143B8A6D20B8ED69F0ECC5F,18492
"source/upstream-07ecb7cf/Mage.Client/src/main/java/org/mage/plugins/theme/ThemePluginImpl.java",38D19368572939C5759456AE394F32863C3266AB49AC712D8943C6B8EE4CB0A5,8012
"source/upstream-07ecb7cf/Mage.Client/src/main/resources/log4j.properties",00D320792879A83D4679BFA5052B934504E384C00A5EC4602A3F86D1FB74F712,1664
"source/upstream-07ecb7cf/Mage.Client/src/main/resources/ratings.txt",781C5816853B9CA81A1F7A44849CB422EF9083A024D442E50033A2584FEE8F6E,26901
"source/upstream-07ecb7cf/Mage.Client/src/main/resources/card/icons/readme-icons.txt",81A98EF5E67824120500F06C71FAD4506B15B049631DA4086CECE4F66C24F516,872
"source/upstream-07ecb7cf/Mage.Client/src/main/resources/card/icons/original/bootstrap/alarm-fill.svg",64CC1F5FEFF116EFB30258A3B6B38F02795BF28F087884B2EB1E31A17717E409,666
"source/upstream-07ecb7cf/Mage.Client/src/main/resources/card/icons/original/bootstrap/bell-fill.svg",E0756B9DD7AFF80C9D389504D6E872E13C0C29B4D88F8C4AA69A4EFC14DEF5EC,307
"source/upstream-07ecb7cf/Mage.Client/src/main/resources/card/icons/original/bootstrap/binoculars-fill.svg",B6C788B733B87F6E82BAC538D289A6D2ADD014223B752A4E4119B91914D5EE26,639
"source/upstream-07ecb7cf/Mage.Client/src/main/resources/card/icons/original/bootstrap/circle-fill.svg",D1725E654309ED59C5AF0321BA6060C0C52A5EB53A7D4936DEFA59B34ADFA07B,170
"source/upstream-07ecb7cf/Mage.Client/src/main/resources/card/icons/original/bootstrap/clock-fill.svg",B8115F53B18E7EB2C611630927763FA82D7C7597E7EE1085FE7FE43A1A799677,289
"source/upstream-07ecb7cf/Mage.Client/src/main/resources/card/icons/original/bootstrap/cloud-fill.svg",90276F26317DD34FE45DE6496C0ECEF5D6D8771F2899A48F92AE4D369040C4B2,388
"source/upstream-07ecb7cf/Mage.Client/src/main/resources/card/icons/original/bootstrap/exclamation-circle-fill.svg",CFE4CB97B6D2C725C3E4FE656A008FD16079BC07058B492C8CDD8CAC8E2D6434,343
"source/upstream-07ecb7cf/Mage.Client/src/main/resources/card/icons/original/bootstrap/exclamation-square-fill.svg",FC6C0F9AD432731F9CCEF69E8E0E09037D8EAFB9DEA32C7DAD6C0EF832883C3F,379
"source/upstream-07ecb7cf/Mage.Client/src/main/resources/card/icons/original/bootstrap/exclamation-triangle-fill.svg",CB7798A2812A447CBD092A278C79DB85ABE40D4418F991B96B3E0870A88C8FA4,432
"source/upstream-07ecb7cf/Mage.Client/src/main/resources/card/icons/original/bootstrap/eye-fill.svg",E44C3A6BD62DDC20D88BE9A28C09F99C41C70A9C2F997D5C633EAB8D2708A898,320
"source/upstream-07ecb7cf/Mage.Client/src/main/resources/card/icons/original/bootstrap/gear-fill.svg",B27D6BB6C13A3C5E7C5DAF911471D6CEB078485E0DC026AB4C8D7C1F5D59A9D7,841
"source/upstream-07ecb7cf/Mage.Client/src/main/resources/card/icons/original/bootstrap/grid-fill.svg",6822FD6C343D426A94299CF922C1163E35EA1E77420D19B6311FD7D574079975,566
"source/upstream-07ecb7cf/Mage.Client/src/main/resources/card/icons/original/bootstrap/heart-fill.svg",08734FF2D68956FA0F785666B3574EA9B5161CA4F316BD12E49EC87F6FB8E346,244
"source/upstream-07ecb7cf/Mage.Client/src/main/resources/card/icons/original/bootstrap/hexagon-fill.svg",52BC9E3429CC96846C701A85B27727C48CF05E702C74D4C2F8063C6527888468,326
"source/upstream-07ecb7cf/Mage.Client/src/main/resources/card/icons/original/bootstrap/lightning-fill.svg",ACE574B0488AB24DC1AEE9DC20B772F0D1F2DC3B878FD2C2105D799A771A718B,326
"source/upstream-07ecb7cf/Mage.Client/src/main/resources/card/icons/original/bootstrap/link.svg",0634BC395F62DF3FF42772C56AF5C07BB6EBA6AB23A70613AD0F255737E6511F,403
"source/upstream-07ecb7cf/Mage.Client/src/main/resources/card/icons/original/bootstrap/question-square-fill.svg",FB987E4F230BB5537CD3B615B192CC76E674C0032BE730DB976DDB55BEE5EFF1,645
"source/upstream-07ecb7cf/Mage.Client/src/main/resources/card/icons/original/bootstrap/reply-fill.svg",4DF3717B1999B026599F5FB1921A584E5641345F6D1A1C7E943E60AE7AABCD2D,291
"source/upstream-07ecb7cf/Mage.Client/src/main/resources/card/icons/original/bootstrap/shield-fill-check.svg",6A739BC3DA184CE1033428E867253487BB8DAD5D56FD8B3C59E92B17C0D7A743,684
"source/upstream-07ecb7cf/Mage.Client/src/main/resources/card/icons/original/bootstrap/shield-fill.svg",92D32790B279DC0B1005FF0A027C3C0C66DFC619D325E193ADE259A18523BCF7,582
"source/upstream-07ecb7cf/Mage.Client/src/main/resources/card/icons/original/bootstrap/shield-slash-fill.svg",648C93270E1AC6093E75B855934A58FA72092681A2AE9C710D37BF082D6B2631,645
"source/upstream-07ecb7cf/Mage.Client/src/main/resources/card/icons/original/bootstrap/shift-fill.svg",8EF864A30D713D19932E721A9F63F50E91EB1A481534CC792161717062E5E6C9,326
"source/upstream-07ecb7cf/Mage.Client/src/main/resources/card/icons/original/bootstrap/square-fill.svg",EFDA8317FD10731F71ACF5BCB5AAB638B8786443D211A9089E88556CFA118DAE,224
"source/upstream-07ecb7cf/Mage.Client/src/main/resources/card/icons/original/bootstrap/triangle-fill.svg",CE8C8B09ACBEF5B2A1D2C419AC7D54012E24CCCD76E27FB369626D052AF35B23,300
"source/upstream-07ecb7cf/Mage.Client/src/main/resources/card/icons/original/fontawesome/anchor.svg",4D5A7CA4FB0BCFA29480F111F91B794D6CDF8D7DB334ADCA73BE2C4D5E668D62,1085
"source/upstream-07ecb7cf/Mage.Client/src/main/resources/card/icons/original/fontawesome/ankh.svg",D3DA2FE58FAED6E6602C3F9A66EC7921697944A294916B2FC8EF260FC25CC33B,661
"source/upstream-07ecb7cf/Mage.Client/src/main/resources/card/icons/original/fontawesome/bolt.svg",3687B135E89905A8B50CB2E44E3BAE7C3B09795D1187D0AA179F35C22FDB825C,469
"source/upstream-07ecb7cf/Mage.Client/src/main/resources/card/icons/original/fontawesome/chess-rook.svg",D83DC6A8369AEC811FD1A3D889F5CB316125CE7E8E119832B9E9883DFF7D590B,618
"source/upstream-07ecb7cf/Mage.Client/src/main/resources/card/icons/original/fontawesome/child-reaching.svg",681BAFBD40D510BCDB1577A5DA005B9F9E048CD2A302AA6A7AF3100A0F919539,719
"source/upstream-07ecb7cf/Mage.Client/src/main/resources/card/icons/original/fontawesome/cog.svg",3FF50E85DA6F844512155596D990188960FCE8DECA709C98BB3220160BE262FE,1070
"source/upstream-07ecb7cf/Mage.Client/src/main/resources/card/icons/original/fontawesome/crosshairs.svg",43E6D93061627470C5003B8FE5EEBC15551E90D349D38511047D0D617040FEA7,1210
"source/upstream-07ecb7cf/Mage.Client/src/main/resources/card/icons/original/fontawesome/crown.svg",7596F81538CB1C8FCBBB455799226F8E06D977BB46765B7B38E3160F057A60D1,763
"source/upstream-07ecb7cf/Mage.Client/src/main/resources/card/icons/original/fontawesome/dharmachakra.svg",038B568F248E1BAB97E8528229C5E21CDBFFE3D8F47E83156220D224ED57E264,2218
"source/upstream-07ecb7cf/Mage.Client/src/main/resources/card/icons/original/fontawesome/dice-six.svg",7F4B06BBB390C01DDF06D36AB1748B4B0976FCB9BA3155E5BCF1D4AD246BD386,829
"source/upstream-07ecb7cf/Mage.Client/src/main/resources/card/icons/original/fontawesome/dizzy.svg",8F4CC08F23126DBFA141671947D3EB77915864FE009DF2D43DA66E2FB5C8D1DC,808
"source/upstream-07ecb7cf/Mage.Client/src/main/resources/card/icons/original/fontawesome/exclamation-circle.svg",18800BB9C7301E1FB036BBC8F537DCF90B6E8F80102F59FD7E73AC3AAEA6D8A1,642
"source/upstream-07ecb7cf/Mage.Client/src/main/resources/card/icons/original/fontawesome/exclamation-triangle.svg",BFD74FDF554737BC3299E52FB92A1D944BB969DBF7F868C55F1ABC7D61368B81,708
"source/upstream-07ecb7cf/Mage.Client/src/main/resources/card/icons/original/fontawesome/expand-arrows-alt.svg",DECE2753B483E8602FCE502F297B9E9DFECBFCAB10778ED2889ACE9C3153A36D,763
"source/upstream-07ecb7cf/Mage.Client/src/main/resources/card/icons/original/fontawesome/eye.svg",FAEDF0658D40749640F2351C60BF45E5F01997FD84CCEA298CBFCEED37279078,590
"source/upstream-07ecb7cf/Mage.Client/src/main/resources/card/icons/original/fontawesome/feather-alt.svg",8F0E066955FC2190BB4D927B0AFB9717F88F12A3947E172EDB018EE0023C7BB4,659
"source/upstream-07ecb7cf/Mage.Client/src/main/resources/card/icons/original/fontawesome/flask.svg",263FE3154944320184674FBEDB3C4F5F31866B32AB169C975F6DFE5F08190708,558
"source/upstream-07ecb7cf/Mage.Client/src/main/resources/card/icons/original/fontawesome/frog.svg",E43C5B045EE51747A5332C46D8AD274CE1D509E662BEA5F8AE037369F8E974D0,979
"source/upstream-07ecb7cf/Mage.Client/src/main/resources/card/icons/original/fontawesome/ghost.svg",CBAE53D50847A7B1047E861B8B7445B553BBFAD64B383B65FCB35D5EC04FD63E,777
"source/upstream-07ecb7cf/Mage.Client/src/main/resources/card/icons/original/fontawesome/grimace.svg",0419A369F389D8CD053987074C3EB5E0B52AAB6786EBC2663060641290364B51,758
"source/upstream-07ecb7cf/Mage.Client/src/main/resources/card/icons/original/fontawesome/hashtag.svg",20E94FDD58F05D4BB7905FCDBD5A3D04B6AA1C3088486EFBC54FA23628D9AD9D,1091
"source/upstream-07ecb7cf/Mage.Client/src/main/resources/card/icons/original/fontawesome/heart.svg",449D579BFB3265CA4083C6A4F9B4FF21D08456A2D1CC8AA38EBCE8F25D21D8B2,467
"source/upstream-07ecb7cf/Mage.Client/src/main/resources/card/icons/original/fontawesome/khanda.svg",0589B8E1C0067CC1C3064450222A1C21F817D9E29AB73145D8215C873A65BA98,1857
"source/upstream-07ecb7cf/Mage.Client/src/main/resources/card/icons/original/fontawesome/lightbulb.svg",45A373EC5F53740BAD9FC6711869CEE3B35F637C16B4D41480548262D2E4052A,824
"source/upstream-07ecb7cf/Mage.Client/src/main/resources/card/icons/original/fontawesome/link.svg",BE56144136AE705CE656A206AC2B93B7F524C62E234929F43CB4C03851F3AF7A,1507
"source/upstream-07ecb7cf/Mage.Client/src/main/resources/card/icons/original/fontawesome/mars-double.svg",44A21F9695D98B0F975BD837A0BADFB56CABAB4680BD95E84552A2EDC85A19A5,994
"source/upstream-07ecb7cf/Mage.Client/src/main/resources/card/icons/original/fontawesome/ring.svg",C235B999A6E626B5FDADC72B979D61547DA6D65F61AA0927497AEDF76A4FB88C,845
"source/upstream-07ecb7cf/Mage.Client/src/main/resources/card/icons/original/fontawesome/skull-crossbones.svg",1364FEA42E0B00A46872E305A0C33B4D11AE19E9B6EBC9374FDDC24C0DCFFEB4,1034
"source/upstream-07ecb7cf/Mage.Client/src/main/resources/card/icons/original/fontawesome/skull.svg",3741595C33692DA15627A2F9A4FB91431AE17544C60C1B5229381B3E25A874F4,738
"source/upstream-07ecb7cf/Mage.Client/src/main/resources/card/icons/original/fontawesome/tooth.svg",388581162DA9E0D67FDA5582FB88FA300B72A5868057B18BE5A254589F72D018,971
"source/upstream-07ecb7cf/Mage.Client/src/main/resources/card/icons/original/fontawesome/truck-monster.svg",1E2227BC7A439462EB1609AC786FA5BACFB2D2E9FBC862A1867FD4AF37937732,2510
"source/upstream-07ecb7cf/Mage.Client/src/main/resources/card/icons/original/fontawesome/truck-pickup.svg",2BE13010522482E3D2F75E8D1C96AC275329DBF1C8EC96918A54DC309C28DECD,899
"source/upstream-07ecb7cf/Mage.Client/src/main/resources/card/icons/original/pixabay/swords-310788.svg",6B3BCE0B62AE63BD986B90E9483F84851662BFE407A6F283D40FFABDD6654486,1035
"source/upstream-07ecb7cf/Mage.Client/src/main/resources/card/icons/prepared/ankh.svg",31DD922A8F919EE3325416B9BFFD58980E2D3FC22B44674656A240A13C8665F2,713
"source/upstream-07ecb7cf/Mage.Client/src/main/resources/card/icons/prepared/binoculars-fill.svg",52B1630DA57B579ECE193CC3EB97CEE4A4022048893522C6F4301ED1B2086455,896
"source/upstream-07ecb7cf/Mage.Client/src/main/resources/card/icons/prepared/chess-rook.svg",D3175203B09D996103AD90A33B63CF8EF96379A2D9C3931A95AA6BA5C9A6B4EC,907
"source/upstream-07ecb7cf/Mage.Client/src/main/resources/card/icons/prepared/child-reaching.svg",681BAFBD40D510BCDB1577A5DA005B9F9E048CD2A302AA6A7AF3100A0F919539,719
"source/upstream-07ecb7cf/Mage.Client/src/main/resources/card/icons/prepared/cog.svg",5B04C683322AD639A20C941941BB7787C8377C7254F0C732844E9176DDB185EF,1062
"source/upstream-07ecb7cf/Mage.Client/src/main/resources/card/icons/prepared/crown.svg",2772740DF575589F2FC73A6E5959FE13DC32DA7A6D7F56DB38DB2B8540BBFB10,890
"source/upstream-07ecb7cf/Mage.Client/src/main/resources/card/icons/prepared/exclamation-triangle-fill.svg",9FEEF10365460C9CE310C3D19E6CD40A935CA0A1052AD0EFFFEB6118C5068F7D,1080
"source/upstream-07ecb7cf/Mage.Client/src/main/resources/card/icons/prepared/expand-arrows-alt.svg",9DEFEE3797041832B6C6FE823258468085ECF050A2E46217E87FD6C386B5498F,874
"source/upstream-07ecb7cf/Mage.Client/src/main/resources/card/icons/prepared/eye.svg",1BD4610EF5553EEE89F82153666763D61EC1FC89DC57C6F0839E5A452823C789,1252
"source/upstream-07ecb7cf/Mage.Client/src/main/resources/card/icons/prepared/feather-alt.svg",59B046476B3D951914292BED91FDA3F3283D04C3036001A256B63A8CCACE108B,654
"source/upstream-07ecb7cf/Mage.Client/src/main/resources/card/icons/prepared/flask.svg",B0D4BEC30427541AE3B1F9A9A39D5A3DFDA0A988B15D12DF63C831F22BCED898,876
"source/upstream-07ecb7cf/Mage.Client/src/main/resources/card/icons/prepared/grid-fill.svg",D583C38CEEE04C815F90A57A90E255307952AC2C244E9933C2DA2B793955DBC6,833
"source/upstream-07ecb7cf/Mage.Client/src/main/resources/card/icons/prepared/grimace.svg",6CB2A932AEC90AE2F59D89B5A59E5ED56679A76B86757D66C52A70DBFA0338D3,2024
"source/upstream-07ecb7cf/Mage.Client/src/main/resources/card/icons/prepared/hexagon-fill.svg",5CCB25A15A9C26D0B2C5D393541B090072648A542CCC7BEF83509A9F9813F265,562
"source/upstream-07ecb7cf/Mage.Client/src/main/resources/card/icons/prepared/khanda.svg",934CEBE5327878A924A6D74C8850278B968FB4207C3D7F85D7B6B0994FC4A029,1515
"source/upstream-07ecb7cf/Mage.Client/src/main/resources/card/icons/prepared/link.svg",A34D325FE31150B1DC6F456E68A6D8B2AADC53C8D7BAAF7A9E7CA95412E86D8C,1138
"source/upstream-07ecb7cf/Mage.Client/src/main/resources/card/icons/prepared/mars-double.svg",072C4738162A6156912BC2B46A60EF188B81CE7E83D046638EC3B2F0454B80FF,1039
"source/upstream-07ecb7cf/Mage.Client/src/main/resources/card/icons/prepared/mars.svg",088781E0BC08BE647B9F1A6CEA33612C86BE6DF423CD926A928D9C567A84F642,666
"source/upstream-07ecb7cf/Mage.Client/src/main/resources/card/icons/prepared/reply-fill.svg",904051FD279E0500EBB89466A82FB2DFA7CB297F231DA82BA2CB787C38FF4986,575
"source/upstream-07ecb7cf/Mage.Client/src/main/resources/card/icons/prepared/ring.svg",9F980815B1E5C7E83B2A8C4F4B0418CABF2F5A0978342D14D7ECAD1EDCF22483,691
"source/upstream-07ecb7cf/Mage.Client/src/main/resources/card/icons/prepared/skull-crossbones.svg",2CBD211DBA72DAF680262BB9BE97E4FCA46CEE7DD518BC98ABE4700B72DC7F3B,1465
"source/upstream-07ecb7cf/Mage.Client/src/main/resources/card/icons/prepared/square-fill.svg",B70333807228016D6A22E48C96650EC63DB75DCB2CF8E53CFFCBFA42C8E964DF,480
"source/upstream-07ecb7cf/Mage.Client/src/main/resources/card/icons/prepared/swords-one.svg",0F4ACE51B558094E228430E54FA1103E362B9C92B2DAD458DE5F724576E0DB04,617
"source/upstream-07ecb7cf/Mage.Client/src/main/resources/card/icons/prepared/swords-two.svg",54319AB73B9414AC30158F4F4DF0E209F7897046930DBBE0276DB74DE156F6D4,861
"source/upstream-07ecb7cf/Mage.Client/src/main/resources/card/icons/prepared/truck-monster.svg",0B42B573E23AB32E48A57936955C583B3297EDEE235E10212001AAB654C84CE8,2327
"source/upstream-07ecb7cf/Mage.Client/src/test/java/mage/client/game/MultiConnectTest.java",430987A1FFA4E0797B8ECCF2129F4BD5C3D847F42AD8E8A9CC665FDDFBF58B12,3690
"source/upstream-07ecb7cf/Mage.Client/src/test/java/mage/client/game/ScryfallImagesDownloadTest.java",4087F0FCBBD807A588B0867C06529319C0F87DECF68C8BFC5D8C65E3BC1DE60B,4366
"source/upstream-07ecb7cf/Mage.Client/src/test/java/mage/client/game/StartMultiGamesTest.java",80C401E3E5B1B1918E8E97587647B26C08FFD28A5F0059C40B8207328F84C9EF,2253
"source/upstream-07ecb7cf/Mage.Client/src/test/java/mage/client/preference/MagePreferencesTest.java",409DAC6523537B6310E9056932DBE92680EC917476A7B10E66E5C1104BFC0D94,3560
"source/upstream-07ecb7cf/Mage.Client/src/test/java/mage/client/util/ChristmasTest.java",92649F84D0E607761E655AB2A0D6E001C31470290A51691073AC4676482B4CCF,1709
"source/upstream-07ecb7cf/Mage.Client/src/test/java/mage/client/util/DownloaderTest.java",ABEE8B622FB3F12AF484D2C0683DD6BE2CFE5EED0A5C7A1D3A6A94C64D2FEDB8,3654
"source/upstream-07ecb7cf/Mage.Client/src/test/java/mage/client/util/IgnoreListTest.java",2C05AD8C8AFD243C1232BBF0528469834D4E6288BD4ECC8FA13AD0A37387A60A,3960
"source/upstream-07ecb7cf/Mage.Common/pom.xml",1CC1D912FB1930A082749CF4C019B7EAD65617783B7587E80EF20E9140078D22,2837
"source/upstream-07ecb7cf/Mage.Common/src/main/java/mage/cards/CardBorder.java",E23275846A19EC53446611C3E9CF9C4967FA250F8B2AD6D2E82602E56B82449E,592
"source/upstream-07ecb7cf/Mage.Common/src/main/java/mage/cards/CardDimensions.java",19ABC601C1E4ADCA8A356E809E36A99D91B84DB5BE9189AFE4EE93AE4C6FC4B3,2407
"source/upstream-07ecb7cf/Mage.Common/src/main/java/mage/cards/MageCard.java",D6F275E8BD823335F84C5C27987C8B9EF3ED3AE93E43B3B5392460C549B5129A,5251
"source/upstream-07ecb7cf/Mage.Common/src/main/java/mage/cards/MageCardAnimationSettings.java",DF32582FF78E3033CF713ED4D3000256594173A239FF0B9C2412E07788E234A1,2633
"source/upstream-07ecb7cf/Mage.Common/src/main/java/mage/cards/MageCardLocation.java",808DA583966824BC97AB5144048F48BE07A772E385B87BC355235E2239A4D4F0,2176
"source/upstream-07ecb7cf/Mage.Common/src/main/java/mage/cards/MageCardSpace.java",5A0FB96B8D505ADEB00F538409A64C74D63B61228AC076491D4D1F98FA574637,1687
"source/upstream-07ecb7cf/Mage.Common/src/main/java/mage/cards/MagePermanent.java",FB137B0A637E57CE2DBB3ACB179D323CA3F3298F78F6A7CEC7B3FC7A49392A30,536
"source/upstream-07ecb7cf/Mage.Common/src/main/java/mage/cards/RateCard.java",DA29DA55972502D189464560810116B3D839DE193E08F4AAB9120AEAC923BA62,17426
"source/upstream-07ecb7cf/Mage.Common/src/main/java/mage/cards/TextPopup.form",FBA224222EF8F36A8D2DF9D80D4656EACB943DA06F1E58CC7D90233509FC4FD5,2903
"source/upstream-07ecb7cf/Mage.Common/src/main/java/mage/cards/TextPopup.java",E601633FD26F86A178068CCEE1B0C765C93575C0E5D2EC33478ECCDCED638A7A,1782
"source/upstream-07ecb7cf/Mage.Common/src/main/java/mage/cards/action/ActionCallback.java",E8CD107E151D0CD36B43E2F6E71A739213A6E91B9FD18C1E43F05887CD9C78C8,925
"source/upstream-07ecb7cf/Mage.Common/src/main/java/mage/cards/action/TransferData.java",528A1D252762CDF944D350DDE3E2585E03E0A1210D2BF975271B1BDD3222837E,2665
"source/upstream-07ecb7cf/Mage.Common/src/main/java/mage/components/CardInfoPane.java",4215C9E08D406ACC97FE391750C51A09EF45F6ED0D68A6831932572CD7F085AB,278
"source/upstream-07ecb7cf/Mage.Common/src/main/java/mage/components/ImagePanel.java",B96694B15517F7D110DA9A2C11E92C939C2657FBF9D52BADB5888FADA8D7268C,3613
"source/upstream-07ecb7cf/Mage.Common/src/main/java/mage/components/ImagePanelStyle.java",C4D552D2570324026517DE9558A3D15A6FAA3AADFEC3503E1D513F8DE117498C,133
"source/upstream-07ecb7cf/Mage.Common/src/main/java/mage/components/table/ColumnInfo.java",CABD94F8E2FD1AB93748632516939B760FCCA3C90680398B5EA234842CA89139,870
"source/upstream-07ecb7cf/Mage.Common/src/main/java/mage/components/table/MageTable.java",7814E63715DA4004557B793347FF23BA1CE24BDE1CDE6B35564C58189489C269,4346
"source/upstream-07ecb7cf/Mage.Common/src/main/java/mage/components/table/TableInfo.java",300C7AD3FF447994E0A5DFA636818FE99D00E39C641C5CF1AE78D64F000BD065,1098
"source/upstream-07ecb7cf/Mage.Common/src/main/java/mage/components/table/TableModelWithTooltip.java",BF96D92C666BB905133DB4533B15B57BB572323F8DC3C629724A08474DE37328,335
"source/upstream-07ecb7cf/Mage.Common/src/main/java/mage/components/table/TimeAgoTableCellRenderer.java",1BF30D9D452CF4A820062248DC32D1AE25CF27FAB0792886871A48F6B4F854BA,1288
"source/upstream-07ecb7cf/Mage.Common/src/main/java/mage/constants/Constants.java",B9DB6E854F21C450A0F555E79B80AB299A96F48B3ED188CD7D48B7CFBBC8A66A,2601
"source/upstream-07ecb7cf/Mage.Common/src/main/java/mage/db/EntityManager.java",DB7434518E4C8C8F1AEB6EC8CC45103EE957B4F40C2695197D514C0FC25350B3,1654
"source/upstream-07ecb7cf/Mage.Common/src/main/java/mage/db/EntityManagerTest.java",DE22B68C5EA62AF6E23B1B2E694393B115BC9DE553AA4C38E21BD13241171159,801
"source/upstream-07ecb7cf/Mage.Common/src/main/java/mage/db/model/Feedback.java",C2F3573AC9845AEFE759ECC44FEE16AA74A206597E7E97DBAFD6AE41F13BC684,2823
"source/upstream-07ecb7cf/Mage.Common/src/main/java/mage/db/model/Log.java",5C97AA99268E6D6608130E8BB8ABFF78ED95CF816A0CBC8FE3F9BC76B92962BA,2287
"source/upstream-07ecb7cf/Mage.Common/src/main/java/mage/interfaces/Action.java",F5D93202110C50AFD8873AAF96C7C2E8D440C21AC64B3AABB5B6E11BF679B185,313
"source/upstream-07ecb7cf/Mage.Common/src/main/java/mage/interfaces/ActionWithResult.java",BFF96AF32A3BD6EE4706CD2554CFF4115FB6602568233F4A8DB858B6F70AD595,476
"source/upstream-07ecb7cf/Mage.Common/src/main/java/mage/interfaces/MageClient.java",E63D90DC2B811A4D70A04FA07D4E29F3040CFDF7E8ED91759B6081DB7665BE8C,493
"source/upstream-07ecb7cf/Mage.Common/src/main/java/mage/interfaces/MageServer.java",0A8602E4F3755C23B447169ECC348007DC12815049EFFEA78DCFB0F225A8B33D,7641
"source/upstream-07ecb7cf/Mage.Common/src/main/java/mage/interfaces/PluginException.java",9DB5C1315D03DA92C6D37688BB2EB26FE9ECD105EFFD95E6EFABFAAB8D289C25,400
"source/upstream-07ecb7cf/Mage.Common/src/main/java/mage/interfaces/ServerState.java",1C724ABAC9C70C15A04160805B48B1DB250373C3F730DCF1A5026CA6B123D9EF,2422
"source/upstream-07ecb7cf/Mage.Common/src/main/java/mage/interfaces/callback/CallbackClient.java",A8855D205C26A28ED96F294A86C7AA18AE61BCD64A36F2100E15AEFCC82A3B4D,252
"source/upstream-07ecb7cf/Mage.Common/src/main/java/mage/interfaces/callback/ClientCallback.java",ECC18FEF76AAEDF44402C452E78EF02BFEAF94C3A3C682ACBDC1DAB307AD9E58,2856
"source/upstream-07ecb7cf/Mage.Common/src/main/java/mage/interfaces/callback/ClientCallbackMethod.java",60C44D09537AE166E53A956E8DF1CCCCAD1F15FC7D1CCFF55DE53E86CE9EF171,3828
"source/upstream-07ecb7cf/Mage.Common/src/main/java/mage/interfaces/callback/ClientCallbackType.java",E1BD213F991C91196372534B1D234F4F7A4E3A323BF296D5E924423E762C03AE,1033
"source/upstream-07ecb7cf/Mage.Common/src/main/java/mage/interfaces/plugin/CardPlugin.java",C6FB6FFADBCF3942C512899770DFFBD28F64DCD308AF3CBBD12ABB22A773BD92,1649
"source/upstream-07ecb7cf/Mage.Common/src/main/java/mage/interfaces/plugin/CounterPlugin.java",85AFDC510FAFFD315447482BBD0407F63C9C7E97807AFDC1FEE59DFCC7EDA735,348
"source/upstream-07ecb7cf/Mage.Common/src/main/java/mage/interfaces/plugin/ThemePlugin.java",CD58580DEA73CA75F3F2A487156B283439E2120523D1C6D36899D55AAF99A610,369
"source/upstream-07ecb7cf/Mage.Common/src/main/java/mage/interfaces/rate/RateCallback.java",C75636291E6C05843F5696166BD41C9832BFE48917C745BD3A337A2F36D1074B,346
"source/upstream-07ecb7cf/Mage.Common/src/main/java/mage/remote/ActionData.java",65C3AA3D5401F9A4472036827DE0ED6038469CBD4368D5FA00E507FB117A2145,3592
"source/upstream-07ecb7cf/Mage.Common/src/main/java/mage/remote/Connection.java",F1D10457E36FFF82EF23BACEA92D6B78450AEE7D441D5877B3A5E9B548987002,6667
"source/upstream-07ecb7cf/Mage.Common/src/main/java/mage/remote/CustomThreadPool.java",B3A361749197C2263DDB76BDCD489D69725FA7D367EB04D587DFC6EBE520098A,1228
"source/upstream-07ecb7cf/Mage.Common/src/main/java/mage/remote/MageRemoteException.java",D3AB3705B666DDDD2DA38C3A65EA94A5E22413DE48BE34325C9528D0B93EB68B,132
"source/upstream-07ecb7cf/Mage.Common/src/main/java/mage/remote/MageVersionException.java",9B52139DFE771697F8B1A10E52F3D79C893445784F8C8CEA3E196333BE74DCB2,535
"source/upstream-07ecb7cf/Mage.Common/src/main/java/mage/remote/Session.java",1487F980D09EB50A9C6C43C53B231B7201887AFE4AB3F2F972BC1C28951AFC4C,692
"source/upstream-07ecb7cf/Mage.Common/src/main/java/mage/remote/SessionImpl.java",E394A148C3D9B409502802D1AA9105DD9AD0ED96967823F1FE972D7A070B327A,66023
"source/upstream-07ecb7cf/Mage.Common/src/main/java/mage/remote/interfaces/ChatSession.java",8FA9A353FBEC666B0F1BCACCEA68E939E082EA774AA91C58C1629D4677576431,531
"source/upstream-07ecb7cf/Mage.Common/src/main/java/mage/remote/interfaces/ClientData.java",46F84060A653B63CC60AB648FEE6A3CB5DFA529A72544401A8CC195A67E910AB,288
"source/upstream-07ecb7cf/Mage.Common/src/main/java/mage/remote/interfaces/Connect.java",28B6C8A419A71E3E33E3175B569D106272B748866BBEB1C2061399C9EFCA9D3D,1135
"source/upstream-07ecb7cf/Mage.Common/src/main/java/mage/remote/interfaces/Feedback.java",9CC1EDC77671EFE77641286386B2D67EE941C25DCD0B51030EB6E8FB2EEF5548,171
"source/upstream-07ecb7cf/Mage.Common/src/main/java/mage/remote/interfaces/GamePlay.java",7F5981ED78065F01A617854545D32FFFBF5D7712C4F6B6589CEB8FC1A0819EB1,1591
"source/upstream-07ecb7cf/Mage.Common/src/main/java/mage/remote/interfaces/GameTypes.java",028DB2C1941C676B384DB1A716106D801F0CEE007B864C280FF0DAB1477C4C72,452
"source/upstream-07ecb7cf/Mage.Common/src/main/java/mage/remote/interfaces/PlayerActions.java",B2C3E36AFF5734A85F6BA293BA0D6C85D2EB75B0B9FD1BD0A1D2033F7F4C7331,1635
"source/upstream-07ecb7cf/Mage.Common/src/main/java/mage/remote/interfaces/Replays.java",A97907A7529060E207CA4D2D3FE578FB3C689DBFEC304BC2272C96B95ECA409B,352
"source/upstream-07ecb7cf/Mage.Common/src/main/java/mage/remote/interfaces/ServerState.java",C1693976E699CC6B40F217A093B7104ADE0DC8C98AE8D54300C05233DEB6BD72,736
"source/upstream-07ecb7cf/Mage.Common/src/main/java/mage/remote/interfaces/Testable.java",D3963438F7EA5AB3673A66E05A7433A13A962B28E6B9DEFA3F1DACA52244E467,231
"source/upstream-07ecb7cf/Mage.Common/src/main/java/mage/remote/traffic/ZippedObject.java",D4013B0E40FB5E9E0E0C8B2C7B2911772BCAF955000EF0061741A0BA6CC704DE,326
"source/upstream-07ecb7cf/Mage.Common/src/main/java/mage/remote/traffic/ZippedObjectImpl.java",16148BFE50053EEE621B359B0D9D45F3921E8E17886B65E0577F64EC93837B38,1623
"source/upstream-07ecb7cf/Mage.Common/src/main/java/mage/utils/ActionWithBooleanResult.java",B0A6051AF19CC943056CB77DFA85C2FCBCE40A307D841C2142021515C2EA8B3D,349
"source/upstream-07ecb7cf/Mage.Common/src/main/java/mage/utils/ActionWithNullNegativeResult.java",183F5375C51E90C228A70BD934152C1AE1EA94E5208B44612DFA4EADE522B910,320
"source/upstream-07ecb7cf/Mage.Common/src/main/java/mage/utils/ActionWithTableViewResult.java",859730DCB1D1FFE97E63693C47653BC235E4813DBBAA5EEA961C4577F0AFA8B3,271
"source/upstream-07ecb7cf/Mage.Common/src/main/java/mage/utils/CompressUtil.java",892CA18CF1E36853608AA845CBF70EC13D745C64CB836B1314718C34058296F6,926
"source/upstream-07ecb7cf/Mage.Common/src/main/java/mage/utils/DeckBuilder.java",C799B29CDE5378F140350B6890CD959C07CD3EB2128F86EE9F0AAB956FA5D526,10997
"source/upstream-07ecb7cf/Mage.Common/src/main/java/mage/utils/FluentBuilder.java",A6A70AC66D8AD78087A981F5CDE298A5D75DE79B12F77A168AE839EE4B75ED34,1351
"source/upstream-07ecb7cf/Mage.Common/src/main/java/mage/utils/MageVersion.java",420785151EB5AE55019A86C2C08E458DC0FC978C8C0C03713AEF292B830DB231,3225
"source/upstream-07ecb7cf/Mage.Common/src/main/java/mage/utils/StreamUtils.java",A3381827BC9AB112E5D478CBAF2C437E224CBF65ED610D351BC3E10FB18B6E9E,617
"source/upstream-07ecb7cf/Mage.Common/src/main/java/mage/utils/SystemUtil.java",3B3DBC557EFD5043F59AB53CF695E7318E1CDA798250440B153ABA22D089F999,42739
"source/upstream-07ecb7cf/Mage.Common/src/main/java/mage/utils/testers/AmountTestableResult.java",E16137B54522C020E8D2A3B30B131D4D4CD9A987100A058C23B43E3329CDBBB8,1430
"source/upstream-07ecb7cf/Mage.Common/src/main/java/mage/utils/testers/AnnounceXTestableDialog.java",6A995F19962B68847E3C2DBF37A0D799E8FF835AAEA703315F2841A0DAF9399F,3480
"source/upstream-07ecb7cf/Mage.Common/src/main/java/mage/utils/testers/BaseTestableDialog.java",33346C452871DE108E54F84776C2601D0B7E3606E1EA17F816C3922F0FCB99E9,2801
"source/upstream-07ecb7cf/Mage.Common/src/main/java/mage/utils/testers/BaseTestableResult.java",A4DB5CE31A83D4CC1B15D1141251830BB53577BC3E28AA63F84E1ECF2A2E5F26,1268
"source/upstream-07ecb7cf/Mage.Common/src/main/java/mage/utils/testers/ChoiceTestableResult.java",2534F8F55F1021764A60BA242B80E2369383D44BCAB9E358C0032C1AB67933FB,596
"source/upstream-07ecb7cf/Mage.Common/src/main/java/mage/utils/testers/ChooseAmountTestableDialog.java",DEEAA428FA8E7E19CC5E6EBE83FD5314E3737F9DC79A88B777682DB0EEC24D59,7472
"source/upstream-07ecb7cf/Mage.Common/src/main/java/mage/utils/testers/ChooseCardsTestableDialog.java",F35322CD22C0F95E6534E72B023FD249C17CD0CAF9D209465E8CD4C9EDF656FA,6788
"source/upstream-07ecb7cf/Mage.Common/src/main/java/mage/utils/testers/ChooseChoiceTestableDialog.java",BF4EC0639F6256E51C9C5B354F55336BCDEAF028B87AD942DF3EBCE4C279310D,3109
"source/upstream-07ecb7cf/Mage.Common/src/main/java/mage/utils/testers/ChoosePileTestableDialog.java",B637C706681D9716882F5CDE610FCD059B33BDD1D8E2CE12A4157630B1569208,3018
"source/upstream-07ecb7cf/Mage.Common/src/main/java/mage/utils/testers/ChooseTargetTestableDialog.java",F1C0E8551A947592620D81FF40277FA195AA42B3B18DDB9ED34B54566449847C,11071
"source/upstream-07ecb7cf/Mage.Common/src/main/java/mage/utils/testers/ChooseUseTestableDialog.java",8996C838B25C4E413415A7CEAD2DFE589B1BF58815FF7989E2264089F9BBE930,3706
"source/upstream-07ecb7cf/Mage.Common/src/main/java/mage/utils/testers/GetAmountTestableDialog.java",C1847764D6F89CCFE71DBF5F1F6372359734A55951638DF25625AF8883A565A3,3326
"source/upstream-07ecb7cf/Mage.Common/src/main/java/mage/utils/testers/GetMultiAmountTestableDialog.java",B7222EA7E45410AF817FC3F1F6718A71EAE16553264F93F0231C3290BDC79425,6689
"source/upstream-07ecb7cf/Mage.Common/src/main/java/mage/utils/testers/MultiAmountTestableResult.java",84F4DB9F26851D845EBE219FEBA22DF82A68690CF63763D975CC358C70A7A17E,1275
"source/upstream-07ecb7cf/Mage.Common/src/main/java/mage/utils/testers/TargetTestableResult.java",6EADD5D4EEDABD6391A00BD6C4F81D1F3256F3465101B30EA85BF51F18E6C24C,1470
"source/upstream-07ecb7cf/Mage.Common/src/main/java/mage/utils/testers/TestableDialog.java",DA06B4C42492340366997AC2C8226D86CD3BFFFBBF45D5F037A7022307C04047,922
"source/upstream-07ecb7cf/Mage.Common/src/main/java/mage/utils/testers/TestableDialogsRunner.java",0C5AE0359B91047422A61E0EBAEEC290893BCFA179F1A4B1E7A794CE68E08E9D,7562
"source/upstream-07ecb7cf/Mage.Common/src/main/java/mage/utils/testers/TestableResult.java",98EBB8C33D62DC1D5BB679E99EFF39220A1C3C72A8DE647C6F17C0F4F65B9558,853
"source/upstream-07ecb7cf/Mage.Common/src/main/java/mage/utils/timer/PriorityTimer.java",11F8A694521011EB59E56692772B80E7F9B8B9B6C6B7100356BB345E32214738,3121
"source/upstream-07ecb7cf/Mage.Common/src/main/java/mage/view/AbilityPickerView.java",E5CA723FD88282A98E39E5014B2D13F15DBAFC0BADA3560C1ADC3D26ED916401,2367
"source/upstream-07ecb7cf/Mage.Common/src/main/java/mage/view/AbilityView.java",4C0E88DFFD249F0BD3A5296CEE3EF9A72823033D86AC24CFB2BCE3DFA3391685,1207
"source/upstream-07ecb7cf/Mage.Common/src/main/java/mage/view/CardsView.java",F0D17A67D13F3EE9635A07D84CECD1137AAF72455A9072CA19BD69BB7C3D5534,8055
"source/upstream-07ecb7cf/Mage.Common/src/main/java/mage/view/CardView.java",92B8BE7475A43C35EDF43C9393A3696245C27FA7B972537FAF4C00E0B327A1A1,61971
"source/upstream-07ecb7cf/Mage.Common/src/main/java/mage/view/ChatMessage.java",333BE4B3853FF4DE1C0EE63DB29E3430FC9A08C7C586201DDC2DFFD4CB65F875,2459
"source/upstream-07ecb7cf/Mage.Common/src/main/java/mage/view/CombatGroupView.java",35ABBF5244E2D8836A427D9D68BFBA668DAEC2E11FA541DE3423DB21A1BA0738,2013
"source/upstream-07ecb7cf/Mage.Common/src/main/java/mage/view/CommanderView.java",B8D6793D83D122F70BC0A5C63B669AFEF6521DFD51EBE600B6F83315E49B9CBA,605
"source/upstream-07ecb7cf/Mage.Common/src/main/java/mage/view/CommandObjectView.java",8630B95301D5664F8E63F8F9BABC6DB1C71EF911D490895B230098B6DFAFE5D8,328
"source/upstream-07ecb7cf/Mage.Common/src/main/java/mage/view/CounterView.java",0E000E1BC6A6AE9462011B6A66E2491FD5808AB32667106ECCEEF7CA250C42FA,1075
"source/upstream-07ecb7cf/Mage.Common/src/main/java/mage/view/DeckView.java",B67F25CB399D0BD87C73D675D0E8DD60E58D078AD1ADF011DAE0B908AEE74FB3,681
"source/upstream-07ecb7cf/Mage.Common/src/main/java/mage/view/DraftClientMessage.java",A764A3E5E06F2605425A85EBCDD43E91617D3D4B8336663643C2F9D0B2A8D612,615
"source/upstream-07ecb7cf/Mage.Common/src/main/java/mage/view/DraftPickView.java",54650A9DF88BDFDE58B75149061C1D676D8B9BA98E38CFB8662177E0CE916A46,951
"source/upstream-07ecb7cf/Mage.Common/src/main/java/mage/view/DraftView.java",5577FE48C659012230DF323EA2D0762B57FBFF4266D94A2D1A1D00DA3DCAF36C,2188
"source/upstream-07ecb7cf/Mage.Common/src/main/java/mage/view/DungeonView.java",02E12D4A0A76683CAB9D9BDDEF50112CC5A52E99EA40A0BC187996792E23A16A,2127
"source/upstream-07ecb7cf/Mage.Common/src/main/java/mage/view/EmblemView.java",DF316F2915D71DF6D0BB7B481F75639CFCE33B4CDBDAFE1D942EC0FB5FDC4C67,2627
"source/upstream-07ecb7cf/Mage.Common/src/main/java/mage/view/ExileView.java",734AC9D9E56E4D12B0BBC720FF73C7008DE2BE3DEED2F50B6EF9A8D21FF252D7,813
"source/upstream-07ecb7cf/Mage.Common/src/main/java/mage/view/GameClientMessage.java",04E78A720090D9F5F70A409C3FDD729AB93E83AD4BC81A7039E7CC205770629A,3717
"source/upstream-07ecb7cf/Mage.Common/src/main/java/mage/view/GameEndView.java",9F69C75C39E5A3B40C6AD8620B91F4BC79AF7DF31A85EBDDBD62D82A49120F3F,4813
"source/upstream-07ecb7cf/Mage.Common/src/main/java/mage/view/GameTypeView.java",4BA6DAA2E6F68FBD2DC4BC20C680BD24D58A7A8816C3E66797A86FF3674A882D,1473
"source/upstream-07ecb7cf/Mage.Common/src/main/java/mage/view/GameView.java",C7F27F5B29C1CC7310293CAD1DF567E3F70E47611989EA0F99EDE69F465CBCC2,15505
"source/upstream-07ecb7cf/Mage.Common/src/main/java/mage/view/LookedAtView.java",6D7803F7618D462B4EC673F613682A09E064BEB2371DBC89E0998826F88C11BF,1238
"source/upstream-07ecb7cf/Mage.Common/src/main/java/mage/view/ManaPoolView.java",B48410EC12100A8DA6240B70F9EA8241512F84052973DE99DFF0219138217C27,1368
"source/upstream-07ecb7cf/Mage.Common/src/main/java/mage/view/MatchView.java",A699BAFF5F7A53E02C2D6EE9031F0FAFE5B1A30876763314C3E8D5E807ECE662,6077
"source/upstream-07ecb7cf/Mage.Common/src/main/java/mage/view/MutateView.java",AE89787702D68B81DDB50136639A1B312BD00C26CC44F0C2B30E1937D47DC65A,844
"source/upstream-07ecb7cf/Mage.Common/src/main/java/mage/view/PermanentView.java",F307A2E11A6BBAC5B419E87D77E8E0A61155D6064A8ADE337FB89E92A389C48E,8419
"source/upstream-07ecb7cf/Mage.Common/src/main/java/mage/view/PlaneView.java",4549C01FA44D3592D768858421D3EB59483DB70E0854764CE2679C56F4FC6EC4,2162
"source/upstream-07ecb7cf/Mage.Common/src/main/java/mage/view/PlayerView.java",AA8CBA789F0DE0D94381917B20107F898B78F5AB7F81FB99E37DFA615E44CACC,11172
"source/upstream-07ecb7cf/Mage.Common/src/main/java/mage/view/RevealedView.java",208D90D765674C9C13C71A2F3223FCC1B2359B6A2C364F48521B68380E812F8E,947
"source/upstream-07ecb7cf/Mage.Common/src/main/java/mage/view/RoomUsersView.java",AA783F4D87A14E90B74FF6392C88C6E32A6218B722325E94C3AD03E4F1BBA815,1018
"source/upstream-07ecb7cf/Mage.Common/src/main/java/mage/view/RoundView.java",06D33B46A20FD105A41DB19A23FA2E12276EA2DB78A765E9F5F87473F5298213,1909
"source/upstream-07ecb7cf/Mage.Common/src/main/java/mage/view/SeatView.java",B7DE6EDFBC62DC811DE02643C9C7C1E2D80C4C5D7CA1ADBBCF2D651A489140C6,2418
"source/upstream-07ecb7cf/Mage.Common/src/main/java/mage/view/SelectableObjectView.java",62195826B51949EEBC4774E2CDF71981D559CDD38A9BC63D8E872289F9BAD847,409
"source/upstream-07ecb7cf/Mage.Common/src/main/java/mage/view/SimpleCardsView.java",062FF6F510632AA48B2DFBA8871DFB88C8F8386DCC127B173F1CB295A615208E,639
"source/upstream-07ecb7cf/Mage.Common/src/main/java/mage/view/SimpleCardView.java",FA6237AB82DF26B50F6231E2F21EBE3D0DB041EF51C233EB359B06D6474F15E1,2744
"source/upstream-07ecb7cf/Mage.Common/src/main/java/mage/view/StackAbilityView.java",CDB9543786D8B69D6FDD57D9AF766F7AEB58FF0447A5FB4C7E1911CE3A3A2DDF,6552
"source/upstream-07ecb7cf/Mage.Common/src/main/java/mage/view/TableClientMessage.java",6CB7AA2F631E8820D1AF1E0E76493A44C390681A94C30D1B9AA0226C2CB0C0A0,2009
"source/upstream-07ecb7cf/Mage.Common/src/main/java/mage/view/TableView.java",7561D608FA82586DCDA439B9DA6788D7FF0BCC88F764BA56A37D24CF9431DE93,15540
"source/upstream-07ecb7cf/Mage.Common/src/main/java/mage/view/TournamentGameView.java",7C008018BF2D204839E155DC6C6F94B2E4CAE284B50D4EAC0FB42475A9374000,2473
"source/upstream-07ecb7cf/Mage.Common/src/main/java/mage/view/TournamentPlayerView.java",40034E092343BB5AB1313D3D6F2259F7390C8DA3EF1950C1B70AE74C74A4A35E,1876
"source/upstream-07ecb7cf/Mage.Common/src/main/java/mage/view/TournamentTypeView.java",A827B2E90BB05378FA0E064E4BE45BC2114BF48F5A96B7B4CD6E292A8322347F,2274
"source/upstream-07ecb7cf/Mage.Common/src/main/java/mage/view/TournamentView.java",3DFB59ED75E2E924F03780F96D6603088E0D98D66BA0EE53C5294BD4B52D0D38,3657
"source/upstream-07ecb7cf/Mage.Common/src/main/java/mage/view/UserDataView.java",0010F42F33B9A2BF621E850A2C6C9F66BA47ED69BD3A4E6811DC385F0C56B365,2003
"source/upstream-07ecb7cf/Mage.Common/src/main/java/mage/view/UserRequestMessage.java",5EE4961FD0CD8AB5C81B008E923EA2599EB24DD01E6DFB145DE6DC8DB9D762E4,3553
"source/upstream-07ecb7cf/Mage.Common/src/main/java/mage/view/UsersView.java",AB3C8BE0EA40A087BBCA89CA156DD3D3792C74CE639D913BBBF8DA39EE49B11A,2132
"source/upstream-07ecb7cf/Mage.Common/src/main/java/mage/view/UserView.java",9A95E6589BC21BB0BD0C3D501C52BA8041AA53BB8D130570C7176D6108254B09,1972
"source/upstream-07ecb7cf/Mage.Common/src/test/java/mage/remote/ConnectionTest.java",4A9A8F9C23C4969D8C0B95DA96F614777095CDCEED234B56EE5C4CD712D329FE,3611
"source/upstream-07ecb7cf/Mage.Common/src/test/java/mage/utils/FluentBuilderTest.java",0C2689C0B9D6E963BF11110C6D5291B2B5944AF8CDEAA795F45CF463AB20B9BD,2867
"source/upstream-07ecb7cf/Mage.Plugins/pom.xml",9EE8C017506D55DFA2320B8D2F665F136B4E848CAF69140870E3098C80DFF8D6,756
"source/upstream-07ecb7cf/Mage.Plugins/Mage.Counter.Plugin/pom.xml",EEEABAC87A573CD04EF73C0B9605D4FE6196D48A67037AC06F4E327AFB375F0F,960
"source/upstream-07ecb7cf/Mage.Plugins/Mage.Counter.Plugin/src/main/java/org/mage/plugins/counter/CounterBean.java",E8EA36AC8BF1CE604735F2DFA4B3662CEA480D80BED9930884FF662F47B7A033,601
"source/upstream-07ecb7cf/Mage.Plugins/Mage.Counter.Plugin/src/main/java/org/mage/plugins/counter/CounterPluginImpl.java",C1608F4538B6BB23E58026DF1C6B8D9135797C8CEFF95611D225AB76963F9A6E,4634
"source/upstream-07ecb7cf/Mage.Reports/pom.xml",9B941969C7C956B7C29954796559C5B30ADDDFE3B2421F9DB4A1D59579286B91,3585
"source/upstream-07ecb7cf/Mage.Server/pom.xml",CFD94B888BAF1B35B43A29E0573BE3D0A0A236E17A66DBFFA03EAC86C8AD11F4,12780
"source/upstream-07ecb7cf/Mage.Server/config/config.xml",787F9A5C91B0E25F14355F279ED529DC12521A1D47330F2E5B792B4D21B79AE6,26734
"source/upstream-07ecb7cf/Mage.Server/config/dev_readme.txt",2225EFE51BCEF53D87770D8FC69532EC9E61749087475B467AA2B598B99E0FC7,170
"source/upstream-07ecb7cf/Mage.Server/release/server.msg.txt",B1DE08F871E2BF9BBAC0AD3FA53D5860A00AFFBEF0ABAA7B49651953AC21F5A7,291
"source/upstream-07ecb7cf/Mage.Server/release/startServer.bat",691D05809FC06053DE4237AFFD5B9DA5A7EA89DC100EB0FF400E09435B332465,269
"source/upstream-07ecb7cf/Mage.Server/release/startServer.command",6F8A46E6C8B93AF253CE95349DBB6E815E79F87E003849D5587BA37E755F8EE3,93
"source/upstream-07ecb7cf/Mage.Server/release/startServer.sh",8F9C07145A8E5D77DE30EF94BD1FADA619152C27F29E2311B7E5730FAE7FBF40,72
"source/upstream-07ecb7cf/Mage.Server/release/startServerWin7.bat",0AC6BB216CD0D6BD27CBB410F9A96E376C7A277C033F3E001871E5C68352E470,279
"source/upstream-07ecb7cf/Mage.Server/release/config/config.xml",13F1B0B93A56E9F0CE9434A669DED37AFBED7D485239950A0C33F4B1ACFE147F,29064
"source/upstream-07ecb7cf/Mage.Server/release/config/init.example.txt",47EBFCE05ECE638F766433E71574AA894A93D860DABEF221E0FA41A71C0B8847,1648
"source/upstream-07ecb7cf/Mage.Server/release/config/log4j.properties",74CD3B8A023C9C1111113EF6808E95949BAE5F021461BEABD7AC388849808A75,1676
"source/upstream-07ecb7cf/Mage.Server/release/config/readme.txt",ACE346A205072679B376F6B454E4C3AF0230AF94978154D2D5B2948B217A9F1A,236
"source/upstream-07ecb7cf/Mage.Server/release/config/security.policy",A199491E46F2E98D5C8EF7CB535522FE3753A93C96363C353842D51597C755D3,56
"source/upstream-07ecb7cf/Mage.Server/src/main/assembly/distribution.xml",E527F974B23FBEAF1CD7171627B594CE767365A53D528532FBBCC5AFBD9F124F,6163
"source/upstream-07ecb7cf/Mage.Server/src/main/java/mage/server/AuthorizedUser.java",D8368D90DFB44316A78D6CEC2E58B5EE95D3617B2DFC49EEAB55AEC30EF5DDC8,2698
"source/upstream-07ecb7cf/Mage.Server/src/main/java/mage/server/AuthorizedUserRepository.java",6D8AA4D6B2ECFA326D37797E5A40F92286B123A56EDC86B6DFD2F2F194DEE937,6462
"source/upstream-07ecb7cf/Mage.Server/src/main/java/mage/server/ChatManagerImpl.java",03A7A778625B7C6A26E2C513AE3CFEC6747CE2E6637B322051AD033078D66D09,18397
"source/upstream-07ecb7cf/Mage.Server/src/main/java/mage/server/ChatSession.java",6381BD5366D1B536205B879C5828F00804A5757546B2C96B2595A0E072CDC1DA,8631
"source/upstream-07ecb7cf/Mage.Server/src/main/java/mage/server/DisconnectReason.java",7BE903DC30B62EC547787E20FBDD296BA0B2AD0D20B8007DDD2AD205F63073B8,841
"source/upstream-07ecb7cf/Mage.Server/src/main/java/mage/server/ExtensionPackage.java",7F5DCA25FCA24E28A324A6A3D66886FB10BFFE03F23B059587E66774553D1358,1179
"source/upstream-07ecb7cf/Mage.Server/src/main/java/mage/server/ExtensionPackageLoader.java",1A67B145E6F468B6592A4BDCA4C893D04CAEA21DCA7E119DC611663934385F47,1904
"source/upstream-07ecb7cf/Mage.Server/src/main/java/mage/server/MageServerImpl.java",74329D4EA1B10B6CC493AE230740A5B92D509B99FFD2420BAD951077BCC487B6,57566
"source/upstream-07ecb7cf/Mage.Server/src/main/java/mage/server/MailClientImpl.java",E6D9D7692D07333F08478CF3A0C188915A47972BE14B5D879237F25763504FF2,2107
"source/upstream-07ecb7cf/Mage.Server/src/main/java/mage/server/MailgunClientImpl.java",D228E783331B5590CF5733CE83FB120A85C24BAE503E6D3CCE5EB002F542A968,1803
"source/upstream-07ecb7cf/Mage.Server/src/main/java/mage/server/Main.java",13787E5B5AFA07303FA5B68BEE3DD4C03B4ECBCF35B29275B264C347DBB0C6F7,24395
"source/upstream-07ecb7cf/Mage.Server/src/main/java/mage/server/MainManagerFactory.java",9F4DADFED838C11B13F467DCFB391B374C456095AEE8FB44DB8A332659B5C143,5421
"source/upstream-07ecb7cf/Mage.Server/src/main/java/mage/server/Room.java",D940731D38F4545F2209E4706BAE7D0B5417232AEAB40870B3A3335063F43AD1,210
"source/upstream-07ecb7cf/Mage.Server/src/main/java/mage/server/RoomImpl.java",8DBAEE55A509A2D4C55FA9B5A50FAABB0019E490ADC8DE0EB4113D8620925DA4,635
"source/upstream-07ecb7cf/Mage.Server/src/main/java/mage/server/Session.java",4E4654844A1192B62D17C6DCCE51BB72E18B0A7C90DA6D9A3B885B381E627000,24677
"source/upstream-07ecb7cf/Mage.Server/src/main/java/mage/server/SessionManagerImpl.java",83218184F74EAC3E2B352D0613502972D06FC6D0452DFFD543B403872C62DA92,8190
"source/upstream-07ecb7cf/Mage.Server/src/main/java/mage/server/TableController.java",653102D1F23DD2C742A8387A8515D1E0C6B135BF915E914A4958693B9417DBDC,50648
"source/upstream-07ecb7cf/Mage.Server/src/main/java/mage/server/TableManagerImpl.java",CDC01B30EC7C3D56AE127B268AA2CC83B02859A668FB98340FCE987CD358CFFC,17526
"source/upstream-07ecb7cf/Mage.Server/src/main/java/mage/server/User.java",92762ACEAA834707F674D581587DA18B86A04633424308F6E73BB26717BEDEA9,35564
"source/upstream-07ecb7cf/Mage.Server/src/main/java/mage/server/UserManagerImpl.java",41263ADDC3AD1615A8BA365F67900716564D88FF389E793E0A692242E63B2A2A,13793
"source/upstream-07ecb7cf/Mage.Server/src/main/java/mage/server/draft/CubeFactory.java",788E8CBFC4A8CE229D50C7C356B9BF909F41260E522DE2C331DFC8A6F4195FC7,2295
"source/upstream-07ecb7cf/Mage.Server/src/main/java/mage/server/draft/DraftController.java",BADED46A7252E9007E9FB4E0C58710BF6067105DA1A111A4BEBE0F9CC497CB48,8014
"source/upstream-07ecb7cf/Mage.Server/src/main/java/mage/server/draft/DraftManagerImpl.java",B2486683A0C83B03A5DFDE70D9692366E4520CB46EA4E960CDC90B47AE94CD7C,2874
"source/upstream-07ecb7cf/Mage.Server/src/main/java/mage/server/draft/DraftSession.java",1C697D8A51E241C09BD4C8DB689ABB7DBFFA0062FB74BCE222AE169E1101F5B5,6346
"source/upstream-07ecb7cf/Mage.Server/src/main/java/mage/server/game/GameCallback.java",9CD8E96F87522160FD93F8199149594C6E14F0F93FB570A5138904F380A45BF6,224
"source/upstream-07ecb7cf/Mage.Server/src/main/java/mage/server/game/GameController.java",956140F841E62223A092A3079A1172D851F1B9D7E78A1F42809A4E9006F27F00,67072
"source/upstream-07ecb7cf/Mage.Server/src/main/java/mage/server/game/GameFactory.java",B57FD591FD739F042C15E724F33B182BC89DAC3D2C542FC1953C2B617AFE0B0F,1623
"source/upstream-07ecb7cf/Mage.Server/src/main/java/mage/server/game/GameManagerImpl.java",BB270D00B7FEE6B58FA4EFBF179192D046E113662BC144FADE7541114BF103E0,6590
"source/upstream-07ecb7cf/Mage.Server/src/main/java/mage/server/game/GameReplay.java",680647A6E5BEDCC6B358044022007DA0CC9F80CBB5E841B5C61A52A6ABF41844,2145
"source/upstream-07ecb7cf/Mage.Server/src/main/java/mage/server/game/GameSessionPlayer.java",4396D96C12A91AA4BD5ADAB0A9DDB43F5E73E8076B593DFFCEE04C96FFBB79B6,12881
"source/upstream-07ecb7cf/Mage.Server/src/main/java/mage/server/game/GameSessionWatcher.java",52E31CC9B27DF643E5F90F5D04E81B1EAFF176CCD43F0C40B80520BF05C6A8EC,4502
"source/upstream-07ecb7cf/Mage.Server/src/main/java/mage/server/game/GamesRoom.java",DF8BCDB3A753DECD6768A03AD6DDE40CFBD5C6F58621DD11DF39054BC9FFD770,1361
"source/upstream-07ecb7cf/Mage.Server/src/main/java/mage/server/game/GamesRoomImpl.java",37A4CB1F8662DAA6D851F824C66ECFA4D8F45F707D22210DF88F4C8EB6C80456,10013
"source/upstream-07ecb7cf/Mage.Server/src/main/java/mage/server/game/GamesRoomManagerImpl.java",561FB1D8A4B6432987294BF5B7F3A980ED9DB2332E704C1FA8C954E8B1C18F66,1829
"source/upstream-07ecb7cf/Mage.Server/src/main/java/mage/server/game/GameWorker.java",FE393E2D0EDBB32B1897899F11FAA2C68AE5D44C8E4F0D151F7CD51669E8EB98,1773
"source/upstream-07ecb7cf/Mage.Server/src/main/java/mage/server/game/PlayerFactory.java",703CAD9540CA259599B9B08E0896A2FE2E0C37D568CFD75FEBCBB708A37B51A2,1762
"source/upstream-07ecb7cf/Mage.Server/src/main/java/mage/server/game/ReplayManagerImpl.java",D534F5BE1E8AA7F139E29DAE53498DDDC80D6DB6FE75C72F36E2815F2BC408A8,1829
"source/upstream-07ecb7cf/Mage.Server/src/main/java/mage/server/game/ReplaySession.java",6D0556C45FD43440BD081CCA3EE1003A80F09DC748D2F0743AD8C2D07D9582AD,2246
"source/upstream-07ecb7cf/Mage.Server/src/main/java/mage/server/managers/ChatManager.java",0EDE22D4A23645DD3B374B33389FE4DA2A96EB11EAE5C98C6FF96335F13A0EAF,1067
"source/upstream-07ecb7cf/Mage.Server/src/main/java/mage/server/managers/ConfigSettings.java",F90388CBDF3ECB2BB24753F71798234736A80AE210F3674E5FEB4F0FB134BB11,1215
"source/upstream-07ecb7cf/Mage.Server/src/main/java/mage/server/managers/DraftManager.java",F847B3693F961CF11D19157890FB665D8EFB1081E402DE4E8BB54639D1FAB430,983
"source/upstream-07ecb7cf/Mage.Server/src/main/java/mage/server/managers/GameManager.java",27D5B74841E20394C46930A6BCBD9E94FF731526D0EAC45F24E8A1A0BB6B1958,1516
"source/upstream-07ecb7cf/Mage.Server/src/main/java/mage/server/managers/GamesRoomManager.java",4B38C9A894730921220B81EFBB1E45E40ED27263A02F968BE3B7A97C05A980E7,317
"source/upstream-07ecb7cf/Mage.Server/src/main/java/mage/server/managers/MailClient.java",28860EDE3BEAA7DF6A716A0DA9F77226ED974F140E18184BB3A32E06BD3C344B,133
"source/upstream-07ecb7cf/Mage.Server/src/main/java/mage/server/managers/ManagerFactory.java",64FC8961B5D369653A048E9434388AE1592BA3C9F5787D75C1BD3E805FEEDB6A,529
"source/upstream-07ecb7cf/Mage.Server/src/main/java/mage/server/managers/ReplayManager.java",F5AA505E571375FF17C960718084AAE5407174B7006B947D28B8F3660AC1A171,437
"source/upstream-07ecb7cf/Mage.Server/src/main/java/mage/server/managers/SessionManager.java",53684EB5DBF7CB4702ED2E59504C0CC8808CB8940A26505A8F3D62F2D358A42D,1581
"source/upstream-07ecb7cf/Mage.Server/src/main/java/mage/server/managers/TableManager.java",9E0748CF21A213AB79124AE5D3093F1A555BB5991092EF621899F8127980B140,2774
"source/upstream-07ecb7cf/Mage.Server/src/main/java/mage/server/managers/ThreadExecutor.java",33A64209DBCF81171A92141D6AA5D6F7CA20206B79E0A586F274DE115F646C31,964
"source/upstream-07ecb7cf/Mage.Server/src/main/java/mage/server/managers/TournamentManager.java",D989D6161944966E802B64A609ECB1BE41FA7A6B0ABD41D79B43969C76355D83,996
"source/upstream-07ecb7cf/Mage.Server/src/main/java/mage/server/managers/UserManager.java",179F9D870EF97315AB475CB11F05B2AAB533DB7DA16DDB171B10FE6E3B97200C,1008
"source/upstream-07ecb7cf/Mage.Server/src/main/java/mage/server/rating/GlickoRating.java",6478CDCC0E3A97DFBBDF3B0111383624A52376DCC2D9951831F3B2BF72AD620E,1048
"source/upstream-07ecb7cf/Mage.Server/src/main/java/mage/server/rating/GlickoRatingSystem.java",ED38D678FFEB40469DE494A447A8405F52D9D829589A67A9F949770B57E8E91F,3363
"source/upstream-07ecb7cf/Mage.Server/src/main/java/mage/server/record/TableRecord.java",8D437BC9BF17DD26CCE21776434513D757CAAC4B3815A11AA8C1483F90537A03,1089
"source/upstream-07ecb7cf/Mage.Server/src/main/java/mage/server/record/TableRecorderImpl.java",E8D9B2D655A949D35B6E90C56D2E18A447B96D1D84D7575CCD8F88E14B3C3F23,623
"source/upstream-07ecb7cf/Mage.Server/src/main/java/mage/server/record/TableRecordRepository.java",F31D2FE60C25C30A62B8BA1E91BB6D2D413D375CB10B3392D4490F510CE43216,3130
"source/upstream-07ecb7cf/Mage.Server/src/main/java/mage/server/record/UserStats.java",511550E8895B37005E9B43270DE7DD0A187B0E7F40B4D1DD2C7D3F80D66B48E4,1278
"source/upstream-07ecb7cf/Mage.Server/src/main/java/mage/server/record/UserStatsRepository.java",167EF2607EC543B673DDEA7117990E5C2561778F15E4A775843EA310BDE8496C,17307
"source/upstream-07ecb7cf/Mage.Server/src/main/java/mage/server/services/FeedbackService.java",AFC6FD885F09B3EB56FFAF00314606E0EDC7E82EDF61FBBE075AB490712B15C4,335
"source/upstream-07ecb7cf/Mage.Server/src/main/java/mage/server/services/impl/FeedbackServiceImpl.java",66B362FE9B088F280803234862DAAA3C4C8F0C508205F2A98AECEB8FCB3F54FC,732
"source/upstream-07ecb7cf/Mage.Server/src/main/java/mage/server/tournament/TournamentController.java",30AB1C801D27FAE558A680A748F647662F0D783273624D26F7B91FB3C9F65BCF,24500
"source/upstream-07ecb7cf/Mage.Server/src/main/java/mage/server/tournament/TournamentFactory.java",359FD7077D2BA5C4544B88FFD2C351C27982278C21D88E29106AE673DD2348AB,4835
"source/upstream-07ecb7cf/Mage.Server/src/main/java/mage/server/tournament/TournamentManagerImpl.java",2BB28143891406052F5577A48300C8BE360C31B7A1E3CCDE24F60B08C81EE7B4,3345
"source/upstream-07ecb7cf/Mage.Server/src/main/java/mage/server/tournament/TournamentSession.java",7F404BA6338D92DCBA966819446D8E0CD224D13CAA90F8D873C4FEEA8F7435C2,5630
"source/upstream-07ecb7cf/Mage.Server/src/main/java/mage/server/util/Config.xsd",965F1E1133D62A87F510DC4F0312056191B3CA108DCC52120393830A77B3EC47,3039
"source/upstream-07ecb7cf/Mage.Server/src/main/java/mage/server/util/ConfigFactory.java",835CE100F96BBD35E3E81CF649F2C940B01EFC0879A4A2B3656F9A07B93E2077,614
"source/upstream-07ecb7cf/Mage.Server/src/main/java/mage/server/util/ConfigurationException.java",A47091240E3C5BDAA51E4E8DC9F1870E1AF3173853853EB4E9B83B7F3EF71F0F,173
"source/upstream-07ecb7cf/Mage.Server/src/main/java/mage/server/util/ConfigWrapper.java",8E3F763F69597C30FE6541C909D52761D00102BC99DEBD94BE777C1C55281961,3791
"source/upstream-07ecb7cf/Mage.Server/src/main/java/mage/server/util/PluginClassLoader.java",9792AA1596E1DC6AB9FF0FAE464F33D76C2FCD36897A2E43136A9E9AFA33F359,1417
"source/upstream-07ecb7cf/Mage.Server/src/main/java/mage/server/util/PluginUtil.java",880653412E6D1E011EF17A881054EC058271C27B7C08F5F254712929271B3FC9,3739
"source/upstream-07ecb7cf/Mage.Server/src/main/java/mage/server/util/ServerMessagesUtil.java",AFC6D9A72F84C120FA35B32B10F8BA57D3C3BEF8AF0362553D159CE3F77A4494,6032
"source/upstream-07ecb7cf/Mage.Server/src/main/java/mage/server/util/ThreadExecutorImpl.java",6500559528F044D9C3EAD60FC2DB9E7DAF2BA3BE2CC9859ABA864C8414EA17B6,6301
"source/upstream-07ecb7cf/Mage.Server/src/main/resources/log4j.properties",EAFEB9E606EB4CF04C20083461340465FE48D81B48447580A191DC877F39E483,1656
"source/upstream-07ecb7cf/Mage.Server/src/main/resources/security.policy",A199491E46F2E98D5C8EF7CB535522FE3753A93C96363C353842D51597C755D3,56
"source/upstream-07ecb7cf/Mage.Server/src/main/xml-resources/jaxb/Config/Config.xsd",777B3B72BD945A39F205F3A73B7ED6135846A92632127AFFE9E1C0FEA6AD9A31,4670
"source/upstream-07ecb7cf/Mage.Server/src/test/data/config_error.xml",DB1C15B051982EAD89AB83BEC95D878B178EE2CE61A28C12EA75037D6834620D,1400
"source/upstream-07ecb7cf/Mage.Server/src/test/java/mage/server/util/ConfigFactoryTest.java",8C88FC93256F8DE2C4F5E173F147F3F41B5A65285AF59A3BCF6E59483E12F111,1208
"source/upstream-07ecb7cf/Mage.Server/src/test/java/mage/server/util/ConfigWrapperTest.java",124564465EB95302575DEF52BB23F6DA048C27F2B7CF344C0D74DFC10B9AA84C,14809
"source/upstream-07ecb7cf/Mage.Server.Console/pom.xml",2F3F410DB131214FE9A439ED1F6BF6D5FB904993EDB5EFDC7F92FAED9A149A75,2286
"source/upstream-07ecb7cf/Mage.Server.Console/src/main/assembly/distribution.xml",958B429DB85B3D2DC0A39B814862F0D429E0AFA96CB547268E4143773ECFEA5D,2437
"source/upstream-07ecb7cf/Mage.Server.Console/src/main/java/mage/server/console/ConnectDialog.form",9C510B3D596466AA05AD6E519372E9B3DF097CB9FD45D4A5D754207493FE94F0,19235
"source/upstream-07ecb7cf/Mage.Server.Console/src/main/java/mage/server/console/ConnectDialog.java",31ADCF22A5640351794E387B9E5DA9EA8FE12AC48FBD9243075C6408BDDA683F,26884
"source/upstream-07ecb7cf/Mage.Server.Console/src/main/java/mage/server/console/ConsoleFrame.form",F1C01C3EC4FFD94A45B484C8E7CFBE0584F90E230B3F36CF7FD0D7FF11871E5A,4404
"source/upstream-07ecb7cf/Mage.Server.Console/src/main/java/mage/server/console/ConsoleFrame.java",28A1182841EAA60823D637B2C957B81C2422E049CC88FBBCA11AA4033BE95FBF,11939
"source/upstream-07ecb7cf/Mage.Server.Console/src/main/java/mage/server/console/ConsolePanel.form",F487A194F05B3F00F3E2C6EB157F214DB50D858182FAE03A14A248501FAB630D,18420
"source/upstream-07ecb7cf/Mage.Server.Console/src/main/java/mage/server/console/ConsolePanel.java",1B96D07B6FDE94196BF26F76ACEA462F9A46CBF67F0B36F182822ED126AC771B,32571
"source/upstream-07ecb7cf/Mage.Server.Console/src/main/resources/log4j.properties",216FEF782393055BD91F0DDAB75684FAAB4F8272615AA9AD1F7BD70BAB9BA569,786
"source/upstream-07ecb7cf/Mage.Server.Console/src/test/java/mage/server/console/AppTest.java",C94D1E12ECE113D88E4E83CE0278522EAC569DB03B7001D2CB681168962EA72A,647
"source/upstream-07ecb7cf/Mage.Server.Plugins/pom.xml",9D99D2C7B18D50F5B02367C19EEF00385FF613046A4798FD97002116DACCE609,2113
"source/upstream-07ecb7cf/Mage.Server.Plugins/Mage.Deck.Constructed/pom.xml",F6C14BAFA91BAAAC76D95B819CD2AACF401024792EB880634C79769333AFBABB,1114
"source/upstream-07ecb7cf/Mage.Server.Plugins/Mage.Deck.Constructed/src/mage/deck/AbstractCommander.java",0FD842FBB00224B24B5BA881A2662E509D4D496C12A0507C3E0247ACB22E61E8,57464
"source/upstream-07ecb7cf/Mage.Server.Plugins/Mage.Deck.Constructed/src/mage/deck/AmonkhetBlock.java",CF7A1EC28E05BBEEED499C9933CC9999DA4946E67039BC16DE9874EEA3656731,367
"source/upstream-07ecb7cf/Mage.Server.Plugins/Mage.Deck.Constructed/src/mage/deck/AusHighlander.java",3C3EFD87D739A3A76C62B07FD56E05AAA76306C46E75D87583D76C1D7A94A0FF,5778
"source/upstream-07ecb7cf/Mage.Server.Plugins/Mage.Deck.Constructed/src/mage/deck/BattleForZendikarBlock.java",62D8E7F30EC0CDEB53CBE271EA4148033EA2E83A975D8059EB5BE8AB99C014B3,406
"source/upstream-07ecb7cf/Mage.Server.Plugins/Mage.Deck.Constructed/src/mage/deck/Brawl.java",347CA3D291C01BE2BC806E43B5AE5EFA3CCD042A81351DEACB668F2BD8EE3C30,8243
"source/upstream-07ecb7cf/Mage.Server.Plugins/Mage.Deck.Constructed/src/mage/deck/CanadianHighlander.java",62C98AD4D3EC261F1CAE000AA18133BBD3E40D21F6994BF4408F1B78272D40B6,3870
"source/upstream-07ecb7cf/Mage.Server.Plugins/Mage.Deck.Constructed/src/mage/deck/CenturionCommander.java",111285B310A7AEDD6EB3092369CF8CBE8BC9B67492752BF22C08504D02A9530B,2913
"source/upstream-07ecb7cf/Mage.Server.Plugins/Mage.Deck.Constructed/src/mage/deck/Commander.java",0791A27EEDBEDFC79C7E2C2CD76B3C6B9B10F0ED0F9306FDA2224A2BDD8BEBB1,2486
"source/upstream-07ecb7cf/Mage.Server.Plugins/Mage.Deck.Constructed/src/mage/deck/DuelCommander.java",2E3D0D745345EEE45724656F0CBBE161B7B1413276B668FCA04D377144AD33CB,4868
"source/upstream-07ecb7cf/Mage.Server.Plugins/Mage.Deck.Constructed/src/mage/deck/Eternal.java",8030DFE8825087CEA6BC49D570C62B86643332DF2A62B4960D1A26D72EC8006A,23928
"source/upstream-07ecb7cf/Mage.Server.Plugins/Mage.Deck.Constructed/src/mage/deck/EuropeanHighlander.java",C107657D93FC9AA359B189957E79D5085D24F2BAD634A8A3A2A99ACE4BAE4ADB,3549
"source/upstream-07ecb7cf/Mage.Server.Plugins/Mage.Deck.Constructed/src/mage/deck/Extended.java",98EF8766CE9148E65026661B284A5A80566898AA1DF453516124705E80EA8C5A,1137
"source/upstream-07ecb7cf/Mage.Server.Plugins/Mage.Deck.Constructed/src/mage/deck/Freeform.java",68983318BBD1E5150188213467CF6AFBB0FAFAECA1288E6D24D785D9EE4EFF76,1029
"source/upstream-07ecb7cf/Mage.Server.Plugins/Mage.Deck.Constructed/src/mage/deck/FreeformCommander.java",BDC127023A975A63E88A1D12FA93EC5A09438CDC933E6E478FA1E91A6595EC39,1187
"source/upstream-07ecb7cf/Mage.Server.Plugins/Mage.Deck.Constructed/src/mage/deck/FreeformUnlimited.java",5C5C388B9A4AA0A6DB2F7C5DB34B5C4D167AAAF31BFA93BBB78FB12CC1A9AF17,652
"source/upstream-07ecb7cf/Mage.Server.Plugins/Mage.Deck.Constructed/src/mage/deck/FreeformUnlimitedCommander.java",4D53A7579742430E8C750E1FB0C48267D099D5269F9BCC90F1CA857AF5BDE3D3,758
"source/upstream-07ecb7cf/Mage.Server.Plugins/Mage.Deck.Constructed/src/mage/deck/Frontier.java",03364364BDDECCA1BF544817FCF585D1ECCDADBD659A13208C8153371600BF6B,768
"source/upstream-07ecb7cf/Mage.Server.Plugins/Mage.Deck.Constructed/src/mage/deck/Historic.java",1BB05D5B2A2D726D4C28094CCC860B875BDCCDD9798340ADC84775E48F59065F,5129
"source/upstream-07ecb7cf/Mage.Server.Plugins/Mage.Deck.Constructed/src/mage/deck/HistoricalType2.java",7B780ED19371323B3867FC41F11AE2BF8887317B34CDBA62D09250116A6BD8D6,8413
"source/upstream-07ecb7cf/Mage.Server.Plugins/Mage.Deck.Constructed/src/mage/deck/InnistradBlock.java",69C96DE7264F8A881CB1332CA47002BE1E607B610066C881D7B639E12B26A9DF,460
"source/upstream-07ecb7cf/Mage.Server.Plugins/Mage.Deck.Constructed/src/mage/deck/IxalanBlock.java",369BF00BF15A10B6C52C849120F7F3C92811FE1EE92CE1A0595A403597A2503A,353
"source/upstream-07ecb7cf/Mage.Server.Plugins/Mage.Deck.Constructed/src/mage/deck/KaladeshBlock.java",4B3FD1FD4720129C59E077587378B6AA72C6D5916BE5EFA97A43565292423F5A,362
"source/upstream-07ecb7cf/Mage.Server.Plugins/Mage.Deck.Constructed/src/mage/deck/KamigawaBlock.java",375BA09B666DADA2951A8C40D7A60294CF2124E07CE3D3FEBC2FA70472AB8DCB,476
"source/upstream-07ecb7cf/Mage.Server.Plugins/Mage.Deck.Constructed/src/mage/deck/KhansOfTarkirBlock.java",1928BE020DC9249EDDFB6AD9069A4C047B8A469E07E8EFB6A6114526603C2E22,478
"source/upstream-07ecb7cf/Mage.Server.Plugins/Mage.Deck.Constructed/src/mage/deck/Legacy.java",0BD8F5670FE423A9ED2FA5A08F7CE5EF66844DF792E55341034AEDAACA4DEF7D,3182
"source/upstream-07ecb7cf/Mage.Server.Plugins/Mage.Deck.Constructed/src/mage/deck/LorwynBlock.java",9E11BBB970FACE06EF6801301CEFCB295936A6D988FA8B591AC41CBE8E2C0B73,350
"source/upstream-07ecb7cf/Mage.Server.Plugins/Mage.Deck.Constructed/src/mage/deck/Modern.java",18779CA6A036C7EBD019D5FE08A8D86ADACBBA80B83B04C2F02D04E071745D32,2755
"source/upstream-07ecb7cf/Mage.Server.Plugins/Mage.Deck.Constructed/src/mage/deck/ModernNoBannedList.java",A527D7693A23C3A200B629FC3C76A755E1111985BC67D7AB8EA29CA2F425B21D,755
"source/upstream-07ecb7cf/Mage.Server.Plugins/Mage.Deck.Constructed/src/mage/deck/Momir.java",EDAE1CC368A8EFFDAAA0399201023EB84DB3F2AAEAAA35DD4022552D08E59CBE,1341
"source/upstream-07ecb7cf/Mage.Server.Plugins/Mage.Deck.Constructed/src/mage/deck/MTGO1v1Commander.java",B312E58FB15B5A65D8409188816386E655412D269A9B143045CA01CA877FCE36,1814
"source/upstream-07ecb7cf/Mage.Server.Plugins/Mage.Deck.Constructed/src/mage/deck/Oathbreaker.java",0D14D5512624ABD242034988527952056CDEAC41A971F62B176F123BCA180717,8756
"source/upstream-07ecb7cf/Mage.Server.Plugins/Mage.Deck.Constructed/src/mage/deck/OldSchool9394.java",D7EB6516627DC4D87BC861711E0E9E4466072130708FAB1AF1722724A5E9ABAE,2308
"source/upstream-07ecb7cf/Mage.Server.Plugins/Mage.Deck.Constructed/src/mage/deck/OldSchool9394CFB.java",CBF19560D3024B749E0DF320C24C28E98CFC49420F3FB970B2F26D5277D5FA91,9848
"source/upstream-07ecb7cf/Mage.Server.Plugins/Mage.Deck.Constructed/src/mage/deck/OldSchool9394EC.java",9128ADB68045EF3F6968A36A3B725F930FB01AA246296DC2C6AA483DAA727252,9780
"source/upstream-07ecb7cf/Mage.Server.Plugins/Mage.Deck.Constructed/src/mage/deck/OldSchool9394EG.java",234EDFBE5C72A997D832046C9199F879A559A95452590171C0566528C12253DC,2592
"source/upstream-07ecb7cf/Mage.Server.Plugins/Mage.Deck.Constructed/src/mage/deck/OldSchool9394Italian.java",AE290A304DB2580CE60AEC3D07212208AFCF2C4529208DAFEA9C138E78C7B67F,2352
"source/upstream-07ecb7cf/Mage.Server.Plugins/Mage.Deck.Constructed/src/mage/deck/Pauper.java",39182A8EEC930D76E153E47C2813856637EDF5047C8FD1704B6CB8A648B4DE58,2077
"source/upstream-07ecb7cf/Mage.Server.Plugins/Mage.Deck.Constructed/src/mage/deck/PennyDreadfulCommander.java",174BF72D73E8B406B885E6806E9B091D2D6105A9FC8F2270867AC7FC6869C0CE,1173
"source/upstream-07ecb7cf/Mage.Server.Plugins/Mage.Deck.Constructed/src/mage/deck/Pioneer.java",D640F957EF7BCD8D0A7D55B91CD010B9E75675ED404884789B01C5965F0AE337,1948
"source/upstream-07ecb7cf/Mage.Server.Plugins/Mage.Deck.Constructed/src/mage/deck/Premodern.java",F5999E1A1DB424600170A4A1258CE83385829C1231CE5982072518DDF141EC66,3728
"source/upstream-07ecb7cf/Mage.Server.Plugins/Mage.Deck.Constructed/src/mage/deck/ReturnToRavnicaBlock.java",E429362FA4FCDF74A0BCEF5BD886441CE9E014DD27D767F56B7C394A1D6F2ED4,479
"source/upstream-07ecb7cf/Mage.Server.Plugins/Mage.Deck.Constructed/src/mage/deck/ScarsOfMirrodinBlock.java",57CF89BD80029F03F7CA5F01871AAED4B82B959E234DC48F5B37D6D11D20BBE1,486
"source/upstream-07ecb7cf/Mage.Server.Plugins/Mage.Deck.Constructed/src/mage/deck/ShadowmoorBlock.java",99509E14216EAA4A9C957B15E4A969CD34DBE565CF1449F292DED0805EC2D4EF,387
"source/upstream-07ecb7cf/Mage.Server.Plugins/Mage.Deck.Constructed/src/mage/deck/ShadowsOverInnistradBlock.java",0D5583ADB00BF5330725934CC5F8F4A72DDFA50608C71B5E0233414A465F9AF0,412
"source/upstream-07ecb7cf/Mage.Server.Plugins/Mage.Deck.Constructed/src/mage/deck/ShardsOfAlaraBlock.java",E5B5CE8D86AC4AEF4707E2AA64C366A412D8B49F566A78DC7F71FC0B734925FA,469
"source/upstream-07ecb7cf/Mage.Server.Plugins/Mage.Deck.Constructed/src/mage/deck/Standard.java",85138583B825A7E5E90936E21027FDC25DAB6876C626B540DBF04781DF6F17E6,2017
"source/upstream-07ecb7cf/Mage.Server.Plugins/Mage.Deck.Constructed/src/mage/deck/StarWarsBlock.java",D57C3578518D197A3545848A1EAE83B369394B8BBCF4C4D4C244009137F3689F,297
"source/upstream-07ecb7cf/Mage.Server.Plugins/Mage.Deck.Constructed/src/mage/deck/SuperType2.java",C4EAF89D901B90C415CB51DD39ADDB8EB62D821E79989EE98F0AEDA570DEF386,7514
"source/upstream-07ecb7cf/Mage.Server.Plugins/Mage.Deck.Constructed/src/mage/deck/TherosBlock.java",7320192CD3B597E0A2FDBCA9DA2F1624F87798E8C04F6D8F8E5C85B0C2D48411,448
"source/upstream-07ecb7cf/Mage.Server.Plugins/Mage.Deck.Constructed/src/mage/deck/TinyLeaders.java",B5F90D1FBEB76985B13F54F828228087B3BAFF6A1EDA021CCE5BA87AA3FF96AA,10119
"source/upstream-07ecb7cf/Mage.Server.Plugins/Mage.Deck.Constructed/src/mage/deck/Vintage.java",3D76A11E14C7941B8846D4C294137EDA1694C197A3F9AB386BEAAF5EC4785B39,2790
"source/upstream-07ecb7cf/Mage.Server.Plugins/Mage.Deck.Constructed/src/mage/deck/ZendikarBlock.java",652C08D9FE84D4E20AD788599321C946651E4427DE38CD61D8A93AF917C70A8D,452
"source/upstream-07ecb7cf/Mage.Server.Plugins/Mage.Deck.Limited/pom.xml",79917F3BA90509618C3912CB97B3FE8A697F94939F1E7D2D0615BEEAB098B257,916
"source/upstream-07ecb7cf/Mage.Server.Plugins/Mage.Deck.Limited/src/mage/deck/Limited.java",2FB96867C67F1F2AFB44E41E9459955A4B4560299F80D7363800F5694DBF19EA,1365
"source/upstream-07ecb7cf/Mage.Server.Plugins/Mage.Game.BrawlDuel/pom.xml",FB80B5219AFA0E3801DA6921D7E6104FEBC6906235E0AF79D1E75239EB9BA375,932
"source/upstream-07ecb7cf/Mage.Server.Plugins/Mage.Game.BrawlDuel/src/mage/game/BrawlDuel.java",FAA7D4D71F595BA3D7F36AA26B4FD120C14DC0635644E2255A731A503BB184EC,781
"source/upstream-07ecb7cf/Mage.Server.Plugins/Mage.Game.BrawlDuel/src/mage/game/BrawlDuelMatch.java",00EBBBD5A95FB84AAF6A570682E067E464EF2C67DC2FF1E5F19B5CAC4BED9C27,1006
"source/upstream-07ecb7cf/Mage.Server.Plugins/Mage.Game.BrawlDuel/src/mage/game/BrawlDuelType.java",AEC155FF198FEDA7C8CA7E59F7A3AB5AC708FB4566CFBBD9F515A961E0F193B5,602
"source/upstream-07ecb7cf/Mage.Server.Plugins/Mage.Game.BrawlFreeForAll/pom.xml",F1EB7A5D788C37F1857981202AC285F5860DBC5A37CBE0C63A0B6E773AA33795,936
"source/upstream-07ecb7cf/Mage.Server.Plugins/Mage.Game.BrawlFreeForAll/src/mage/game/BrawlFreeForAll.java",988C29DB7E99BDE0DF4EC5F6BAD95193BC4409621DFA69EC21D36378CA48EC81,1195
"source/upstream-07ecb7cf/Mage.Server.Plugins/Mage.Game.BrawlFreeForAll/src/mage/game/BrawlFreeForAllMatch.java",4DC40EB6677637DFF5FE1AFD585C0828CAC8EA7DBD5C3A1C847D9A412964048B,1031
"source/upstream-07ecb7cf/Mage.Server.Plugins/Mage.Game.BrawlFreeForAll/src/mage/game/BrawlFreeForAllType.java",5426D0ABAAE666FAB2147A975BCCEFCA7E41EC102FEBD1626633435CCFCE42F6,634
"source/upstream-07ecb7cf/Mage.Server.Plugins/Mage.Game.CanadianHighlanderDuel/pom.xml",C4C404792FA257883F6581429E4E2306DFEA9A0F93748F0652A1B9B76F8A0E71,959
"source/upstream-07ecb7cf/Mage.Server.Plugins/Mage.Game.CanadianHighlanderDuel/src/mage/game/CanadianHighlanderDuel.java",6C2025E87F09A1ACA2DE23CC483CAA7B8E306AC4E19819A06E974B1F5D4CB200,877
"source/upstream-07ecb7cf/Mage.Server.Plugins/Mage.Game.CanadianHighlanderDuel/src/mage/game/CanadianHighlanderDuelMatch.java",9D59EFE9AAAE0AA70DDBA54F07CE8B497B2819F840786A5EBDA58DB4B811CAF2,1099
"source/upstream-07ecb7cf/Mage.Server.Plugins/Mage.Game.CanadianHighlanderDuel/src/mage/game/CanadianHighlanderDuelType.java",F3DE06C129D7B3CD8652CBC2D8849D9236A8B0BA4ADDD14B3DDF6F105EEDD33E,693
"source/upstream-07ecb7cf/Mage.Server.Plugins/Mage.Game.CommanderDuel/pom.xml",242C3301215D1CDC27A32B34956EC5E31582610DF9BFD52E5EA71B212DCDB07E,940
"source/upstream-07ecb7cf/Mage.Server.Plugins/Mage.Game.CommanderDuel/src/mage/game/CommanderDuel.java",F254F5232F561A31E1A7AF717DFED20E553A697AE32A6A24026DC5D65A43768B,810
"source/upstream-07ecb7cf/Mage.Server.Plugins/Mage.Game.CommanderDuel/src/mage/game/CommanderDuelMatch.java",F8D29AB9D590D2EF2B02493F19C539F69276049B7BBCE768E882EDC48DC4087F,1801
"source/upstream-07ecb7cf/Mage.Server.Plugins/Mage.Game.CommanderDuel/src/mage/game/CommanderDuelType.java",CA0CFB16169B0C96FB1EBFCB8E5BD62C3217855AF7BE1D83CE5766D03CC33686,653
"source/upstream-07ecb7cf/Mage.Server.Plugins/Mage.Game.CommanderFreeForAll/pom.xml",276C1592AFAD831C936F294BF966A2504E39D13C590F8BAE72DBA63FB0EB2058,950
"source/upstream-07ecb7cf/Mage.Server.Plugins/Mage.Game.CommanderFreeForAll/src/mage/game/CommanderFreeForAll.java",169FE86E0059C9C5D4B99D84D2F93313FCA4C0986DD8C712368C5BCABBDB6F00,1226
"source/upstream-07ecb7cf/Mage.Server.Plugins/Mage.Game.CommanderFreeForAll/src/mage/game/CommanderFreeForAllMatch.java",177490B05C23DE4C2959DF9AC9D3BA466C5FBC24EECBB814A850DE5B0DF58501,1119
"source/upstream-07ecb7cf/Mage.Server.Plugins/Mage.Game.CommanderFreeForAll/src/mage/game/CommanderFreeForAllType.java",AA688D6D1CECCA28DCE49E2D85A8A84429A8CFABC082134B0441C5D8CC772351,663
"source/upstream-07ecb7cf/Mage.Server.Plugins/Mage.Game.CustomPillarOfTheParunsDuel/pom.xml",2678C7F09B577DE3A82FA2591B9438EAA556D631EAFAFA6E5EEF5FC39C000AB3,1163
"source/upstream-07ecb7cf/Mage.Server.Plugins/Mage.Game.CustomPillarOfTheParunsDuel/src/mage/game/CustomPillarOfTheParunsDuel.java",4CE8A2B594F06A4B484EB23896A56EB2A46583685A691900488BACF7AA92D979,5291
"source/upstream-07ecb7cf/Mage.Server.Plugins/Mage.Game.CustomPillarOfTheParunsDuel/src/mage/game/CustomPillarOfTheParunsDuelMatch.java",0B7211F1FB95B4A9830970B9DCE73B2109B5115BCB82933DD11AD57DB4E3AC65,1003
"source/upstream-07ecb7cf/Mage.Server.Plugins/Mage.Game.CustomPillarOfTheParunsDuel/src/mage/game/CustomPillarOfTheParunsDuelType.java",F3719197D0353B9C7F0C92C4BCC3F089BBCED6AAFB4280407B56706D26CB61EE,726
"source/upstream-07ecb7cf/Mage.Server.Plugins/Mage.Game.FreeForAll/pom.xml",0AE96DCD44FA61D0270537332CACA8549390A555315B1C0E37CB888181D9A1DD,924
"source/upstream-07ecb7cf/Mage.Server.Plugins/Mage.Game.FreeForAll/src/mage/game/FreeForAll.java",6AAFB78C7DF170C8D5C1597EED99D6EEDEAEBEBF506672FE989C4D4725FB05BC,1023
"source/upstream-07ecb7cf/Mage.Server.Plugins/Mage.Game.FreeForAll/src/mage/game/FreeForAllMatch.java",7E66FD6EB071BF638D9290646468747E2F6A40F3CAD3BF39976D5DA584992DB1,960
"source/upstream-07ecb7cf/Mage.Server.Plugins/Mage.Game.FreeForAll/src/mage/game/FreeForAllType.java",023D9F6EC8A13F09080EA73824E8438C632F569306BED46CD1168753930C301A,619
"source/upstream-07ecb7cf/Mage.Server.Plugins/Mage.Game.FreeformCommanderDuel/pom.xml",B63EED9AB1BE671687EFD0D049BEFA0575A96088624C83CA63D47C3788918E1C,957
"source/upstream-07ecb7cf/Mage.Server.Plugins/Mage.Game.FreeformCommanderDuel/src/mage/game/FreeformCommanderDuel.java",252F0AD6F4B2A87DFA0AFCDF37BA430829079655BCE6EA1D15949FD449682CC3,923
"source/upstream-07ecb7cf/Mage.Server.Plugins/Mage.Game.FreeformCommanderDuel/src/mage/game/FreeformCommanderDuelMatch.java",922DB5B9664F0715FC0BAAFAE7845A101CC6C6B7ABB98AA58EB8A3FB84D3B1B1,1055
"source/upstream-07ecb7cf/Mage.Server.Plugins/Mage.Game.FreeformCommanderDuel/src/mage/game/FreeformCommanderDuelType.java",F0CD33FE51AD612FED29E55CF1C1B1DC2235F0747B24E0B1E57D37F0D1B52CD2,683
"source/upstream-07ecb7cf/Mage.Server.Plugins/Mage.Game.FreeformCommanderFreeForAll/pom.xml",187D75FBD21CBAB0F65136E7E48DC2444556ED1723480E8E229B6FCAE8E4B590,961
"source/upstream-07ecb7cf/Mage.Server.Plugins/Mage.Game.FreeformCommanderFreeForAll/src/mage/game/FreeformCommanderFreeForAll.java",9F5BBBE789771AE74F1DEE3F3D52BD26D332F064526C4A6C4901A77995167681,1318
"source/upstream-07ecb7cf/Mage.Server.Plugins/Mage.Game.FreeformCommanderFreeForAll/src/mage/game/FreeformCommanderFreeForAllMatch.java",9E319B8D075C7DE855137F268C6BC6A7FB7729CA38D4DB1D3D2B6C591FE1AFC8,1034
"source/upstream-07ecb7cf/Mage.Server.Plugins/Mage.Game.FreeformCommanderFreeForAll/src/mage/game/FreeformCommanderFreeForAllType.java",1F690F0960F747CD1B3045E485B6A90CC0DF7328FB4CABCA1C620608603FDC05,719
"source/upstream-07ecb7cf/Mage.Server.Plugins/Mage.Game.FreeformUnlimitedCommander/pom.xml",CC86E58CF5EB5E7F17E6358E12B8B40908FE32925B4C3F39F0A1E07CE5E4DC28,1210
"source/upstream-07ecb7cf/Mage.Server.Plugins/Mage.Game.FreeformUnlimitedCommander/src/mage/game/FreeformUnlimitedCommander.java",913642765527FAF21860EF11F734F6D9CCF336BCF4D40A837A54F096A2DE91EB,1345
"source/upstream-07ecb7cf/Mage.Server.Plugins/Mage.Game.FreeformUnlimitedCommander/src/mage/game/FreeformUnlimitedCommanderMatch.java",6884F8EE235C2D4AE8BF7EED8E829B7C6995463AE7828F6A23E0A996F3FC4632,1003
"source/upstream-07ecb7cf/Mage.Server.Plugins/Mage.Game.FreeformUnlimitedCommander/src/mage/game/FreeformUnlimitedCommanderType.java",EE1ED4AFE189C63FE89DC9AE954C7524AC1F25F07D626EAF4AF6AFBEB0ECE5C1,710
"source/upstream-07ecb7cf/Mage.Server.Plugins/Mage.Game.MomirDuel/pom.xml",9CAED96D032D88BCCEDC7E20B9C1AD16B58FA2EB0E133715C0D24329A307D85D,958
"source/upstream-07ecb7cf/Mage.Server.Plugins/Mage.Game.MomirDuel/src/mage/game/MomirDuel.java",CB769A67E9D395B9AF42FF547BF51FA0B05E3AC532A81297E1310B5960541E2D,1928
"source/upstream-07ecb7cf/Mage.Server.Plugins/Mage.Game.MomirDuel/src/mage/game/MomirDuelMatch.java",8E28E0B0B7DDCCC8CDF74B708C25DF987BB7BAE204E2E2F64DA5A909C5BCB6CD,1033
"source/upstream-07ecb7cf/Mage.Server.Plugins/Mage.Game.MomirDuel/src/mage/game/MomirDuelType.java",D844D2966761C16653BA65AB6C177B71A1333A6DF5212602F3BD45634235F0EB,607
"source/upstream-07ecb7cf/Mage.Server.Plugins/Mage.Game.MomirGame/pom.xml",5C6EC17A868D7C8FD0FE69CE97BD9B0BE592DE852A2470D3ECD033B56F96FDA4,1167
"source/upstream-07ecb7cf/Mage.Server.Plugins/Mage.Game.MomirGame/src/mage/game/MomirFreeForAllMatch.java",FDA3B179F45B1B197DF76E102F64230C209A71ABE23CE29F3644244E30C00CA0,1045
"source/upstream-07ecb7cf/Mage.Server.Plugins/Mage.Game.MomirGame/src/mage/game/MomirFreeForAllType.java",70C20C35206D394CDB9FDED1F669712BC9504A9B5A410CA7992F0293816FDC6B,641
"source/upstream-07ecb7cf/Mage.Server.Plugins/Mage.Game.MomirGame/src/mage/game/MomirGame.java",74C883557102330EAAFCF90D2DA2F466202CF5744274027DF15C26A2353FE1A4,2315
"source/upstream-07ecb7cf/Mage.Server.Plugins/Mage.Game.OathbreakerDuel/pom.xml",1DB9BF77994D8AC1036F6E001A24FB4483686C9DABFD4FDC95D51C9879A291A8,1164
"source/upstream-07ecb7cf/Mage.Server.Plugins/Mage.Game.OathbreakerDuel/src/mage/game/OathbreakerDuel.java",732D0B58B94AE319F786C8384F3E1D0BB0C1FF379EB24A875A18C0BDA2ACABFF,1067
"source/upstream-07ecb7cf/Mage.Server.Plugins/Mage.Game.OathbreakerDuel/src/mage/game/OathbreakerDuelMatch.java",8EF5F9D94BC5B131CFAC141F1F47468735C5919E04C16600D2CAAAE6A53A56BA,1000
"source/upstream-07ecb7cf/Mage.Server.Plugins/Mage.Game.OathbreakerDuel/src/mage/game/OathbreakerDuelType.java",6019D0AEC74EF7C6833E9674D8C1E97080A530674A57522E44E0C71A6421693F,640
"source/upstream-07ecb7cf/Mage.Server.Plugins/Mage.Game.OathbreakerFreeForAll/pom.xml",C85B54CA73472D38D82038E096D081DDC81FA1A746627C775AE054DD25861B25,980
"source/upstream-07ecb7cf/Mage.Server.Plugins/Mage.Game.OathbreakerFreeForAll/src/mage/game/OathbreakerFreeForAll.java",798AA0D5A0F2DFB06BD70FC0756E86C47478E37F4873E390A391242E62E40007,6496
"source/upstream-07ecb7cf/Mage.Server.Plugins/Mage.Game.OathbreakerFreeForAll/src/mage/game/OathbreakerFreeForAllMatch.java",483ACED9C48798E367EB9D93ACD30B4116E7BFAEAB4174681F73DF7BD13B4374,1025
"source/upstream-07ecb7cf/Mage.Server.Plugins/Mage.Game.OathbreakerFreeForAll/src/mage/game/OathbreakerFreeForAllType.java",C77CDCC82B53C3F463864C99E6DA99D97FFD6C6429B3BA920C46350A8E7FCA0B,672
"source/upstream-07ecb7cf/Mage.Server.Plugins/Mage.Game.PennyDreadfulCommanderFreeForAll/pom.xml",E538CEB847D82F7FB65301A6B14DD0C30961557227B8DD7C5BD144CD49BA78A2,978
"source/upstream-07ecb7cf/Mage.Server.Plugins/Mage.Game.PennyDreadfulCommanderFreeForAll/src/mage/game/PennyDreadfulCommanderFreeForAll.java",ED6B9EB28D7AD97912CEB420DD50249BDF8DF6540479B168CB89967B69B2645A,1315
"source/upstream-07ecb7cf/Mage.Server.Plugins/Mage.Game.PennyDreadfulCommanderFreeForAll/src/mage/game/PennyDreadfulCommanderFreeForAllMatch.java",7F23D19A5526A7D0C27CD553A89A04A92A0E717B62FAE677966FA3E25D69D51D,1185
"source/upstream-07ecb7cf/Mage.Server.Plugins/Mage.Game.PennyDreadfulCommanderFreeForAll/src/mage/game/PennyDreadfulCommanderFreeForAllType.java",905EFEEDE9110CF2F38919C9216B7DB94AA558C3A258D59FE0576D819B6E6DBE,755
"source/upstream-07ecb7cf/Mage.Server.Plugins/Mage.Game.TinyLeadersDuel/pom.xml",3385C2C70088D55269F15459E5A9ADA413108F322AEE6748FB5B2B89B448E3BB,965
"source/upstream-07ecb7cf/Mage.Server.Plugins/Mage.Game.TinyLeadersDuel/src/mage/game/TinyLeadersDuel.java",264E53C545BC06883648E76F9D2AA4DE79DC58D3B93F8C78FFE70A53A2E540D5,877
"source/upstream-07ecb7cf/Mage.Server.Plugins/Mage.Game.TinyLeadersDuel/src/mage/game/TinyLeadersDuelMatch.java",7FD8228239C2BFC0F728243A954321B09565FA7B5256CBEA8DD5C97502EDEFEC,1182
"source/upstream-07ecb7cf/Mage.Server.Plugins/Mage.Game.TinyLeadersDuel/src/mage/game/TinyLeadersDuelType.java",B4E948AC1B5C7F62E7EE727967EF51BD93F84B2EDD3A9BEF6DA19E29C1A4D3E5,653
"source/upstream-07ecb7cf/Mage.Server.Plugins/Mage.Game.TwoPlayerDuel/pom.xml",128464DDA5C4681E993732B79620C4C32639E187714232C140674E8AEEE24CFD,930
"source/upstream-07ecb7cf/Mage.Server.Plugins/Mage.Game.TwoPlayerDuel/src/mage/game/TwoPlayerDuel.java",0D485BB64CD64B666147E7D653AA65014168D6C321D42FEE228E7C41FA4512DB,1146
"source/upstream-07ecb7cf/Mage.Server.Plugins/Mage.Game.TwoPlayerDuel/src/mage/game/TwoPlayerDuelType.java",53288CDFB30B72309BE90700D107BD2B9C0F903CE893A9C50B349B80B508DD32,642
"source/upstream-07ecb7cf/Mage.Server.Plugins/Mage.Game.TwoPlayerDuel/src/mage/game/TwoPlayerMatch.java",1AF27F9747B47F68F9286EBD35CF05505E8EF27656409B1DA3FA4A15C1509002,1347
"source/upstream-07ecb7cf/Mage.Server.Plugins/Mage.Player.AI/pom.xml",597E30ACA9F5393C8A9815E21C1D4DDEEB758CE52AF9C6446AE2AC74E604C6E8,1301
"source/upstream-07ecb7cf/Mage.Server.Plugins/Mage.Player.AI/src/mage/player/ai/Attackers.java",A8315774754CA087EF9A3066C7B623C36925ED20D1E887AD4C4EE93271C7CB4F,556
"source/upstream-07ecb7cf/Mage.Server.Plugins/Mage.Player.AI/src/mage/player/ai/CombatEvaluator.java",1ADC2D73D9991D119B36F8EA5511237B9014BE12D4CF3B9F97F8155E6B4D8007,1417
"source/upstream-07ecb7cf/Mage.Server.Plugins/Mage.Player.AI/src/mage/player/ai/ComputerPlayer.java",CA3F0B8E0E7AACC7475E862A7E967CA68C45BE9D38B9BB7AC8EE6D80BBEB35E2,58200
"source/upstream-07ecb7cf/Mage.Server.Plugins/Mage.Player.AI/src/mage/player/ai/PermanentComparator.java",AEA3571F3E643E1B6FDCCB323B04B0AD4E451F80D16A7864D73D0D995C8A74C4,561
"source/upstream-07ecb7cf/Mage.Server.Plugins/Mage.Player.AI/src/mage/player/ai/PermanentEvaluator.java",508F95A5EC1F3B57AE361A38D3E972597B19A01E375C2DCC63B80EAEB40E4055,1245
"source/upstream-07ecb7cf/Mage.Server.Plugins/Mage.Player.AI/src/mage/player/ai/PossibleTargetsComparator.java",CF32E14A3E4EF75307D877B578C9BCA816ECCA0F4F88895F4234E9464694E05C,5574
"source/upstream-07ecb7cf/Mage.Server.Plugins/Mage.Player.AI/src/mage/player/ai/PossibleTargetsSelector.java",29820ECD0F3E4047532EDA73CD477555457C841EC3C28A6A643FA2632511380E,6178
"source/upstream-07ecb7cf/Mage.Server.Plugins/Mage.Player.AI/src/mage/player/ai/score/ArtificialScoringSystem.java",D210D4A977E5DE4C9FDEFF22E4A049887864BCDD603656501E592AC452BC8952,6796
"source/upstream-07ecb7cf/Mage.Server.Plugins/Mage.Player.AI/src/mage/player/ai/score/GameStateEvaluator2.java",25C5F984C70602772A6E2DF7F38AC2814C115677FD7760CFCA595928ACC1E5C7,9971
"source/upstream-07ecb7cf/Mage.Server.Plugins/Mage.Player.AI/src/mage/player/ai/score/MagicAbility.java",9D1EEBB0CCD233F24B0FD12B9903942BE6537B19203BF99D5716AA3B04C0E6C5,2261
"source/upstream-07ecb7cf/Mage.Server.Plugins/Mage.Player.AI.DraftBot/pom.xml",DE5E8528B52A87DC90B41AE308A41133F19DABD53066BAD2E19144719B1189E7,1127
"source/upstream-07ecb7cf/Mage.Server.Plugins/Mage.Player.AI.DraftBot/src/mage/player/ai/ComputerDraftPlayer.java",D4AB07B5CB6B6596CF344A756CB5078B94257319E1AB84A4CC4B3F828FE8093E,1340
"source/upstream-07ecb7cf/Mage.Server.Plugins/Mage.Player.AI.MAD/pom.xml",CB1B489FC4518EE5F14BA0DF4F5857B7E60BD3F6BCEA25EA494B0190E5D38FEA,1120
"source/upstream-07ecb7cf/Mage.Server.Plugins/Mage.Player.AI.MAD/src/mage/player/ai/Attackers2.java",FBDEBE8716E83CFACF7FD737CC5AEC96AEA450D8F966A6BBEEFF2D53D949D04E,557
"source/upstream-07ecb7cf/Mage.Server.Plugins/Mage.Player.AI.MAD/src/mage/player/ai/ComputerPlayer6.java",BF3F628D08411FB52D3645FA505B2A4295560B0DEDA91E2E02FA905342BEDD68,58722
"source/upstream-07ecb7cf/Mage.Server.Plugins/Mage.Player.AI.MAD/src/mage/player/ai/ComputerPlayer7.java",640B75E2C472F53AA901AB1709E526204D0C66980F8498AE4BED5A7E450DA12B,5825
"source/upstream-07ecb7cf/Mage.Server.Plugins/Mage.Player.AI.MAD/src/mage/player/ai/ComputerPlayerControllableProxy.java",2D407719EB21BF817AAF504D7EF28247BA56E0E97FADEA399EECF673ED0B53E3,12772
"source/upstream-07ecb7cf/Mage.Server.Plugins/Mage.Player.AI.MAD/src/mage/player/ai/SimulatedAction2.java",0859E7CB6320E74C5429118C44CD6295331C7442D9A3E8393A391CD2F31F1164,819
"source/upstream-07ecb7cf/Mage.Server.Plugins/Mage.Player.AI.MAD/src/mage/player/ai/SimulatedPlayer2.java",4E8C61B68704C5F25CD7C83B64EA8F7EDB01C0816FE65F81FE6825BC22B6B8BF,16991
"source/upstream-07ecb7cf/Mage.Server.Plugins/Mage.Player.AI.MAD/src/mage/player/ai/SimulationNode2.java",06FCE74A371D46D50AAB7CB082D57E4FC861356610F98A375A00F42243C494DC,2836
"source/upstream-07ecb7cf/Mage.Server.Plugins/Mage.Player.AI.MAD/src/mage/player/ai/SimulationWorker2.java",229F3ECDBF347DD494DCBD627FD746DC2ADA813C047D7EDE0F33DCB503FC2138,969
"source/upstream-07ecb7cf/Mage.Server.Plugins/Mage.Player.AI.MAD/src/mage/player/ai/mad/optimizers/TreeOptimizer.java",D97D433A11D87B8AEA5EF377BED12B515C73B8CF8FB33076980CE03B983FA1E6,563
"source/upstream-07ecb7cf/Mage.Server.Plugins/Mage.Player.AI.MAD/src/mage/player/ai/mad/optimizers/impl/BaseTreeOptimizer.java",A8B00F881D526ED042347289AB1BF96E24AAE27B056019EDCFC5615F8AC4CE7D,900
"source/upstream-07ecb7cf/Mage.Server.Plugins/Mage.Player.AI.MAD/src/mage/player/ai/mad/optimizers/impl/DiscardCardOptimizer.java",A9630486EDEB9B5F473763914010B7C1EEED2CEE41A846AAC803FCAB63511EBD,701
"source/upstream-07ecb7cf/Mage.Server.Plugins/Mage.Player.AI.MAD/src/mage/player/ai/mad/optimizers/impl/EquipOptimizer.java",DBB99039E609B5091926D48E0ABF908B882E6F2A7FB0F284C00BD46E32CE139E,984
"source/upstream-07ecb7cf/Mage.Server.Plugins/Mage.Player.AI.MAD/src/mage/player/ai/mad/optimizers/impl/LevelUpOptimizer.java",0AC2A6F8EE95B537F0903F017BDAC06B76586E36E74A7409EC8C037DCE3008D3,1388
"source/upstream-07ecb7cf/Mage.Server.Plugins/Mage.Player.AI.MAD/src/mage/player/ai/mad/optimizers/impl/OutcomeOptimizer.java",FC5A94810262211ACEF706E7CBC61B933FC92FC14404533448DCB39B1E694149,786
"source/upstream-07ecb7cf/Mage.Server.Plugins/Mage.Player.AI.MAD/src/mage/player/ai/mad/optimizers/impl/WrongCodeUsageOptimizer.java",1A1D753CFF7F472F0B485B8E40CBAF9CA8D82ACF8E92E79C9343A9789E233416,753
"source/upstream-07ecb7cf/Mage.Server.Plugins/Mage.Player.AI.MAD/src/mage/player/ai/util/CombatInfo.java",1D22E3475D1C5581DB39C8A99CC3FCF9D401E8D7499C44E52CFE68D61D91CC70,575
"source/upstream-07ecb7cf/Mage.Server.Plugins/Mage.Player.AI.MAD/src/mage/player/ai/util/CombatUtil.java",150D0296DA36E7B34751F9774F1EC5C4B48635436394B0C0A5F2F35E8DB62856,18345
"source/upstream-07ecb7cf/Mage.Server.Plugins/Mage.Player.AI.MAD/src/mage/player/ai/util/SurviveInfo.java",67748BF9AD657591D50B0E456DCDAF1DB1EB56000DC78B354EB0D2EE11320611,1181
"source/upstream-07ecb7cf/Mage.Server.Plugins/Mage.Player.AIMCTS/pom.xml",AA54C6FB07C1ADF5891D4F4149DCE5E90982E4982A7A17F50E69B5114258AD2A,1306
"source/upstream-07ecb7cf/Mage.Server.Plugins/Mage.Player.AIMCTS/src/mage/player/ai/ComputerPlayerMCTS.java",E5868876528C70F00D80AE1BCD3B8514A69542E1ED4D2BB6BEC1D53239AC6B14,14320
"source/upstream-07ecb7cf/Mage.Server.Plugins/Mage.Player.AIMCTS/src/mage/player/ai/MCTSExecutor.java",09CAB10D36A3E057A240A905E537A61C87301CE39036F177F04ED5F056BB1216,1785
"source/upstream-07ecb7cf/Mage.Server.Plugins/Mage.Player.AIMCTS/src/mage/player/ai/MCTSNextActionFactory.java",CD687946D64E34CD3A10D0DAA78A6CB0FE9F480C6F339C7D2F1CD044A5C21A56,811
"source/upstream-07ecb7cf/Mage.Server.Plugins/Mage.Player.AIMCTS/src/mage/player/ai/MCTSNode.java",6D0B88AA51ADCA18B936FA513A7AE7C6EE2AC857512105295A1134C9275ADD84,17243
"source/upstream-07ecb7cf/Mage.Server.Plugins/Mage.Player.AIMCTS/src/mage/player/ai/MCTSNodeNextAction.java",66D089CB06E301013FE8EA2C5F041265A8F609BBE7069F71C3B8AB3B30E885C8,219
"source/upstream-07ecb7cf/Mage.Server.Plugins/Mage.Player.AIMCTS/src/mage/player/ai/MCTSPlayer.java",399062D63603745434355F95119CE6AF71864A2CBFDB492FA25A9E1954BFDF04,6720
"source/upstream-07ecb7cf/Mage.Server.Plugins/Mage.Player.AIMCTS/src/mage/player/ai/PriorityNextAction.java",B07A24DA6A8C0DB7EA87508E67DFCF89695ED6B057AA317DE8C4F5625A6D2D30,1013
"source/upstream-07ecb7cf/Mage.Server.Plugins/Mage.Player.AIMCTS/src/mage/player/ai/SelectAttackersNextAction.java",FE2ED4E51B7AE128BAD817BA04163B9AC2606C3437379E6BD98B40989B6BE5EC,1159
"source/upstream-07ecb7cf/Mage.Server.Plugins/Mage.Player.AIMCTS/src/mage/player/ai/SelectBlockersNextAction.java",3DA6CEEFEF3EE824CC929C021841BE68F0A5460E85084104D7E18DC5E5509EA3,1374
"source/upstream-07ecb7cf/Mage.Server.Plugins/Mage.Player.AIMCTS/src/mage/player/ai/SimulatedPlayerMCTS.java",84184F7A7E3FA4C2E9253F109C110F3400DA88CCB1B35339A8D9FD330F468F0F,14570
"source/upstream-07ecb7cf/Mage.Server.Plugins/Mage.Player.Human/pom.xml",E097DF99EC1E58C609E94484B5E35F3BE1B881286F7214883BA88F961C2C16A2,1089
"source/upstream-07ecb7cf/Mage.Server.Plugins/Mage.Player.Human/src/mage/player/human/HumanPlayer.java",8CC0C03F412933EC8CAAD88EBB609E9E4857F4823A8D1BA57E785472C85F6FF9,125129
"source/upstream-07ecb7cf/Mage.Server.Plugins/Mage.Player.Human/src/mage/player/human/PlayerResponse.java",7E1A784C0B24AD64325166F5B384A4353ECD98DE0DC4A86F0DB7D435ACEF9CC1,5149
"source/upstream-07ecb7cf/Mage.Server.Plugins/Mage.Tournament.BoosterDraft/pom.xml",45A6AE4EA60D5D025BAA156C73965DBD210729DB4EB9C962AC2D12CA5F2AA30A,944
"source/upstream-07ecb7cf/Mage.Server.Plugins/Mage.Tournament.BoosterDraft/src/mage/tournament/BoosterDraftEliminationCubeTournamentType.java",23AE60B6CA0A5191BFEA87306E46F9BCD7F750EE8E1FB33C47D28EA434EB75A8,516
"source/upstream-07ecb7cf/Mage.Server.Plugins/Mage.Tournament.BoosterDraft/src/mage/tournament/BoosterDraftEliminationTournament.java",97CAF63E7FE5FA6D15A54B6DDF63EDB19EC28F1EA0767134E6BF315A4E185DBD,1875
"source/upstream-07ecb7cf/Mage.Server.Plugins/Mage.Tournament.BoosterDraft/src/mage/tournament/BoosterDraftEliminationTournamentType.java",F684AAC1C4919E8F378CADB35F155175F212C11A7A8E120A6790357A7BB14B17,525
"source/upstream-07ecb7cf/Mage.Server.Plugins/Mage.Tournament.BoosterDraft/src/mage/tournament/BoosterDraftSwissCubeTournamentType.java",F94390176F4106C4A0B662197AB87179519DC9FFBBBEB16B6B1439A1DFA6C77C,499
"source/upstream-07ecb7cf/Mage.Server.Plugins/Mage.Tournament.BoosterDraft/src/mage/tournament/BoosterDraftSwissTournament.java",B1531C9F27D190FFF5D141480C147AB4670D9208EDCEE64131EA8BC5846B6034,1923
"source/upstream-07ecb7cf/Mage.Server.Plugins/Mage.Tournament.BoosterDraft/src/mage/tournament/BoosterDraftSwissTournamentType.java",B73E832519073E0211FEA8F68E67EDC48D376839986E8F4B51835ED67EF9BB73,485
"source/upstream-07ecb7cf/Mage.Server.Plugins/Mage.Tournament.BoosterDraft/src/mage/tournament/RandomBoosterDraftEliminationTournament.java",2316FAD09C2FAF27B928A55EF954D98721313EB8C6609357D1FA2DC246A54F6A,999
"source/upstream-07ecb7cf/Mage.Server.Plugins/Mage.Tournament.BoosterDraft/src/mage/tournament/RandomBoosterDraftEliminationTournamentType.java",3B644E0CAE44B47767D5E6919DD9A5F9399DAC1BA4365CB471B516FF0268F4F4,576
"source/upstream-07ecb7cf/Mage.Server.Plugins/Mage.Tournament.BoosterDraft/src/mage/tournament/RandomBoosterDraftSwissTournament.java",638977C88B324BAF78994F81E1BFF1930166CE45D3C92FC4696F3635491343EA,981
"source/upstream-07ecb7cf/Mage.Server.Plugins/Mage.Tournament.BoosterDraft/src/mage/tournament/RandomBoosterDraftSwissTournamentType.java",0F30464CCE92E38A5326D78EA8E7C8CA709E6AA330D667D5497440CDE2C87DDB,559
"source/upstream-07ecb7cf/Mage.Server.Plugins/Mage.Tournament.BoosterDraft/src/mage/tournament/ReshuffledBoosterDraftEliminationTournament.java",C89435C34F575D1A8DBE4AE5A35A5016334946C2BD4E0148CA43D6DFC88CAC1B,962
"source/upstream-07ecb7cf/Mage.Server.Plugins/Mage.Tournament.BoosterDraft/src/mage/tournament/ReshuffledBoosterDraftEliminationTournamentType.java",CCB48FC3DE01CBB1F074CDE1646DB41E059937AA129A833E636D239606639111,592
"source/upstream-07ecb7cf/Mage.Server.Plugins/Mage.Tournament.BoosterDraft/src/mage/tournament/ReshuffledBoosterDraftSwissTournament.java",A8046282BE0E0B81276DBECCB1A9B3C65E363A1B71E9CE5E65D2DD4E466BFBD4,972
"source/upstream-07ecb7cf/Mage.Server.Plugins/Mage.Tournament.BoosterDraft/src/mage/tournament/ReshuffledBoosterDraftSwissTournamentType.java",0D7CB42AE758AE91320446FB04582646DCDDEB01791C297968DF8EB963D5FE45,553
"source/upstream-07ecb7cf/Mage.Server.Plugins/Mage.Tournament.BoosterDraft/src/mage/tournament/RichManCubeDraftEliminationTournament.java",20D1CC2A9A67572A1131B232273C6819024CA077B847A010B304C5ED847E0A07,1879
"source/upstream-07ecb7cf/Mage.Server.Plugins/Mage.Tournament.BoosterDraft/src/mage/tournament/RichManCubeDraftEliminationTournamentType.java",8B84A502E817EF91CD9EEB370C524849367DCAC4ABB2D22139693EAE93423928,525
"source/upstream-07ecb7cf/Mage.Server.Plugins/Mage.Tournament.BoosterDraft/src/mage/tournament/RichManCubeDraftSwissTournament.java",9873AE27E3008E0B6548E82FD70B04BB4C9E7C11FCC5DD204E212AD6F56BF039,920
"source/upstream-07ecb7cf/Mage.Server.Plugins/Mage.Tournament.BoosterDraft/src/mage/tournament/RichManCubeDraftSwissTournamentType.java",B37442A4E38505F899DD0C574353DEC638DDEAA1E59BC79984CF1434CD5CC466,505
"source/upstream-07ecb7cf/Mage.Server.Plugins/Mage.Tournament.BoosterDraft/src/mage/tournament/RichManDraftEliminationTournament.java",67BAF38E4DFEA0159A34390CF3BC15A76820A5D3914FBE5FF7DE056B7EF0C7B4,1863
"source/upstream-07ecb7cf/Mage.Server.Plugins/Mage.Tournament.BoosterDraft/src/mage/tournament/RichManDraftEliminationTournamentType.java",8D06220B48FB0DF1A21D4ABD458C4CAA7260A59DB083196E099DF6C3870C44A8,575
"source/upstream-07ecb7cf/Mage.Server.Plugins/Mage.Tournament.BoosterDraft/src/mage/tournament/RichManDraftSwissTournament.java",7543803A18E9CD14720167E1086C97D0344A854B6957E68F8632CBF369024C47,1625
"source/upstream-07ecb7cf/Mage.Server.Plugins/Mage.Tournament.BoosterDraft/src/mage/tournament/RichManDraftSwissTournamentType.java",ECFFA3605E36DD1FD84EAD9DFC29839BE16B4605B01DD3F37A7A211E574BD5C3,555
"source/upstream-07ecb7cf/Mage.Server.Plugins/Mage.Tournament.BoosterDraft/src/mage/tournament/cubes/BensCube.java",30D894591F8658EBB5D9EC0E9ADD0AC02EC84868EEAAA739AE45517F902F1005,45973
"source/upstream-07ecb7cf/Mage.Server.Plugins/Mage.Tournament.BoosterDraft/src/mage/tournament/cubes/CubeFromDeck.java",7380405BD65E9B67EA5ACD8087992A3273F6748C73E03C2FCAE388B59A779909,1185
"source/upstream-07ecb7cf/Mage.Server.Plugins/Mage.Tournament.BoosterDraft/src/mage/tournament/cubes/CubeTutor360Pauper.java",91185008584AD7A69124CD48D4AE6D19D523DBFC1F4B752FDC4D64233BB84C62,22840
"source/upstream-07ecb7cf/Mage.Server.Plugins/Mage.Tournament.BoosterDraft/src/mage/tournament/cubes/CubeTutor720.java",CFE267AABC25E8A61B3C1734985B065D5F87C46CE2C65A6E167EC3AD1997B58C,45829
"source/upstream-07ecb7cf/Mage.Server.Plugins/Mage.Tournament.BoosterDraft/src/mage/tournament/cubes/EricKlugsProTourCube.java",2C28F56125E932BCEFEE9C749EBDA0A5FC3FD44A953E7394EAF2EE16F9A369C2,39960
"source/upstream-07ecb7cf/Mage.Server.Plugins/Mage.Tournament.BoosterDraft/src/mage/tournament/cubes/GuillaumeMatignonsJennysJohnnysCube.java",27E80F2DBE2F35C0516C9A8DD5FC3BCDB5CFA034486BC644077197A1BE9DD265,40434
"source/upstream-07ecb7cf/Mage.Server.Plugins/Mage.Tournament.BoosterDraft/src/mage/tournament/cubes/JimDavisCube.java",C100F2652926936731AA245F348906B595BF8DB784346A62C49F45A2D91332DB,30068
"source/upstream-07ecb7cf/Mage.Server.Plugins/Mage.Tournament.BoosterDraft/src/mage/tournament/cubes/JosephVasolisPeasantCube.java",20E6070E27188103EB14EBE63D114B2D3BC8E383F01B85B8DC40D9835C3E632C,40020
"source/upstream-07ecb7cf/Mage.Server.Plugins/Mage.Tournament.BoosterDraft/src/mage/tournament/cubes/KhansExpandedCube.java",D45FB66493E913A755BFA3C09EE264723FB0954AC4CD9975411467EBFEB123F6,40117
"source/upstream-07ecb7cf/Mage.Server.Plugins/Mage.Tournament.BoosterDraft/src/mage/tournament/cubes/LegacyCube.java",37231CC00B581ABA5CC6C18E445A8DE72FAB405787062E3F37CDFCBB9D49C0EC,39156
"source/upstream-07ecb7cf/Mage.Server.Plugins/Mage.Tournament.BoosterDraft/src/mage/tournament/cubes/LegacyCube2018February.java",00A2C931B38C77091681E6E06CC862E566C2CCAB6EE7BF8D264F864388319665,44971
"source/upstream-07ecb7cf/Mage.Server.Plugins/Mage.Tournament.BoosterDraft/src/mage/tournament/cubes/LegacyCubeApril2017.java",607A463C315E7D09D0888917AB7DEAD5AE186499C32CDDA549B04D79C9379509,44959
"source/upstream-07ecb7cf/Mage.Server.Plugins/Mage.Tournament.BoosterDraft/src/mage/tournament/cubes/LegacyCubeJanuary2016.java",5AE4AE1AE8BA6186B656A82644A9710416FA3F9DDB7AD54E45D6C9E66DBA5F5B,44794
"source/upstream-07ecb7cf/Mage.Server.Plugins/Mage.Tournament.BoosterDraft/src/mage/tournament/cubes/LegacyCubeJanuary2017.java",D09AB3F663B479CA27C4028B4243F28E7FAB3940DCFA21D76D01348486B09D98,44851
"source/upstream-07ecb7cf/Mage.Server.Plugins/Mage.Tournament.BoosterDraft/src/mage/tournament/cubes/LegacyCubeJuly2019.java",78BD486B09B4B6D975AAB0F49CF9FAF22611D81F374D0570F44C13AEF198D13C,38971
"source/upstream-07ecb7cf/Mage.Server.Plugins/Mage.Tournament.BoosterDraft/src/mage/tournament/cubes/LegacyCubeMarch2015.java",D53BE791C348D6E37DC481753B794A836D1F7F914606B7764AB860997DBF93E7,44675
"source/upstream-07ecb7cf/Mage.Server.Plugins/Mage.Tournament.BoosterDraft/src/mage/tournament/cubes/LegacyCubeMay2021.java",E4F381AE64B7B3AB57DC1A564A57164ADBCD8CFA3AE87107BCB22CF399D73C5F,39120
"source/upstream-07ecb7cf/Mage.Server.Plugins/Mage.Tournament.BoosterDraft/src/mage/tournament/cubes/LegacyCubeSeptember2015.java",622014D4D0F6CFF2800B1FA257510DED703B784563FACA812C61AE0FED420098,44706
"source/upstream-07ecb7cf/Mage.Server.Plugins/Mage.Tournament.BoosterDraft/src/mage/tournament/cubes/LegacyCubeSeptember2016.java",2DD201930FE1D0F7FD01DA83BE828E1E4EA9B43ABAECB6AB9E0435A85EA5A1B7,44895
"source/upstream-07ecb7cf/Mage.Server.Plugins/Mage.Tournament.BoosterDraft/src/mage/tournament/cubes/LegendaryCube.java",10D9D27BD55BA5FE3E22566ED172626456AAB231320E15C3D7A44CC4FC9ACF2B,39761
"source/upstream-07ecb7cf/Mage.Server.Plugins/Mage.Tournament.BoosterDraft/src/mage/tournament/cubes/LegendaryCubeApril2016.java",0936969D1402EC5ED016280C1A35FBCBE45E3DE5B168F25621C55675AAC720C7,43325
"source/upstream-07ecb7cf/Mage.Server.Plugins/Mage.Tournament.BoosterDraft/src/mage/tournament/cubes/ModernCube2017.java",2EAE44CFFE5FBB68C7C551AA860BC2829F6EA57D919A03E513E73AD8237D999F,35268
"source/upstream-07ecb7cf/Mage.Server.Plugins/Mage.Tournament.BoosterDraft/src/mage/tournament/cubes/MonoBlueCube.java",D922578162DECECCBB0A6E02359FDC4F1DFED3E06866322AEB09A89B4D51B209,22964
"source/upstream-07ecb7cf/Mage.Server.Plugins/Mage.Tournament.BoosterDraft/src/mage/tournament/cubes/MTGACube2020April.java",B48B5B006645D83F86C61C41FA0BC9422B8441290A9931A5663E2FDA990770AC,36783
"source/upstream-07ecb7cf/Mage.Server.Plugins/Mage.Tournament.BoosterDraft/src/mage/tournament/cubes/MTGCube.java",42021F3B5CEFE788377DA86A0DD2B78B6B71972C6BA2F3E8FB54F904D20E2247,31935
"source/upstream-07ecb7cf/Mage.Server.Plugins/Mage.Tournament.BoosterDraft/src/mage/tournament/cubes/MTGOMarchCube2014.java",9029921DF481DAC715190E6928AA2643E8BB1ABB7829992C51B1482F6BBDF567,45207
"source/upstream-07ecb7cf/Mage.Server.Plugins/Mage.Tournament.BoosterDraft/src/mage/tournament/cubes/PauperCube.java",BB4088DEAFA6948202F42D2131ADDF34AF605DD9B1D12ECFC9A28CAD9F14058B,29196
"source/upstream-07ecb7cf/Mage.Server.Plugins/Mage.Tournament.BoosterDraft/src/mage/tournament/cubes/PeasantsToolboxCube.java",D7E74E9C55C399030A57A6F5E938509B424F1E9A431D78C537D7DF523AD60EC6,51473
"source/upstream-07ecb7cf/Mage.Server.Plugins/Mage.Tournament.BoosterDraft/src/mage/tournament/cubes/SamBlacksCube.java",C366DAB036286D040E03E38F7187997348CE633F27B5AFEC1294638E47C2F652,43814
"source/upstream-07ecb7cf/Mage.Server.Plugins/Mage.Tournament.BoosterDraft/src/mage/tournament/cubes/ScgConCube2018December.java",D40ADD363499A86FDCDA0ED3A875FCEAA537BE44DBE186F77E0504098646F33A,26792
"source/upstream-07ecb7cf/Mage.Server.Plugins/Mage.Tournament.BoosterDraft/src/mage/tournament/cubes/TimotheeSimonotsTwistedColorPieCube.java",AABBF1B3CDFE71DB1620D0E1A9C79C684B74368582BFB79595F650FF338F4E3A,40536
"source/upstream-07ecb7cf/Mage.Server.Plugins/Mage.Tournament.BoosterDraft/src/mage/tournament/cubes/VintageCube.java",F0992026A8D60E3B3E5C7F6EB8A253807EA71C5CF0EB6EFA90DAAF43EED678BE,35292
"source/upstream-07ecb7cf/Mage.Server.Plugins/Mage.Tournament.BoosterDraft/src/mage/tournament/cubes/VintageCube2013.java",4AFF191FFC6DDCA96A651480E36FD0B1E10357ACA8AE657B343B2392E96CB76F,33943
"source/upstream-07ecb7cf/Mage.Server.Plugins/Mage.Tournament.BoosterDraft/src/mage/tournament/cubes/VintageCube2014.java",5DD5B6EDA4CF451ABBA4186245632CF664AEA50F2CD2635438F6F5BE843B1467,34664
"source/upstream-07ecb7cf/Mage.Server.Plugins/Mage.Tournament.BoosterDraft/src/mage/tournament/cubes/VintageCube2015.java",3E5E253EFB98AE777208EB90927AE688EAE57313DD7FAE358253950EC038E57B,34684
"source/upstream-07ecb7cf/Mage.Server.Plugins/Mage.Tournament.BoosterDraft/src/mage/tournament/cubes/VintageCube2016.java",F6D30B185039D3F2B5862DC566C133302772AD9E30204254449B79FBE28E4F66,40115
"source/upstream-07ecb7cf/Mage.Server.Plugins/Mage.Tournament.BoosterDraft/src/mage/tournament/cubes/VintageCubeApril2020.java",3F1A48C9E753FC7DD9D9E8984D1BB93ADBFF700CAF48E9B99AD7E3D67919F6F7,34881
"source/upstream-07ecb7cf/Mage.Server.Plugins/Mage.Tournament.BoosterDraft/src/mage/tournament/cubes/VintageCubeDecember2017.java",6DD98063FE6FC1196B0FC1F005187004CE9889E54AFF14D61F82F1735299BAB7,40201
"source/upstream-07ecb7cf/Mage.Server.Plugins/Mage.Tournament.BoosterDraft/src/mage/tournament/cubes/VintageCubeDecember2018.java",7C238FA668B462E56EF8DF00AE937F8110D3C349F9DD186D47BB3BD84451D9AD,40235
"source/upstream-07ecb7cf/Mage.Server.Plugins/Mage.Tournament.BoosterDraft/src/mage/tournament/cubes/VintageCubeDecember2019.java",8A3D89EB3118FFC5904907846380FB484FB7F1919F394CD83F4F03F7697A6D42,40282
"source/upstream-07ecb7cf/Mage.Server.Plugins/Mage.Tournament.BoosterDraft/src/mage/tournament/cubes/VintageCubeDecember2020.java",29D57EC2D4E7E5967DCBA6DD0F3143D9550563B7098B0C4A554AAF696C037EA6,34914
"source/upstream-07ecb7cf/Mage.Server.Plugins/Mage.Tournament.BoosterDraft/src/mage/tournament/cubes/VintageCubeFebruary2022.java",3BC49A1FF82E40AB90C6EFBDAB302693146858D7A35F362BC52D0F107EDC186C,34937
"source/upstream-07ecb7cf/Mage.Server.Plugins/Mage.Tournament.BoosterDraft/src/mage/tournament/cubes/VintageCubeJuly2020.java",F14D28E3A1B0F33E25D3471CD80638CF3C08373C6CDE07075A56BAE222E5E534,34869
"source/upstream-07ecb7cf/Mage.Server.Plugins/Mage.Tournament.BoosterDraft/src/mage/tournament/cubes/VintageCubeJuly2021.java",61FB7A31EE0D0A5F173B5C49980EF545264EDF2B17D2ADBCFA31CFD4C9CF189D,34952
"source/upstream-07ecb7cf/Mage.Server.Plugins/Mage.Tournament.BoosterDraft/src/mage/tournament/cubes/VintageCubeJune2016.java",B9DC47AE1A94C7F541E78CF5D72AC565B55F7CDBC3B9C8CF2291D2B80207835F,40235
"source/upstream-07ecb7cf/Mage.Server.Plugins/Mage.Tournament.BoosterDraft/src/mage/tournament/cubes/VintageCubeJune2017.java",737AB8BE4843EF287515E2319EEBD5C9EAE0158078F276D5882E49C009E9CD05,40274
"source/upstream-07ecb7cf/Mage.Server.Plugins/Mage.Tournament.BoosterDraft/src/mage/tournament/cubes/VintageCubeJune2018.java",88855CCABAAF7ADBFEE067B65B6913CEB6BA2245829F3E5C5CC310A71E72534B,40205
"source/upstream-07ecb7cf/Mage.Server.Plugins/Mage.Tournament.BoosterDraft/src/mage/tournament/cubes/VintageCubeJune2019.java",6D30744252A3322FDE23B9EA17A2F03697F9821FAD234BA600654558C21DC86B,40198
"source/upstream-07ecb7cf/Mage.Server.Plugins/Mage.Tournament.BoosterDraft/src/mage/tournament/cubes/VintageCubeNovember2016.java",FC7B2F3F6148AF1232C82CF97DFCC8767AC0401735D439EDF6C0417DA0F483D8,40241
"source/upstream-07ecb7cf/Mage.Server.Plugins/Mage.Tournament.BoosterDraft/src/mage/tournament/cubes/VintageCubeOctober2023.java",6173647478309696D915E8FC6B2C61479412B668A66EAE7C1FF4854475CB1C16,35159
"source/upstream-07ecb7cf/Mage.Server.Plugins/Mage.Tournament.Constructed/pom.xml",9B0BA30F0FE9658C2E8E500030067738C7BA3F5495FB3EE53A83663E3A435073,935
"source/upstream-07ecb7cf/Mage.Server.Plugins/Mage.Tournament.Constructed/src/mage/tournament/ConstructedEliminationTournament.java",7D5ED1F2650E8923F97C3262D89754F499C5505DC486A55ABFF251C417AC47F0,894
"source/upstream-07ecb7cf/Mage.Server.Plugins/Mage.Tournament.Constructed/src/mage/tournament/ConstructedEliminationTournamentType.java",EE09AB8AAA6849BDCA0F3EBAC3A6111B65E69CAF46B21420607C5DE59C6AE2B4,466
"source/upstream-07ecb7cf/Mage.Server.Plugins/Mage.Tournament.Constructed/src/mage/tournament/ConstructedSwissTournament.java",B36FE40C9CC6426B8B748169A7C2306CED60F7DBDAD9D8E13CC0B94E33611EBC,858
"source/upstream-07ecb7cf/Mage.Server.Plugins/Mage.Tournament.Constructed/src/mage/tournament/ConstructedSwissTournamentType.java",EDFE0BF39CB9210C78B1E71C41C09D24D63820A1E89F1BE828127B0FE24D14D0,448
"source/upstream-07ecb7cf/Mage.Server.Plugins/Mage.Tournament.Sealed/pom.xml",10435BA76D8600C42C43046BA3FA6410122B4FCEEA59859215FB3F55D444BC8F,931
"source/upstream-07ecb7cf/Mage.Server.Plugins/Mage.Tournament.Sealed/src/mage/tournament/JumpstartCustomEliminationTournament.java",B0A49B12A24C33C17EBDA02FBC8E335FF3C994A52369991180D06E30DCF6D3F4,1178
"source/upstream-07ecb7cf/Mage.Server.Plugins/Mage.Tournament.Sealed/src/mage/tournament/JumpstartCustomEliminationTournamentType.java",67670BC233A21CEE35F3C29976249B99D872F7D2210DE29E99D81682D5C6CB3C,454
"source/upstream-07ecb7cf/Mage.Server.Plugins/Mage.Tournament.Sealed/src/mage/tournament/JumpstartEliminationTournament.java",7EEE648A21C10490BC015A87B9D927CA5F5C363A3AF234A393D7A695BEE54DE8,1169
"source/upstream-07ecb7cf/Mage.Server.Plugins/Mage.Tournament.Sealed/src/mage/tournament/JumpstartEliminationTournamentType.java",5D797D086923253B3EE3D60B91657E09DA4F189AFCDD48911A214B3F299225AC,435
"source/upstream-07ecb7cf/Mage.Server.Plugins/Mage.Tournament.Sealed/src/mage/tournament/JumpstartSwissTournament.java",53158E724A45F717788A3B453A68939199EEDA3B68DF695C19AA712AAAD93036,1133
"source/upstream-07ecb7cf/Mage.Server.Plugins/Mage.Tournament.Sealed/src/mage/tournament/JumpstartSwissTournamentType.java",4EC8235AB15BC856F4846C6F96E121ED26B8732AE04ED7C04EEDC47ADF0EDE5D,384
"source/upstream-07ecb7cf/Mage.Server.Plugins/Mage.Tournament.Sealed/src/mage/tournament/SealedEliminationCubeTournamentType.java",D6D56243BAC694735FE949091E558290CC820E644F1B16ED84405E03A0315043,499
"source/upstream-07ecb7cf/Mage.Server.Plugins/Mage.Tournament.Sealed/src/mage/tournament/SealedEliminationTournament.java",1568FA7CEE83CFF2F88C1BEA5D91564372D6AEBA7E4E2BC7588F8A476FA975B8,1215
"source/upstream-07ecb7cf/Mage.Server.Plugins/Mage.Tournament.Sealed/src/mage/tournament/SealedEliminationTournamentType.java",56F2DB932A47AEC6C11181C7763FFE5198B10868D6BC633DCACFABB7BB4B10F9,507
"source/upstream-07ecb7cf/Mage.Server.Plugins/Mage.Tournament.Sealed/src/mage/tournament/SealedSwissCubeTournamentType.java",8F7FD415B53A3AF8BF73BED40915346F3D2636C6964C87611157756745B4DD85,504
"source/upstream-07ecb7cf/Mage.Server.Plugins/Mage.Tournament.Sealed/src/mage/tournament/SealedSwissTournament.java",F1AAF654A2E3A7EEA46668592BC9481883FB6E6C85CA5B8493145E609F71297E,1157
"source/upstream-07ecb7cf/Mage.Server.Plugins/Mage.Tournament.Sealed/src/mage/tournament/SealedSwissTournamentType.java",00579312D12DC308266F5220ECA1912F438E3EABFCC20FAA842842AA8544C49C,490
"source/upstream-07ecb7cf/Mage.Sets/pom.xml",4239E95F1A06B76168DCCCE823D508B649311599066F6E35B013C32F255B811A,924
"source/upstream-07ecb7cf/Mage.Sets/src/mage/cards/a/AangAirbendingMaster.java",157B657884801AA8622500D0C988FCB1C5C969DB423BC9E564234B0967233E5E,2744
"source/upstream-07ecb7cf/Mage.Sets/src/mage/cards/a/AangAirNomad.java",97988379BADB1F8E93D2C0F4B08C0A5C6A825A1D04D160F618BEAC4842EB631A,1607
"source/upstream-07ecb7cf/Mage.Sets/src/mage/cards/a/AangALotToLearn.java",928D584435C2407387160C0B2A38A01598970C481EB9FB48575BD9D9609A7C60,2174
"source/upstream-07ecb7cf/Mage.Sets/src/mage/cards/a/AangAndKatara.java",07A1834B231D82833DC5992A430FD9CEDD8B0F3F03DCEA8BF2D161C88F8468AE,2366
"source/upstream-07ecb7cf/Mage.Sets/src/mage/cards/a/AangAtTheCrossroads.java",7DDA5BEAD8C90FCEE8C7583C175AFFC3046C451C780F8F7C6D29DFE1B0816B5A,4238
"source/upstream-07ecb7cf/Mage.Sets/src/mage/cards/a/AangsDefense.java",F9BB2189E7FEB67239B2AEAACD711D75DE1B2C1C02DE0705F3510077F2395D9F,1398
"source/upstream-07ecb7cf/Mage.Sets/src/mage/cards/a/AangsIceberg.java",CC7BD2B2F2C10F1F49B1928351F87A781E2ADB2022AE1A8AF03A34383E3AD094,2025
"source/upstream-07ecb7cf/Mage.Sets/src/mage/cards/a/AangsJourney.java",5C6ABFA7FD23FA40C23227BF443779D5388106C024E8A2CFEE0DDFA8C9A6DE69,2447
"source/upstream-07ecb7cf/Mage.Sets/src/mage/cards/a/AangSwiftSavior.java",ABC3D211D9116DD262B0692005D2756911A4B720F4317C7DA8F01A31B40BF81E,3652
"source/upstream-07ecb7cf/Mage.Sets/src/mage/cards/a/AangTheLastAirbender.java",3AADF9192ED338B265F9F817FE52F345FE054D3E2FD6A64F47AEFFA9BA56F192,2481
"source/upstream-07ecb7cf/Mage.Sets/src/mage/cards/a/AarakocraSneak.java",EA3F0C90B30CC271050C8CFFAD8362D9E22FAED36B404529840912F6766655D0,1268
"source/upstream-07ecb7cf/Mage.Sets/src/mage/cards/a/AardvarkSloth.java",26DFB46E87B0892178DBA04EB8A435B4EBC3004B214AFA85BAB9280F58BAED30,883
"source/upstream-07ecb7cf/Mage.Sets/src/mage/cards/a/AAT1.java",2593CC33A09167D60915C76CA2171CF882D041AD8A8B5F176FDEC455B4B9E8AB,3165
"source/upstream-07ecb7cf/Mage.Sets/src/mage/cards/a/AatchikEmeraldRadian.java",1190B2929818C38C17EBF58B1B2E916A3AC66CFFC83C76DDA9CE52B829AC20E4,2747
"source/upstream-07ecb7cf/Mage.Sets/src/mage/cards/a/AbaddonTheDespoiler.java",A30906693470F81A65C9B1D66630D8C10C6101537AC4D3C6B3903EBB77D4DB9C,3257
"source/upstream-07ecb7cf/Mage.Sets/src/mage/cards/a/AbandonAttachments.java",19CBC0B2EEDE6AFA4A98D6DD5BC27BD2342769A10DD6F78EBFB8A3ADD2AD6D9F,1008
"source/upstream-07ecb7cf/Mage.Sets/src/mage/cards/a/AbandonedAirTemple.java",53C8B962D0B7A4B98D0EA2C5CBE2072616AA09FA81B24A038F8AECF11C6CC651,1751
"source/upstream-07ecb7cf/Mage.Sets/src/mage/cards/a/AbandonedCampground.java",F738870372F92E4B911D8A68FBD4181277C8C7AD814670E8AE8FDF56B7FCB208,1111
"source/upstream-07ecb7cf/Mage.Sets/src/mage/cards/a/AbandonedOutpost.java",112FAABA0A2D9E9616E2124111F16597AA220BA894C05FF73575E9F39B2F7464,1191
"source/upstream-07ecb7cf/Mage.Sets/src/mage/cards/a/AbandonedSarcophagus.java",0D59E220B9A23F559E5FACA48881F60605F68CAAA14498724A778A6CA6414996,5798
"source/upstream-07ecb7cf/Mage.Sets/src/mage/cards/a/AbandonHope.java",34BD84ED7EE3E0A69D5B80ADF59ECFD77E19FA6ADEA96CD14870AF42DC95C00E,1299
"source/upstream-07ecb7cf/Mage.Sets/src/mage/cards/a/AbandonReason.java",8006058C0E7D70978652E443246DC2F75D142436F071BE9D39CB0F76B28AF042,1683
"source/upstream-07ecb7cf/Mage.Sets/src/mage/cards/a/AbandonThePost.java",58F472275636833E2D55B1AB227BA14B04A2A129FE958DCFE54CA89B81454356,1172
"source/upstream-07ecb7cf/Mage.Sets/src/mage/cards/a/AbattoirGhoul.java",EACCBC2AA4313B7F90FD5A928FF0040AEDE05BEF9E715FD43D77005A5A45B610,2223
"source/upstream-07ecb7cf/Mage.Sets/src/mage/cards/a/AbbeyGargoyles.java",6C0E584FB944385E3C9AED6B1713A14CEB8CC3F5DFD2CDD7ED311C66E015DBAA,1026
"source/upstream-07ecb7cf/Mage.Sets/src/mage/cards/a/AbbeyGriffin.java",0889F2E7DA88025BE9073C018859AD4BFF2FB98E3583B544CD7B5C57AD024F3C,941
"source/upstream-07ecb7cf/Mage.Sets/src/mage/cards/a/AbbeyMatron.java",028C5916888257FEC9093D8743E9346A6772878C0AEA437CC3B264DA9F0F1F2B,1337
"source/upstream-07ecb7cf/Mage.Sets/src/mage/cards/a/AbbotOfKeralKeep.java",B91EE6415E3A23F3503D82DD59D9C488B69FDA8DB2068FAB6FD05D30166E0B56,1295
"source/upstream-07ecb7cf/Mage.Sets/src/mage/cards/a/AbbyMercilessSoldier.java",F42FA4C27A3523ED01E524AA08926E8E1ABF973A61EDCC53C6551E1CCF235737,2146
"source/upstream-07ecb7cf/Mage.Sets/src/mage/cards/a/AbdelAdrianGorionsWard.java",5710AEF9DFF8ADE2434E264643D2F54CD1D3BC37C77280BF2550D3A277B9E5E9,3795
"source/upstream-07ecb7cf/Mage.Sets/src/mage/cards/a/Abduction.java",E5AB7AF2D7AED035E21F5F0CC92FBD54FA6A883607A4929DB483FABDFAE06886,2174
"source/upstream-07ecb7cf/Mage.Sets/src/mage/cards/a/Aberrant.java",F409B8973D44E4C58B4F722A2725B141970823FE9BBE741BC1F0FC81232E4566,1957
"source/upstream-07ecb7cf/Mage.Sets/src/mage/cards/a/AberrantManawurm.java",49DB02F8CCDCDF02E2379F14BE1BBEFE96567C1F90C1EE425FB491C4322DB36C,2472
"source/upstream-07ecb7cf/Mage.Sets/src/mage/cards/a/AberrantMindSorcerer.java",00C64EAF605F508407127A12350210EF1AC3C22D1FDEEA6A00DEB1A2189132BB,3193
"source/upstream-07ecb7cf/Mage.Sets/src/mage/cards/a/AberrantResearcher.java",FDC43EE943E8C890B5B831732F9228041C5CE61C1FBD6F4FABDB6D26F8FFE3EA,2704
"source/upstream-07ecb7cf/Mage.Sets/src/mage/cards/a/AberrantReturn.java",97D68BAB6A09932D2E94659B39C366E9ACF7D60A466049A954F27C25FECA6B15,1407
"source/upstream-07ecb7cf/Mage.Sets/src/mage/cards/a/Abeyance.java",0A0EA67221D59B6B96C7C3ACD5CDCE9E1740849F95101737A1D80084094BB7B4,3264
"source/upstream-07ecb7cf/Mage.Sets/src/mage/cards/a/AbhorrentOculus.java",00D9AE4D9C82D48AEFC58D696DE1ACBB46C1D078E6C3AEBC03ABBC19E67254EE,1639
"source/upstream-07ecb7cf/Mage.Sets/src/mage/cards/a/AbhorrentOverlord.java",3318E13DA6FFAB927916732ACD2D59B1A96B840A65E5D18E2FFFD3E6912735DD,1998
"source/upstream-07ecb7cf/Mage.Sets/src/mage/cards/a/AbidingGrace.java",1334ADB123314CF884739E86600DD6359FD24227B12EEBF1FD66654059FFC73F,1750
"source/upstream-07ecb7cf/Mage.Sets/src/mage/cards/a/AbigaleEloquentFirstYear.java",6C49AFDEE3FCFB92518ADC514DBC94A70F57E2BDE3D1AAE329908329C7870A50,2626
"source/upstream-07ecb7cf/Mage.Sets/src/mage/cards/a/AbigalePoetLaureate.java",1DCC4A9320DE96FCF84B5DD58B93F1B0DB9A58104E611123FC1C58854CE8AFDE,1945
"source/upstream-07ecb7cf/Mage.Sets/src/mage/cards/a/Abjure.java",88C8CD8F27CA952D9E3DC9ED2549B0D27B971496ACC2AA437C2F4C49DC460A4C,1347
"source/upstream-07ecb7cf/Mage.Sets/src/mage/cards/a/AbnormalEndurance.java",0DC20A67653F3413BAA513B03602A522CECCB4C16901AF87A7B15C26589C20E4,1907
"source/upstream-07ecb7cf/Mage.Sets/src/mage/cards/a/AbolethSpawn.java",A40DF70D9D40ECF3DE06B42061D2A7EC51A3C24D8B43E3D9A14A4BF7ED58BBDF,3730
"source/upstream-07ecb7cf/Mage.Sets/src/mage/cards/a/Abolish.java",A315A8AD465DF1401734564D2649D5B37F519CBF7C2A16F57BA192E5A048C136,1447
"source/upstream-07ecb7cf/Mage.Sets/src/mage/cards/a/AbominableTreefolk.java",49ADAC28ACA6E0E514B6023CA4BA614165C43F40BDB0DCC64C128D6EDB70BDD5,2506
"source/upstream-07ecb7cf/Mage.Sets/src/mage/cards/a/Abomination.java",55A63A4D0AC9059F5605BE0CC17AC73A0B2BAE24FBC4285B25B9BF5E2086037F,1895
"source/upstream-07ecb7cf/Mage.Sets/src/mage/cards/a/AbominationIrradiatedBrute.java",E4C8DA470E17BEDAB5AEE3139FE5837E7CEABA971CFE25508D52FE7BCE6BDB34,2130
"source/upstream-07ecb7cf/Mage.Sets/src/mage/cards/a/AbominationOfGudul.java",055E5A4BE49E3609560ED54DA9BAB1A0B6323A89714B9C9D7760B7EE59FFEC76,1602
"source/upstream-07ecb7cf/Mage.Sets/src/mage/cards/a/AbominationOfLlanowar.java",95149FCEE888F7B51AA61B016DDBAFE827EA5430F1996FFAAACA16CCE1EF168C,2347
"source/upstream-07ecb7cf/Mage.Sets/src/mage/cards/a/AbominationTerrifyingTitan.java",BB0AC861A65CC48DB5AD811DD1585F0675C87276A5DD3A00E7A74CC44020D9BB,1986
"source/upstream-07ecb7cf/Mage.Sets/src/mage/cards/a/AbominationWorldRavager.java",B91FD8469F7C1188374271CBFDD306D79EAB6CB5D7A92FA8FA5F6B8F27B0CB0F,1313
"source/upstream-07ecb7cf/Mage.Sets/src/mage/cards/a/Aboroth.java",0CA52C679C0045C7D506CE145A7C9958C45AA51EC6465368C4A2F9DEC54E4E3E,1043
"source/upstream-07ecb7cf/Mage.Sets/src/mage/cards/a/AboshanCephalidEmperor.java",E7C5C95D94EC4EE9400AA3A0381B31312332DF122CA756E3CF4AA5657C22B1A3,2365
"source/upstream-07ecb7cf/Mage.Sets/src/mage/cards/a/AboshansDesire.java",AE78F7B16A6E73E45A5B8999A29410BDBC01664CBEF349439350AAAFE651CEEB,2179
"source/upstream-07ecb7cf/Mage.Sets/src/mage/cards/a/AboutFace.java",1786277B79CC6F699BEFA3BF496465074CD46CB90CAD149763F82C83B07B44EF,857
"source/upstream-07ecb7cf/Mage.Sets/src/mage/cards/a/Abrade.java",B122CA96BC1B36E16B73A438CEFD8AF275DB38532D9A1EFA3D80A5740183A878,1152
"source/upstream-07ecb7cf/Mage.Sets/src/mage/cards/a/AbradedBluffs.java",9F877863E7E9B775CE8AF921F03719EC2F70AD2E1BFA9867D8FA7FE41BCD1505,1478
"source/upstream-07ecb7cf/Mage.Sets/src/mage/cards/a/AbruptDecay.java",8CB184A3D18C8BF68729F439D5DAC1D48800F16A920E86817BFE4DBB499ACCB9,1406
"source/upstream-07ecb7cf/Mage.Sets/src/mage/cards/a/AbsoluteGrace.java",0531228095EF543BA397F03BDBA8CF86FEDBD63CFB094D1A9557026B157A35CE,1148
"source/upstream-07ecb7cf/Mage.Sets/src/mage/cards/a/AbsoluteLaw.java",55E50A04BF5391AB9AC6A0C4DEC2E48710E531255D82E8ADA9ABCC03B45FE4F4,1081
"source/upstream-07ecb7cf/Mage.Sets/src/mage/cards/a/AbsoluteVirtue.java",75B1CDBF4D1B77EF5EEE0B7EF1C140B841FBAF151D81D6981E7B2A74A9F17A0B,1511
"source/upstream-07ecb7cf/Mage.Sets/src/mage/cards/a/AbsolverThrull.java",1E36C4C9B670F509614CE6C21C75C43D112938F13BF0067FC29ECC0AA031CEC3,1316
"source/upstream-07ecb7cf/Mage.Sets/src/mage/cards/a/AbsolvingLammasu.java",39A8397F4902A88D904A12A3504820EE68D9EB34FE5D1A1E89F1E58742561FC9,2767
"source/upstream-07ecb7cf/Mage.Sets/src/mage/cards/a/Absorb.java",110EEF3505E59AE0A7000B49209E59B748619E8C39BA71B6310D8FC44CBFA33D,890
"source/upstream-07ecb7cf/Mage.Sets/src/mage/cards/a/AbsorbIdentity.java",9BE3CAE27865687E6203F6D9C13F3A25D6D723E9430C27A743C1C69B778E0FFD,2773
"source/upstream-07ecb7cf/Mage.Sets/src/mage/cards/a/AbsorbingMan.java",47D758650D7D9027630C7D5C109D8A75C581C0B16DB3FC7FFA1F7212C9DEA803,3323
"source/upstream-07ecb7cf/Mage.Sets/src/mage/cards/a/AbsorbingManAndTitania.java",282DAC8E7132171B45D4E4BC5961E87F51369A932B9F52DE6E5361E1B0D58ED5,2675
"source/upstream-07ecb7cf/Mage.Sets/src/mage/cards/a/AbsorbVis.java",FF920D92E24636B20ECCC90A5871F93F0D291D451BD0B49E2664175AC326A30D,1083
"source/upstream-07ecb7cf/Mage.Sets/src/mage/cards/a/AbstergoEntertainment.java",95B69DE3BDE3A52DE21905606ACDB0EA6BFAD04E2722D9D162ABC3E7832AF698,2287
"source/upstream-07ecb7cf/Mage.Sets/src/mage/cards/a/AbstractPaintmage.java",E717967C647499430BFDBD77A1EFE0CE255510D18588F25DAB7E5496F02CD7B9,1442
"source/upstream-07ecb7cf/Mage.Sets/src/mage/cards/a/AbstractPerformance.java",4E9C552E646E5C0C30F90856BDD8D6A2EDBD82541754D8D3964BDEB0CE5D2D48,6519
"source/upstream-07ecb7cf/Mage.Sets/src/mage/cards/a/AbstruseAppropriation.java",EFB0A33C94DFB231D5DE8EB8A7A0070CAA866F841923F13EE32A6C3C69EC152F,4884
"source/upstream-07ecb7cf/Mage.Sets/src/mage/cards/a/AbstruseArchaic.java",D98DC2F86AF6CC64533CDBEC6B5214F983CFC955E827BE6616818935F5916EAF,2390
"source/upstream-07ecb7cf/Mage.Sets/src/mage/cards/a/AbstruseInterference.java",EFCAC1C0C4AB134F4DF58A4253FEFBC2A9A9D3BE2F19DFBA94787A21DEDCA54F,1584
"source/upstream-07ecb7cf/Mage.Sets/src/mage/cards/a/AbueloAncestralEcho.java",AD95FE3D7577C7064B2CA53B85A82ACE63902ADFF40FDA761BA65653285E02DD,1905
"source/upstream-07ecb7cf/Mage.Sets/src/mage/cards/a/AbuelosAwakening.java",F1C4180A7BC9BBAF21D88048CDF14B13129D32F674C1603553BD581F7E557CA4,5457
"source/upstream-07ecb7cf/Mage.Sets/src/mage/cards/a/AbuJafar.java",E29CE49DD4C25B6E8E008049E3F405CBFA1B04A01EA882178269A611F83050CE,1383
"source/upstream-07ecb7cf/Mage.Sets/src/mage/cards/a/AbunaAcolyte.java",CB9311B8355A53F4CD6BE9D2BF15074F44CE5C09697A1D5311D0BE184D7648C7,1843
"source/upstream-07ecb7cf/Mage.Sets/src/mage/cards/a/AbunasChant.java",49D6445276318FCC059DB54757901503B918C7A6C9D0DB0EDB3464971D756941,1392
"source/upstream-07ecb7cf/Mage.Sets/src/mage/cards/a/Abundance.java",779F5ADA5FFD8386DF2D8FE97DFBAA2FD8B70344E515AC4B071FC3447FE4AE34,4162
"source/upstream-07ecb7cf/Mage.Sets/src/mage/cards/a/AbundantCountryside.java",71220B8C167A98F777FC4978068007776BDE74626F5D9977D97935A9D70F2913,2102
"source/upstream-07ecb7cf/Mage.Sets/src/mage/cards/a/AbundantGrowth.java",AAADC363640AEA13B19B7A45B6C0A38C6A417C16C9AC74A92FAFB1E60FE65BEF,2048
"source/upstream-07ecb7cf/Mage.Sets/src/mage/cards/a/AbundantHarvest.java",B51E9E2B5D4B57B08836C4925C5FE5A91A288A39C68A00274432F065EA21ABA7,2608
"source/upstream-07ecb7cf/Mage.Sets/src/mage/cards/a/AbundantMaw.java",A955F474A93E5EB068581F26153F395FC137024C21D0891EF72AEB695983496A,1495
"source/upstream-07ecb7cf/Mage.Sets/src/mage/cards/a/AbyssalGatekeeper.java",BC92330FE42379751E3F6CEE3B6CF65D4F258BD8D3928CE356D832D72CC666F2,1088
"source/upstream-07ecb7cf/Mage.Sets/src/mage/cards/a/AbyssalGorestalker.java",E4AD0106CB1267E2FCE8A2AFF4A4474545D78ACD368C031E13A1F4D1C57DE3CC,1139
"source/upstream-07ecb7cf/Mage.Sets/src/mage/cards/a/AbyssalHarvester.java",390BDD0D14297555200390E04732C7AA07E36180C322C1C08A615CCCD18344DB,4397
"source/upstream-07ecb7cf/Mage.Sets/src/mage/cards/a/AbyssalHorror.java",FCB021A27E1DBC881F841849472B46A719E4CECB0B18A6E974D5494CB1CF7EA7,1192
"source/upstream-07ecb7cf/Mage.Sets/src/mage/cards/a/AbyssalHunter.java",F5DF4B1E082289DFF5DD9B0765540419D180A0822327AEAEDEFEF7C2A0F558AC,1821
"source/upstream-07ecb7cf/Mage.Sets/src/mage/cards/a/AbyssalNightstalker.java",D53269B72AEF1AB4915EDF47CC37610D70251F63548757A04458D70550F3BA74,1296
"source/upstream-07ecb7cf/Mage.Sets/src/mage/cards/a/AbyssalNocturnus.java",BFCF6D4957618484550BF7AC724853D2B70C5EF276C1112DA656E5659CDF9FD8,1721
"source/upstream-07ecb7cf/Mage.Sets/src/mage/cards/a/AbyssalPersecutor.java",4F906D6FD40723762DF38A39717748A378756268DB42062330F3BB67381C360C,2507
"source/upstream-07ecb7cf/Mage.Sets/src/mage/cards/a/AbyssalSpecter.java",2FF839840767EB2BEA69FBDCFEBC76D7C9E562AED25E6AED9C7A62C13D0E154A,1199
"source/upstream-07ecb7cf/Mage.Sets/src/mage/cards/a/AbzanAdvantage.java",6A0571ED44CF389AA799F72C40BE60903B60E65CC2560335962731D593F5AC21,1044
"source/upstream-07ecb7cf/Mage.Sets/src/mage/cards/a/AbzanAscendancy.java",11C3C4B43D09B1C7D2ABF4B1CC35E1F29FC736D2F09196D1F6418ACEF3DDF219,1634
"source/upstream-07ecb7cf/Mage.Sets/src/mage/cards/a/AbzanBanner.java",08C8786C8E537C0DDD48D6F59D38005CC8BB2447145535090ABA40505DE5636A,1509
"source/upstream-07ecb7cf/Mage.Sets/src/mage/cards/a/AbzanBattlePriest.java",9FB912375CD8D19343CAAFA934E537F3476286FC75BC03E8D12630560B42C2BC,1589
"source/upstream-07ecb7cf/Mage.Sets/src/mage/cards/a/AbzanBeastmaster.java",59D27CB2D3D9CADD7FDAC26D87845C86DD1F210D12B6A172BB6A7BA6DC29103A,1533
"source/upstream-07ecb7cf/Mage.Sets/src/mage/cards/a/AbzanCharm.java",334FE83CD7342BBCA8C7F977E9D4E3DED6822810101B7842D6121D20543232C3,2040
"source/upstream-07ecb7cf/Mage.Sets/src/mage/cards/a/AbzanDevotee.java",3E5B50BECC21164543DC31613069FECC7A6C2365F3AEB72ED4B632F3B6133E2B,1687
"source/upstream-07ecb7cf/Mage.Sets/src/mage/cards/a/AbzanFalconer.java",12723ED8E6C7EF1B7884B294626804EAFF1222F6E6EE386B49FC77C2837F1FA8,1459
"source/upstream-07ecb7cf/Mage.Sets/src/mage/cards/a/AbzanGuide.java",55653AD2318125E4EFF67D205DAC8264AC53DA63C4F796B24E8D60C4B2EE93C0,1079
"source/upstream-07ecb7cf/Mage.Sets/src/mage/cards/a/AbzanKinGuard.java",0DD222CE6326AC751800A560371776E12DF5131D7AC4905A6E8B513582A7A56D,1997
"source/upstream-07ecb7cf/Mage.Sets/src/mage/cards/a/AbzanMonument.java",ABDB24F8FE053CC6BADA860DA27F1C9968CD489EBE9570A438BA58AAEC0A2199,3362
"source/upstream-07ecb7cf/Mage.Sets/src/mage/cards/a/AbzanRunemark.java",C567C9FA67E5B3D8C5D5E288504DBD34652AE54170E894D1EA070ADCAD3CF243,2543
"source/upstream-07ecb7cf/Mage.Sets/src/mage/cards/a/AbzanSkycaptain.java",5484A9166100547D3B73B38E0D03A7C81A460A261CC533703010A2D99958C24D,1125
"source/upstream-07ecb7cf/Mage.Sets/src/mage/cards/a/AcademicDispute.java",F4E9972BF62FAF7BC03FDCEF8AEC1AA8C060A16EA73FFDC75A492067FA69CBF2,2774
"source/upstream-07ecb7cf/Mage.Sets/src/mage/cards/a/AcademicProbation.java",B5205F8D0179DC91C01CF5B3FBA6DB9CBE0B81E42194A1A330DC686D75634056,3312
"source/upstream-07ecb7cf/Mage.Sets/src/mage/cards/a/AcademyDrake.java",1757C2666D3EFB632AAD7A4CC3D0F80C43DD0102BD8D70EB9D79FA52446DBBFB,1435
"source/upstream-07ecb7cf/Mage.Sets/src/mage/cards/a/AcademyElite.java",A5789E5A6E4BB3DF81C8718B7008DA9780A0AD60B88581030F9B74251B7CF69F,2153
"source/upstream-07ecb7cf/Mage.Sets/src/mage/cards/a/AcademyJourneymage.java",1889FFF34BB37118D893A1FF187F4DF9506A561453467BC9621D678332EE2FA5,2319
"source/upstream-07ecb7cf/Mage.Sets/src/mage/cards/a/AcademyLoremaster.java",421F8274079E4964D34A9B2ACC91AD7F3F7BA70C42F4209AA9CA2E7E8DF2689F,2409
"source/upstream-07ecb7cf/Mage.Sets/src/mage/cards/a/AcademyManufactor.java",DCA50E365717F151A8662C065710E5FCE628BEC19127CB3535C53F57A7894968,3551
"source/upstream-07ecb7cf/Mage.Sets/src/mage/cards/a/AcademyRaider.java",AC7AB216FBBD867595E9474EE5AF8C3D80CEEAE6C59D3CC763F55FA179DF6063,1418
"source/upstream-07ecb7cf/Mage.Sets/src/mage/cards/a/AcademyRector.java",D6A7A88D1F932E82B4BA417E5669FA4BD3F33CC6317C1BAA2A52925830FCD901,1645
"source/upstream-07ecb7cf/Mage.Sets/src/mage/cards/a/AcademyResearchers.java",6FA200C36C92E3A6FB5232CF9119282FCDC831CB04569C902F417F9D7DAED164,3346
"source/upstream-07ecb7cf/Mage.Sets/src/mage/cards/a/AcademyRuins.java",C7047D8041D8D3D2D44CF12382242139CB39176A1FEDC0E49C8FE0ABD585A481,1506
"source/upstream-07ecb7cf/Mage.Sets/src/mage/cards/a/AcademyWall.java",9326FAD79A081BB1295BD71998D7F8DDFA042FCAF75BFE134DDC5FFC0BF2D25A,1397
"source/upstream-07ecb7cf/Mage.Sets/src/mage/cards/a/Accelerate.java",F22FBCE4A9B877DE17A8C6A9DD320A32D8162932C2162C616092E54CBAE04C25,1170
"source/upstream-07ecb7cf/Mage.Sets/src/mage/cards/a/AcceleratedEvolution.java",9A953B608A39B519F23EEA24D9ADD9289A5B59C4EC115D0EADCCF3BFAEFCB2CA,2090
"source/upstream-07ecb7cf/Mage.Sets/src/mage/cards/a/AcceleratedMutation.java",D58D254A0D2CD8E5BA7E00D068F62813FD3C4CD2ED497044D8D938A168C218A8,1389
"source/upstream-07ecb7cf/Mage.Sets/src/mage/cards/a/AcceptableLosses.java",799FE91110357F6135B372175F2DA21A45836AA5F8E21FBD1A4AAEC562FDB566,1082
"source/upstream-07ecb7cf/Mage.Sets/src/mage/cards/a/AccessDenied.java",1A4470A20A1D655DE77231E77E7D1886106CA952B87E5E52C8367C061BA5E5A3,1990
"source/upstream-07ecb7cf/Mage.Sets/src/mage/cards/a/AccessTunnel.java",B089D72DE10069EE43367E45A3AEC55209E24F7C30348587093F862A45511524,1743
"source/upstream-07ecb7cf/Mage.Sets/src/mage/cards/a/AcclaimedContender.java",9E9B54DE7DFFEA43DF9FFA99B44CBBF4C66A75508D656223849CDA241D6741C0,2632
"source/upstream-07ecb7cf/Mage.Sets/src/mage/cards/a/AccomplishedAlchemist.java",DD65F9D7993BDC766A7D6CA797EC32A9D6717938EFE9D3629559BCE59E201BCE,1619
"source/upstream-07ecb7cf/Mage.Sets/src/mage/cards/a/AccomplishedAutomaton.java",B793DBB19C3C3DA6A3534DEA4AA60E1F45715B51C62E0080ED4605BB0A431EF6,904
"source/upstream-07ecb7cf/Mage.Sets/src/mage/cards/a/AccorderPaladin.java",46C565C18644019EA1DD75D87CA01D634C6B153B3E5B5EA920F93EBC692D8AE7,867
"source/upstream-07ecb7cf/Mage.Sets/src/mage/cards/a/AccordersShield.java",C33EBB164823067561507A272C8AF6DA093F7BBFFE59E33930EECC8129E74767,1276
"source/upstream-07ecb7cf/Mage.Sets/src/mage/cards/a/AccumulatedKnowledge.java",C006380E2A7E1489E8AE69720EECEE2FAC372E941F2545DE62795829B3D3807A,1498
"source/upstream-07ecb7cf/Mage.Sets/src/mage/cards/a/AccumulateWisdom.java",21BA9AEAD0AFADDE1567FDAA38BE1179595A4F772882B12AD48112C545D98799,1812
"source/upstream-07ecb7cf/Mage.Sets/src/mage/cards/a/AccursedCentaur.java",F4ACE861A115CC406FF03B696FEEE71961C6098985EF06F13DD12A6EC3574761,1165
"source/upstream-07ecb7cf/Mage.Sets/src/mage/cards/a/AccursedDuneyard.java",4D2BE3CD899AC36B0CA9A6195F8DCD5F8678B31749843A941E698C3A761DE7B1,1956
"source/upstream-07ecb7cf/Mage.Sets/src/mage/cards/a/AccursedHorde.java",66D88922C73882C8A49E8CDD56A0A3FDB0A7CF2A22F4D4C5F60C0D7C0C5EC6D8,1649
"source/upstream-07ecb7cf/Mage.Sets/src/mage/cards/a/AccursedMarauder.java",4B9F285FB83BA0D83C5941C3E1DA69895BB40D0FFF8AA33AEA192C4F805C91CE,1430
"source/upstream-07ecb7cf/Mage.Sets/src/mage/cards/a/AccursedSpirit.java",5A57115E3DB0BC91945DB42B635EB4FB9C2BA761B5201EED0D8003840A2E5132,853
"source/upstream-07ecb7cf/Mage.Sets/src/mage/cards/a/AccursedWitch.java",7B30545C4103F353186B7D95AFC0FAAF33B68C414E824C258A39160712C498AF,6818
"source/upstream-07ecb7cf/Mage.Sets/src/mage/cards/a/AceFearlessRebel.java",06D7CA785967FCD035742456617D0B75972B75C89E9A6DD7C4C32646650930A7,2736
"source/upstream-07ecb7cf/Mage.Sets/src/mage/cards/a/AcererakTheArchlich.java",4812EA5F4443F1FF8BFA7C89C618B488DC4E1D9B0142E4F4E8C33EC06E6A257B,4291
"source/upstream-07ecb7cf/Mage.Sets/src/mage/cards/a/AcesBaseballBat.java",348CAE2E38203F0BF015B87C8C2165C45E6609DD8733818C4C782296CDDE3B72,2991
"source/upstream-07ecb7cf/Mage.Sets/src/mage/cards/a/AchHansRun.java",B8BF3612122E049D77625250AAF08A328E4237A043B96D3B3B540CF4E0BA8A88,4231
"source/upstream-07ecb7cf/Mage.Sets/src/mage/cards/a/AchillesDavenport.java",37EFC75F9ABF1D9DE018C382371210AC6ECB3C830B9B71A55B190BCEA12FFCA2,1647
"source/upstream-07ecb7cf/Mage.Sets/src/mage/cards/a/AcidicDagger.java",A970A7D509762D52920488C5EB0AED30DFBB01A8B0BE52D9AC74178938BB5161,5527
"source/upstream-07ecb7cf/Mage.Sets/src/mage/cards/a/AcidicSlime.java",E8CDB8A0AA6B41531D97D428807737D7DF354965343107135976A736C4538AD5,1663
"source/upstream-07ecb7cf/Mage.Sets/src/mage/cards/a/AcidicSliver.java",E3E968A0266BBCE32A04019127DEB4ACEAF377B43328BF1CC93005338B57E109,1859
"source/upstream-07ecb7cf/Mage.Sets/src/mage/cards/a/AcidicSoil.java",1F2ADC7FEE081E6230EE6C99DDC6825A98967C71483D5231FBEB31AC7AE0D972,2156
"source/upstream-07ecb7cf/Mage.Sets/src/mage/cards/a/AcidRain.java",D6CEF6312F59B2DEF5E7AE0A7C83BE23B269FB6D9DA0315BB33D454526BF5E9B,904
"source/upstream-07ecb7cf/Mage.Sets/src/mage/cards/a/AcidSpewerDragon.java",11A44D9F1E7F391AC9BE6A042BD472730A587E3CBB0830D40FFA0C38B675995D,2039
"source/upstream-07ecb7cf/Mage.Sets/src/mage/cards/a/AcidWebSpider.java",7E823E761E5A74130AEEB6C620B777A9FBE8EA11761981F2D6813F6EFB658A6E,1260
"source/upstream-07ecb7cf/Mage.Sets/src/mage/cards/a/AcklayOfTheArena.java",25D10364CC0BA10DE6EB89CC44BE4B83FBBC0E9669464C7E748F74277D23B767,1510
"source/upstream-07ecb7cf/Mage.Sets/src/mage/cards/a/AclazotzDeepestBetrayal.java",5FF33CB44AA9B821687C673E52CD8AF81ECEDE72027096C2D5B4F28B5D86C028,7691
"source/upstream-07ecb7cf/Mage.Sets/src/mage/cards/a/AcolyteHybrid.java",EE3EBADB542776DEC1927E17EBDD2A31C3A950650076277AE3F657AA18A9E1E8,2364
"source/upstream-07ecb7cf/Mage.Sets/src/mage/cards/a/AcolyteOfAclazotz.java",4B06B56E4D0156E389F63361FA81FF4DBB0EAC4D41E72D2715F758AF3C155CD3,1549
"source/upstream-07ecb7cf/Mage.Sets/src/mage/cards/a/AcolyteOfAffliction.java",A9856688611F6BC36136051EE6F8812ED26C37148EFBCF2357023A700DE49FBB,1687
"source/upstream-07ecb7cf/Mage.Sets/src/mage/cards/a/AcolyteOfBahamut.java",4C3947432AF6D15C905FF5224FF031DC5069F14F7D969CDC74795A344F3D94AB,3126
"source/upstream-07ecb7cf/Mage.Sets/src/mage/cards/a/AcolyteOfTheInferno.java",2CF4024363CCFE3236F1B48275E6DE74A0B0292F8D3567D0E0B2EA2C2680F9FD,1338
"source/upstream-07ecb7cf/Mage.Sets/src/mage/cards/a/AcolyteOfXathrid.java",D9BA9116E88B89BF16631F0FE4A63B057D4537F7B35CEED52FFA5D401FEA8A34,1340
"source/upstream-07ecb7cf/Mage.Sets/src/mage/cards/a/AcolytesReward.java",61D89EE4CCD10957794CCE335FDA4CD61E8099D155CA2DD5F174BF40710E0A6A,3057
"source/upstream-07ecb7cf/Mage.Sets/src/mage/cards/a/AcornCatapult.java",A7C49DDB090AA6E9EFEBD6AEE4152084924D18363354C0516F45B8C9B46C556F,2548
"source/upstream-07ecb7cf/Mage.Sets/src/mage/cards/a/AcornHarvest.java",870301583598D68F02AE8744DB221A162AC15EC4717ADA161E6654DA823A8CFC,1193
"source/upstream-07ecb7cf/Mage.Sets/src/mage/cards/a/Acquire.java",1E6B06182337AC247E17B37D3A1DEA57982610826C94FEB009CBEB13C5B14E7E,2370
"source/upstream-07ecb7cf/Mage.Sets/src/mage/cards/a/AcquiredMutation.java",A9CD4F948BF0EEDD9EAB5F84003F91A817D3986DBEE0A145810ABB1284C3AF5B,2069
"source/upstream-07ecb7cf/Mage.Sets/src/mage/cards/a/AcquireTarget.java",CA231538889DC25083CD01883ABCB264E849BF6CA6CDCE86A460976CC1E3FE1A,1648
"source/upstream-07ecb7cf/Mage.Sets/src/mage/cards/a/AcquisitionOctopus.java",CC5E53FFFD4082669324A4596C3E6609FDF161F1E69F98229C9B4CB2C3C7B5A8,2584
"source/upstream-07ecb7cf/Mage.Sets/src/mage/cards/a/AcquisitionsExpert.java",EA2A17EC2D73E58A4DEBD894FC879785BB5F186582273061AE538343FE5B288D,1912
"source/upstream-07ecb7cf/Mage.Sets/src/mage/cards/a/Acridian.java",5B63159C2414146B3951A57787982929E53629E097C834DBBD1173B1F06C7AA7,784
"source/upstream-07ecb7cf/Mage.Sets/src/mage/cards/a/AcrobaticCheerleader.java",02015B37E42A36FEC550DA00B5F0F23B3BFFC7BF2FA17A87CA34DED215DA568A,1413
"source/upstream-07ecb7cf/Mage.Sets/src/mage/cards/a/AcrobaticLeap.java",7219FA92BBB72C67D0F1EA2216CAAF3A02994E82D9041D07C60D1F316C87520C,1448
"source/upstream-07ecb7cf/Mage.Sets/src/mage/cards/a/AcrobaticManeuver.java",995D83DB779A55AD4A5DAF51734D6488A209DE9A5C57B2B1107E74D8C9CBFDE3,1171
"source/upstream-07ecb7cf/Mage.Sets/src/mage/cards/a/ActionNewsCrew.java",4B657F5790FC195F4B9C2CAD735B27D6E265C7C515C65C3A6EF271EC49E91375,1567
"source/upstream-07ecb7cf/Mage.Sets/src/mage/cards/a/ActivatedSleeper.java",FE46A46A8C305DBDD7CE2DC15011F0B06209EA805CFE36CF4127DC01DEDF488A,3820
"source/upstream-07ecb7cf/Mage.Sets/src/mage/cards/a/ActiveVolcano.java",C605FB4464820FF863B0F9D1389B86D46CA9A8B269057A0011ABFF27EEA1F40D,1620
"source/upstream-07ecb7cf/Mage.Sets/src/mage/cards/a/ActOfAggression.java",6EF4DE016A9B317FACC81843BDA830912F3662C04CECDFD5260936581279D4AE,1493
"source/upstream-07ecb7cf/Mage.Sets/src/mage/cards/a/ActOfAuthority.java",14FC1374F875CCC46DE57E790B44DA5BF986E4367C435A7C0AFEF0160CFF3105,4271
"source/upstream-07ecb7cf/Mage.Sets/src/mage/cards/a/ActOfHeroism.java",AEE55FA48AF7F44142536A69EA55B70A3C90657968FD1ADE9FDF066E16B82DCC,1593
"source/upstream-07ecb7cf/Mage.Sets/src/mage/cards/a/ActOfTreason.java",FDF69F488030B2DCF29B15D1FEFD0F23C8603BE004D7E62A28BB97BB0F8BA0C3,1482
"source/upstream-07ecb7cf/Mage.Sets/src/mage/cards/a/ActOnImpulse.java",1805F381CEF904EB60796B3F7BF2EE318D3520FEDF970206403EF5348722C043,1088
"source/upstream-07ecb7cf/Mage.Sets/src/mage/cards/a/AdagiaWindsweptBastion.java",41DFDEA2F9136D9A8AB54246C368D6F802746304A59A639DC5A28DE1F12122BC,2290
"source/upstream-07ecb7cf/Mage.Sets/src/mage/cards/a/AdamantWill.java",9CBCC3B4C572F462F105953BEED82896F743F83959C4BAC4A8A890F1CD04A3CE,1401
"source/upstream-07ecb7cf/Mage.Sets/src/mage/cards/a/AdamaroFirstToDesire.java",F9EC38BE327496A661137427CB28771576DE9B119EFE1AE409DCD732E19B21E6,2262
"source/upstream-07ecb7cf/Mage.Sets/src/mage/cards/a/AdantoVanguard.java",9BBA25D3B68CEB4F3344E511FB7D8959FBF585079648911DAB8EB7D8B5D99931,1935
"source/upstream-07ecb7cf/Mage.Sets/src/mage/cards/a/AdaptiveAutomaton.java",BFE825405DA655888B38A11D3A82A12CA399B81784C8B487ECF2FF37D402DA0E,2085
"source/upstream-07ecb7cf/Mage.Sets/src/mage/cards/a/AdaptiveGemguard.java",A75984BFCB92AAA61E2C3791223EB7B1ED1CE4BD92B8DB4893CA8090DFB7F265,1884
"source/upstream-07ecb7cf/Mage.Sets/src/mage/cards/a/AdaptiveOmnitool.java",DC1C8EC8B6B7994F8DEAB8A4ABB5B162BD32D51EBB6E6FA2F8989BF482A842B9,2521
"source/upstream-07ecb7cf/Mage.Sets/src/mage/cards/a/AdaptiveShimmerer.java",29E98107CF443E01D663A03211FC845208E03C3CD7BC30685C86338CD877F8EF,1273
"source/upstream-07ecb7cf/Mage.Sets/src/mage/cards/a/AdaptiveSnapjaw.java",159265A15C35A3E3A725C82974D5051CDF7B2C050DBE2FE608CECA9A979DDE36,880
"source/upstream-07ecb7cf/Mage.Sets/src/mage/cards/a/AdaptiveSporesinger.java",9C9238AC315EC8EA91A5A7AF5F8EA3778FAB0A9D625A39E00DA43EF268A9BC57,1974
"source/upstream-07ecb7cf/Mage.Sets/src/mage/cards/a/AdaptiveTrainingPost.java",F11522FEE7538667294E50121B649CF538ED52D34A40BE5013E7210E92635AEB,2189
"source/upstream-07ecb7cf/Mage.Sets/src/mage/cards/a/AdarkarSentinel.java",6615269CF63E439A8346BDFB90F63C435339C936402E6EC7517A6717EFF17E65,1237
"source/upstream-07ecb7cf/Mage.Sets/src/mage/cards/a/AdarkarUnicorn.java",B4392BA637C9E74207B86ECE9D11DDF266FA2EBB8817BD171AD3FAD04879B8B8,2477
"source/upstream-07ecb7cf/Mage.Sets/src/mage/cards/a/AdarkarValkyrie.java",935BCA35FB64F285A192E4EC462F3A3A65410834F3FEE8B02701631B80F5B680,2375
"source/upstream-07ecb7cf/Mage.Sets/src/mage/cards/a/AdarkarWastes.java",1F94CF4EB63C143CF297A6FA465B9DF0F6BAD1F8FEBD7A31C2A1E52F6478191D,1042
"source/upstream-07ecb7cf/Mage.Sets/src/mage/cards/a/AdarkarWindform.java",105421F3DB5027DB1AFBFC8418035CA62A813C876C70F50019861BC068DCF0BA,1445
"source/upstream-07ecb7cf/Mage.Sets/src/mage/cards/a/AdderStaffBoggart.java",6E72A710F9D317F70F2ED1AC6C5BF196448B13AF3F4AB86F595F4587CD9E576A,1302
"source/upstream-07ecb7cf/Mage.Sets/src/mage/cards/a/AdditiveEvolution.java",7A3E984C174D9D915EE7A82BC750921187F5197CFE7E0CDFFB2E2C4D6420859D,1924
"source/upstream-07ecb7cf/Mage.Sets/src/mage/cards/a/Addle.java",0056D5E904E0529DCFF1816374C921DA0CA918210DB0898FE8D9B071A3C94A24,2300
"source/upstream-07ecb7cf/Mage.Sets/src/mage/cards/a/AdelbertSteiner.java",0307E46CE4FFDF3BE637FB9DB843C372099311858750F68ACDC99C81244B6951,1793
"source/upstream-07ecb7cf/Mage.Sets/src/mage/cards/a/AdelineResplendentCathar.java",3DBD2500EB13655B451AD52CE8F27078FD07B8AD3E2B192DE1042063F10B4FE6,2838
"source/upstream-07ecb7cf/Mage.Sets/src/mage/cards/a/AdelizTheCinderWind.java",EF9382E6CE9D4C8156905E60E1F59CD7E3B317301F38A9F08A193AD219DB3E38,1904
"source/upstream-07ecb7cf/Mage.Sets/src/mage/cards/a/AdeptWatershaper.java",30214F42B3DE6D2E89BBC85FA6650CFE562E7A95576FEDC4FBA4B62EDCC5588F,1556
"source/upstream-07ecb7cf/Mage.Sets/src/mage/cards/a/AdewaleBreakerOfChains.java",ED91101EE8EDFA87B25C6253546759D5FE3E53EEAF25923E48D914D6B6527AC1,2498
"source/upstream-07ecb7cf/Mage.Sets/src/mage/cards/a/AdherentOfHope.java",29017A5E48E73E69E4D826D6DDEA29A93EFE76F0ED087EE094644C7A206E2DFC,1764
"source/upstream-07ecb7cf/Mage.Sets/src/mage/cards/a/AdiposeOffspring.java",3914C5A3F4D0C72F3E033D45ACAB3103EA2E503B52649FFCEFF7DC8C662AE87E,2752
"source/upstream-07ecb7cf/Mage.Sets/src/mage/cards/a/AdmiralAckbar.java",CB8DC0762CB7B9FDCBA8A68FE81186A44C9EC9D50E6D80CF1807852540E31D22,2219
"source/upstream-07ecb7cf/Mage.Sets/src/mage/cards/a/AdmiralBeckettBrass.java",5C61361B9B1C12C4B307A262AE025DDC79D2D3D3B17D422FAF6C912913A794F3,4269
"source/upstream-07ecb7cf/Mage.Sets/src/mage/cards/a/AdmiralBrassUnsinkable.java",0F05C3594D25127D740CB39CAC972F483719355FB0298FA750C40A02ED34BB1F,3117
"source/upstream-07ecb7cf/Mage.Sets/src/mage/cards/a/AdmiralsOrder.java",03053CC9663FFDE5C42026BA960D554041D828A20C7AB3EC599B0685904D41A3,1519
"source/upstream-07ecb7cf/Mage.Sets/src/mage/cards/a/AdmonitionAngel.java",683333DD25F0683AC9C718B09CB956AE0C212E7106766A11E26495F869E093D8,2355
"source/upstream-07ecb7cf/Mage.Sets/src/mage/cards/a/AdNauseam.java",4F18C700A1938EDC5E43343A9A9E8013C7C7F5FAB90239CB1850305522F9721E,2677
"source/upstream-07ecb7cf/Mage.Sets/src/mage/cards/a/AdornedCrocodile.java",5E67F9D28F69DC8FD01EDA6DBB995AF3A47DF329BAE485433B2FA939236597B2,1386
"source/upstream-07ecb7cf/Mage.Sets/src/mage/cards/a/AdornedPouncer.java",38AA8763B0C6DF72C47B91BB2E11F3EB04965574374A813B2D770A15D0B86A49,1036
"source/upstream-07ecb7cf/Mage.Sets/src/mage/cards/a/AdrenalineJockey.java",0C85CEACA77BBB277AAEC45B3D030EF57E6C09BC8EA7EC9626C4426F17E54938,2197
"source/upstream-07ecb7cf/Mage.Sets/src/mage/cards/a/Adrestia.java",5DCF6A76BD517F78E0CDE0B2CDB8033FF073CD4B66ED283BC542FF3BB4483CB4,3890
"source/upstream-07ecb7cf/Mage.Sets/src/mage/cards/a/AdrianaCaptainOfTheGuard.java",CA5606593425EFFFA6023C9B46BAE1E03D948A5DD0B4640CE90454302E75FE81,1373
"source/upstream-07ecb7cf/Mage.Sets/src/mage/cards/a/AdricMathematicalGenius.java",887E386C9679620116A1191D62667724145E672508E5E3D52467196BCE77E55F,2574
"source/upstream-07ecb7cf/Mage.Sets/src/mage/cards/a/AdrixAndNevTwincasters.java",1D789876F2113451C99BB2E78F20669D681BAB5BC59F6D56D3B17E78D28281BA,1428
"source/upstream-07ecb7cf/Mage.Sets/src/mage/cards/a/AdroitHateflayer.java",0D6B305BA1DF8B0EAAA1B1706982F19BE460D6D0F0BB0D85462D0475617C219A,1174
"source/upstream-07ecb7cf/Mage.Sets/src/mage/cards/a/AdultGoldDragon.java",A1D8EADB6CFF3B6C0EE8828D25BFE427F3D142B96EB0C4A4EB3F40B34A9FD41E,1091
"source/upstream-07ecb7cf/Mage.Sets/src/mage/cards/a/AdunOakenshield.java",05A05994669934443F494F2C42A9B7075AA090A7CDF4389E306059FF085EAD80,1612
"source/upstream-07ecb7cf/Mage.Sets/src/mage/cards/a/AdvancedHoverguard.java",D5D1038351061D72AC6FBA14C3023D99E111D57CAC2650FFC556C95F61362D63,1370
"source/upstream-07ecb7cf/Mage.Sets/src/mage/cards/a/AdvancedReconstruction.java",17B53E792D0B5C53E941630F7805182ED0928339188905BC112363136640A293,3931
"source/upstream-07ecb7cf/Mage.Sets/src/mage/cards/a/AdvancedStitchwing.java",A041FB8C7F0A5F601198442AA8E935204B8DE6E793613BA7F760D5E8C3F61A48,1700
"source/upstream-07ecb7cf/Mage.Sets/src/mage/cards/a/AdvanceScout.java",5B99EC13F290AD6A352CDD680C39E469AA93740C0B8B54C5B45483610815FA12,1391
"source/upstream-07ecb7cf/Mage.Sets/src/mage/cards/a/AdvancingTheSpirit.java",C66AD82FFC22D8BAED31A34D2E2E636836A573A4E1080C6AEE806026A3904922,4476
"source/upstream-07ecb7cf/Mage.Sets/src/mage/cards/a/AdventOfTheWurm.java",F796AB1D4D42ACD1985AA0D525B98EC14539B5A0BC0ECC44630E9FFFC3F98390,832
"source/upstream-07ecb7cf/Mage.Sets/src/mage/cards/a/AdventureAwaits.java",5B658BD28914C957A48225C8E5D7DDAE32872DEF7F3EF7103528CDFB45365B3E,1280
"source/upstream-07ecb7cf/Mage.Sets/src/mage/cards/a/AdventurersAirship.java",F8538B1193CC74E855C4AA6DBBD4064312B0ABAC194AC7FEEA08EF0893CB843C,1257
"source/upstream-07ecb7cf/Mage.Sets/src/mage/cards/a/AdventurersGuildhouse.java",239F53B57FE61DC381F0EB113B58D45EAF4F4CA20FA4303354E545E2E3E0A94E,1519
"source/upstream-07ecb7cf/Mage.Sets/src/mage/cards/a/AdventurersInn.java",A88A40054C8A603014057EB6D2EB1939112A3B3BC9A57CB8FDA110162CF25E58,1017
"source/upstream-07ecb7cf/Mage.Sets/src/mage/cards/a/AdventuringGear.java",80AA36F395E412DA6B6D55A118416CD90380E6C8EFC9C73808E8885EC56B25C4,1336
"source/upstream-07ecb7cf/Mage.Sets/src/mage/cards/a/AdventurousEater.java",8FE493A955D0A362DAA4A5D95226A804EA35A522F9A654BCDC786AB784737F56,1586
"source/upstream-07ecb7cf/Mage.Sets/src/mage/cards/a/AdventurousImpulse.java",8A6C96A10A34E6AE78CACAF4AFADCA448052F762069F4800E998A75EEC71BACC,1111
"source/upstream-07ecb7cf/Mage.Sets/src/mage/cards/a/AdverseConditions.java",E07BEE2BF4BA6738E466A0543968FF9883EA9058ED5AD3B95CCABF1C0827F7FF,1579
"source/upstream-07ecb7cf/Mage.Sets/src/mage/cards/a/AdviceFromTheFae.java",9FD352660FCB635B87AAC708BADC1D5CDD874AD0E6B9633ED1176E72DBF73BE4,2499
"source/upstream-07ecb7cf/Mage.Sets/src/mage/cards/a/AdvocateOfTheBeast.java",D136DEEF9C45BB501E63418E0E52443DDC2BE29AA4229A25B0079F0BC2A388D8,1804
"source/upstream-07ecb7cf/Mage.Sets/src/mage/cards/a/AegarTheFreezingFlame.java",ED12416B13C0A2EFFDEFBA8219CC2959B8DD097A24A9E60A8BE1B506ADB2656F,4713
"source/upstream-07ecb7cf/Mage.Sets/src/mage/cards/a/AegisAngel.java",945F3F3A6C962B0B01AE39F761116C1435AA44F4E65155E9E6CC8872B25E2187,1782
"source/upstream-07ecb7cf/Mage.Sets/src/mage/cards/a/AegisAutomaton.java",D82AF9FD0573D4129FB7883064AE00F1B1387C63E6800A22BDC485BF5C870972,1350
"source/upstream-07ecb7cf/Mage.Sets/src/mage/cards/a/AegisOfHonor.java",ED0FBC0C6A4AFB3681DDFE141384A0D918C0E3EE8CEA2B12EE481B9FFBA0ADC3,3037
"source/upstream-07ecb7cf/Mage.Sets/src/mage/cards/a/AegisOfTheGods.java",308C60EC23CB79E0D7E2FF9D38CB4202D7A927ED659EAF3BAC171B5C9F3ECA5B,1194
"source/upstream-07ecb7cf/Mage.Sets/src/mage/cards/a/AegisOfTheHeavens.java",8A95420F20AD441408A012F6CED026F33140650390D035772E8FB843AE45E80F,943
"source/upstream-07ecb7cf/Mage.Sets/src/mage/cards/a/AegisOfTheLegion.java",E619F5EC462FD9038DD763B71C9CD1E07B828732183E4C0D6C1DC7EBAE2BF798,3406
"source/upstream-07ecb7cf/Mage.Sets/src/mage/cards/a/AegisOfTheMeek.java",404F8C4E30FC507DDF9AE6F8A2AA7832E03A99637C5465A816A66614C574D269,1752
"source/upstream-07ecb7cf/Mage.Sets/src/mage/cards/a/AegisSculptor.java",9A14BE7777A3138C843CAA17369CCD948609595E976D71D210B51F7DDD02B445,1773
"source/upstream-07ecb7cf/Mage.Sets/src/mage/cards/a/AegisTurtle.java",F7B79880806E5A6D4CF113368136E37892D43EE8E0EC45EBA090F115C30008B8,704
"source/upstream-07ecb7cf/Mage.Sets/src/mage/cards/a/Aeolipile.java",6EB21FB0CA4F38615236F6AB4DCEA5E206A1275CBE9F90197ECC84962A3CA89B,1267
"source/upstream-07ecb7cf/Mage.Sets/src/mage/cards/a/AeonChronicler.java",0CD7BF5B2FC6F95D1DE126713E8E826E6971FAC749AD7F249F36925B92D12BB7,1862
"source/upstream-07ecb7cf/Mage.Sets/src/mage/cards/a/AeonEngine.java",C3BBA67121751116071AF372F20C16C1143BD04FCB3B393F833ED84D1E4552B7,1870
"source/upstream-07ecb7cf/Mage.Sets/src/mage/cards/a/AerathiBerserker.java",F2C55A99C880A2759019BA5401741569ECB6B8CF67FFDC6DA8DDD5E426736F5E,900
"source/upstream-07ecb7cf/Mage.Sets/src/mage/cards/a/AerialAssault.java",68C52773BE8C5E39FD679A08B3803BC1B5F2A5395491BC27C5B323AC880D69AC,1901
"source/upstream-07ecb7cf/Mage.Sets/src/mage/cards/a/AerialBoost.java",23FDE69F485EF025D5C8C0166EFC462FCD1D426ABE342B5166DD1C09F3307064,1380
"source/upstream-07ecb7cf/Mage.Sets/src/mage/cards/a/AerialCaravan.java",ACEC513FBE02A5C632347CD7B285171EE0B0784DB53991EC740A39475150D322,1465
"source/upstream-07ecb7cf/Mage.Sets/src/mage/cards/a/AerialDoombot.java",57A0E07044B50B842B79F2F1BC65A22AAA7DBAC9DDFEED4324D389989444BFE4,1327
"source/upstream-07ecb7cf/Mage.Sets/src/mage/cards/a/AerialEngineer.java",5CC5022484394942E7ACB7A210E16CD73D0A3AE8C2868A6C21240A157D94A051,2286
"source/upstream-07ecb7cf/Mage.Sets/src/mage/cards/a/AerialExtortionist.java",48346F6E35762CF5BFA4C95B015FEFD3CC22CCEDE2CB7BB4D9646CF5D56F5065,3498
"source/upstream-07ecb7cf/Mage.Sets/src/mage/cards/a/AerialFormation.java",5FF1F365E00CE19378E217BFEB13CA11B9796550081D2A95A55656F4063AD7A7,1649
"source/upstream-07ecb7cf/Mage.Sets/src/mage/cards/a/AerialGuide.java",215C9F494119114E745FF823878F101835166F740D14A2A3744E5121E684949B,1682
"source/upstream-07ecb7cf/Mage.Sets/src/mage/cards/a/AerialManeuver.java",C6F613B82958AA3A279FFEB09BA8869B0791CF3E8F933DB68D254D89BB23D257,1509
"source/upstream-07ecb7cf/Mage.Sets/src/mage/cards/a/AerialModification.java",2E1DE15CD5F552519F5F3605BAFCE77CC8188B31203B417C3871B9B40F317CEC,2101
"source/upstream-07ecb7cf/Mage.Sets/src/mage/cards/a/AerialPredation.java",0109B5A09FFFE4DCE32F7C9DDE828464D95FCF8DC37F3BFAA70DB25B717778A1,1040
"source/upstream-07ecb7cf/Mage.Sets/src/mage/cards/a/AerialResponder.java",CA724854E41160B354B31C4BFE776A12B5815D4A097673FC8D985C8BBA2FDB8D,1140
"source/upstream-07ecb7cf/Mage.Sets/src/mage/cards/a/AerialSurveyor.java",D121E0BF2FD127CE6205C191505B0184D6DC7E11B83CB16A5C4708271B302F06,3840
"source/upstream-07ecb7cf/Mage.Sets/src/mage/cards/a/AerialVolley.java",58D5D164DE5897B2671CF820209530A02E087D6C670F9A185BA8CD7D5D58330E,1269
"source/upstream-07ecb7cf/Mage.Sets/src/mage/cards/a/AerieAuxiliary.java",46551E4C7497A7C93D145412BFB9FC03571616C654ADC968B9D6A40707B5E572,1052
"source/upstream-07ecb7cf/Mage.Sets/src/mage/cards/a/AerieBowmasters.java",C8FC46529FAB7FB594840E9F830C7C2FE3DC7E4528BF6CBA71D0D225E67DAD21,1316
"source/upstream-07ecb7cf/Mage.Sets/src/mage/cards/a/AerieMystics.java",1A02BB3911E0636E13E131E8794B71F0BE5C36473AA352C3BDB00BBACA19B290,1396
"source/upstream-07ecb7cf/Mage.Sets/src/mage/cards/a/AerieOuphes.java",A55E0D74E714F138E657DCECF43FEFDDCFB7599695767D2957B59711A4C3C6A4,1632
"source/upstream-07ecb7cf/Mage.Sets/src/mage/cards/a/AerieWorshippers.java",9C30DCDC75D1FD3771E846ED892C5FFBFE3A3C0AAB820E2F49A4561FD1F57563,1356
"source/upstream-07ecb7cf/Mage.Sets/src/mage/cards/a/AerithGainsborough.java",B86D448700834CB6696747BCDC1DB5232C7BDA6142B103F2B04B2B1148E55053,2250
"source/upstream-07ecb7cf/Mage.Sets/src/mage/cards/a/AerithLastAncient.java",861632500469A335D5C5D91787DF9D6C923E7AF637380DB191E12F1B420D774B,2811
"source/upstream-07ecb7cf/Mage.Sets/src/mage/cards/a/AerithRescueMission.java",EC013E805E81C444404637DE6C3096FA5224123011DD506A9D3BDC9F4FC696AC,3214
"source/upstream-07ecb7cf/Mage.Sets/src/mage/cards/a/Aeromoeba.java",CF2D29B8A14E28BCEEF455113340F3740F093A3F2D2AA980A43F94374A9AEFC4,1322
"source/upstream-07ecb7cf/Mage.Sets/src/mage/cards/a/Aeromunculus.java",C67346469EF578D4B39562260DB4FCCA15C040F4FD27498764B23BFC1AAB9CC8,1015
"source/upstream-07ecb7cf/Mage.Sets/src/mage/cards/a/AeronautAdmiral.java",7363AF9CCF9EC151EDD6F7E9672643DE80EB82B02DE51A6A8CB1CC83B2B4CE0B,1552
"source/upstream-07ecb7cf/Mage.Sets/src/mage/cards/a/AeronautCavalry.java",0B6C093233688DA94A7E748C223A46BE3C8E025BA6AE8CEB1150657BBF47ACF6,1851
"source/upstream-07ecb7cf/Mage.Sets/src/mage/cards/a/AeronautsWings.java",A1EFBF47927224A4D45DA9DF3B5A9A01C67417A400990A97441A5550381D7A92,1384
"source/upstream-07ecb7cf/Mage.Sets/src/mage/cards/a/AeronautTinkerer.java",503E5D4254BDA4CDF726216CA3EE22CBDA752B550D788221015F20D2001B48B7,1675
"source/upstream-07ecb7cf/Mage.Sets/src/mage/cards/a/AesiTyrantOfGyreStrait.java",844B26FA4D6B8EA3B30C8AE42896197679D91E880C380B6305007E86E5C73C62,1517
"source/upstream-07ecb7cf/Mage.Sets/src/mage/cards/a/AesthirGlider.java",EB4E4B3FD334790D411A7CE2042023F1A046CF47E00D246822281D859FAC5130,1038
"source/upstream-07ecb7cf/Mage.Sets/src/mage/cards/a/AetherAdept.java",4C487F349184337114F1279FE3D983A1AF945E5F2E285767F4AB666D66B259A1,1267
"source/upstream-07ecb7cf/Mage.Sets/src/mage/cards/a/AetherBarrier.java",34CA8D25881DFC954340A73D5AA6B9F9CE0A11A29476397F6FB5060761CC6DD6,2202
"source/upstream-07ecb7cf/Mage.Sets/src/mage/cards/a/AetherbladeAgent.java",73352BFE85510C002DD5048ED18D89238DBED3CA120CED76B5A055CA0F7EA500,1997
"source/upstream-07ecb7cf/Mage.Sets/src/mage/cards/a/AetherbornMarauder.java",3DD339DCE2342E772F005CA25BA1CB63921FDCD2343DDA5A37C37ABC2BDD4C42,4447
"source/upstream-07ecb7cf/Mage.Sets/src/mage/cards/a/AetherBurst.java",0684CABF4D47A333F6645E1FA19D59E4CD4A3673F416E0F349FC4FAD59F2A379,1723
"source/upstream-07ecb7cf/Mage.Sets/src/mage/cards/a/AetherChanneler.java",CFFF82D36C68B946CA54DE03FAF14AE1D0A90746AB2AD36EB32EAF8FD0C6F545,2058
"source/upstream-07ecb7cf/Mage.Sets/src/mage/cards/a/AetherCharge.java",C04B323936B7269285D5C2B163FD8ADF5E002832BE0ED74578DCEA5A9712D901,3687
"source/upstream-07ecb7cf/Mage.Sets/src/mage/cards/a/AetherChaser.java",2FA1FEFC72DE37BB869D725C8F8743FFCC3A8FD5D648D4E9C6955C8CA89E1FB9,1732
"source/upstream-07ecb7cf/Mage.Sets/src/mage/cards/a/AetherFigment.java",309BB07A0A04459A631E2C7520B959FC83A19014AF997E5F1F7052F21C3F9670,1672
"source/upstream-07ecb7cf/Mage.Sets/src/mage/cards/a/AetherflameWall.java",314FAB6F6ABEC805526D7CEE972E98118C482F72A3971708DFFC9A51744CCE17,1710
"source/upstream-07ecb7cf/Mage.Sets/src/mage/cards/a/AetherFlash.java",66AB107570164E49734C023D93FB10326445BFE1676F83D0B25755920F6432C5,1155
"source/upstream-07ecb7cf/Mage.Sets/src/mage/cards/a/AetherfluxConduit.java",FCB7F1A9535D4248691FE9EDCCA8856574628952A6099A2361553139D19AD198,4032
"source/upstream-07ecb7cf/Mage.Sets/src/mage/cards/a/AetherfluxReservoir.java",A760D1019B5190A594E3218E0C1FF9B08A932EDBB912E3C838E47D0E9CAB8569,2332
"source/upstream-07ecb7cf/Mage.Sets/src/mage/cards/a/AetherGale.java",BA1DBF48BC46115879216E92BBCE6102BE149D5AFB548F2B51B0D1BAC5D10124,916
"source/upstream-07ecb7cf/Mage.Sets/src/mage/cards/a/AethergeodeMiner.java",F8D4B2B78B62611FF2D47A2C07B6135361BCD4A166531BA176A1B400AFBCA43C,1543
"source/upstream-07ecb7cf/Mage.Sets/src/mage/cards/a/AetherGust.java",C642383C4A3B4253BAC8B1E0A5F7FE0899B74DC175EE7B5875DD09063F7FF347,1809
"source/upstream-07ecb7cf/Mage.Sets/src/mage/cards/a/AetherHelix.java",A31EC236BEBB1A89C0B80B168A709B4AD5BE169721E9C2A3DB9AA63EB28D5A4A,1352
"source/upstream-07ecb7cf/Mage.Sets/src/mage/cards/a/AetherHerder.java",0D4312712B6290F07B1E6F3D7E037E6B75F13243571240F355EFCEC44B371D19,1640
"source/upstream-07ecb7cf/Mage.Sets/src/mage/cards/a/AetherHub.java",F61174639CC3EA80FC7F04A1C5465255522AEF23CD5191C31F2612ED0D1D443E,1272
"source/upstream-07ecb7cf/Mage.Sets/src/mage/cards/a/AethericAmplifier.java",8795BACD0602FD868634F7F322C30C4800E4CDD3621F4F4C39509C2815597281,4538
"source/upstream-07ecb7cf/Mage.Sets/src/mage/cards/a/AetherInspector.java",24A6CB63D69B8BC602288265ABFE7D4BB2E003223C53D0DEDC0468DF1F0CB681,1751
"source/upstream-07ecb7cf/Mage.Sets/src/mage/cards/a/Aetherize.java",A410FE8BF999C459E94E096D3024B9D6C9D7507D034FA9782159A84E7CFE5487,912
"source/upstream-07ecb7cf/Mage.Sets/src/mage/cards/a/Aetherjacket.java",E7338CD94F3D8C39326F1459483068C16C0617DDD3464130B0F6EEB9CA49B439,2051
"source/upstream-07ecb7cf/Mage.Sets/src/mage/cards/a/Aetherling.java",158DD7149182FCA55B32BD65EE9B88C8091A44EF422C652B7074EBFC04439FA4,1926
"source/upstream-07ecb7cf/Mage.Sets/src/mage/cards/a/AethermagesTouch.java",934B3FF608F1CF0FF388687E3F75C6F65708818DEC1E59158E2CC6842B9C12F5,4126
"source/upstream-07ecb7cf/Mage.Sets/src/mage/cards/a/AetherMeltdown.java",C90183E88485F2CFFB4EBB06558D92B84E7548F0697E8F103FCB751484E10A21,1891
"source/upstream-07ecb7cf/Mage.Sets/src/mage/cards/a/AetherMembrane.java",958C6F8DD04B62E04127B94B89E0BB149BAB9189133A4BC3D8DB9A1C0C3D6272,1673
"source/upstream-07ecb7cf/Mage.Sets/src/mage/cards/a/AetherMutation.java",8F320D56D44316971E9198F8DCB27DAA42D7D5BB897FCA69434265F65421A8B8,1250
"source/upstream-07ecb7cf/Mage.Sets/src/mage/cards/a/Aetherplasm.java",A8899141C239D69DB2C119A334F17BE6BD2C64D633073C7199EBB61E75CA68B3,3548
"source/upstream-07ecb7cf/Mage.Sets/src/mage/cards/a/AetherPoisoner.java",98A6B5B2B4300AE5436700E5CDC705F4611CC538327E32B1C47C9D84BDD03BE3,1883
"source/upstream-07ecb7cf/Mage.Sets/src/mage/cards/a/AetherRefinery.java",31203A67BDE4FD2BC454076C57FA8F9CC42FDB24666D0CB294BE1FF963661F34,4497
"source/upstream-07ecb7cf/Mage.Sets/src/mage/cards/a/AetherRevolt.java",BF99EF0B0D4D8EC735BE5AA9BAD31BE772D9BD12D71FBAFBEA822E1FEDE80FF4,4943
"source/upstream-07ecb7cf/Mage.Sets/src/mage/cards/a/AetherRift.java",1500F09DDF4CEBE49320453BDD67E747C973E2AF5426FEA4DDCCC79C9533CA39,2646
"source/upstream-07ecb7cf/Mage.Sets/src/mage/cards/a/AethershieldArtificer.java",9D38CA28E9BAB2E61FB7E037FD8412DE724571FFFD3F69E08C89B43EACBC9E61,2125
"source/upstream-07ecb7cf/Mage.Sets/src/mage/cards/a/AetherShockwave.java",3ADD93433103B23712124E545D2648F08A43E73BB50E215B8E204E0D931619C3,1404
"source/upstream-07ecb7cf/Mage.Sets/src/mage/cards/a/AetherSnap.java",08F4E2C99ECA6F62AD44F66495319CB966119D6E7C8716D816BEB72430511BD0,1953
"source/upstream-07ecb7cf/Mage.Sets/src/mage/cards/a/Aethersnatch.java",C84A74076B651D8AE909A21C8E033C2041CC82B4CF63F04050609899931EDFB7,1887
"source/upstream-07ecb7cf/Mage.Sets/src/mage/cards/a/Aethersnipe.java",BEC9FFA96D4748DD374CECB666D4C9DC9445434AB105C39EB05A6FDA8EDCA8D3,1397
"source/upstream-07ecb7cf/Mage.Sets/src/mage/cards/a/AetherSpellbomb.java",9CB765EB8F57A959617E6199CB22FAB865EA4FC440C6CFB0044F458B671ED764,1641
"source/upstream-07ecb7cf/Mage.Sets/src/mage/cards/a/AethersphereHarvester.java",B9DC312FA30374B90E2949C87296817ABB71C11A071361ECFD4918E6B21E92AF,1966
"source/upstream-07ecb7cf/Mage.Sets/src/mage/cards/a/AetherSpike.java",58BE76C31F8E104D273C4974E4CB0024634D16130E903EC7751733EEB980F883,2791
"source/upstream-07ecb7cf/Mage.Sets/src/mage/cards/a/Aetherspouts.java",6E3ACAA9D1FA716266F63B54B97F43541A18EF711F6B6C562443FF8D3266EF3D,7120
"source/upstream-07ecb7cf/Mage.Sets/src/mage/cards/a/AethersquallAncient.java",A1ACFE9E6F3E86E57F1A675CCDCC396CB372161E5748E7F9A3A4A845B5B95CBB,2003
"source/upstream-07ecb7cf/Mage.Sets/src/mage/cards/a/AetherSting.java",A5DB19475EB88DC0B85B004F043480D3544220CE0546A0B998D72A9A4D4F57CD,2130
"source/upstream-07ecb7cf/Mage.Sets/src/mage/cards/a/AetherStorm.java",6C338ACDFEE36E4F712E92DE8C763A8CD1E6A29D558548F1420272A4495F2FD0,2339
"source/upstream-07ecb7cf/Mage.Sets/src/mage/cards/a/AetherstormRoc.java",A8C50214A453734B977A60B541F7F8541D37FD64B65CD420513D745D360CC834,2708
"source/upstream-07ecb7cf/Mage.Sets/src/mage/cards/a/AetherstreamLeopard.java",AE08C7C9392A226263F0D6039E443D3237E96CD5FAD45E3636ECA6706953EC6D,1776
"source/upstream-07ecb7cf/Mage.Sets/src/mage/cards/a/AetherSwooper.java",557190ED9DF3CBDBD6CCC74EA37FCFAC59B66ED62C4FABF418EF271E7280E749,1730
"source/upstream-07ecb7cf/Mage.Sets/src/mage/cards/a/AetherSyphon.java",E5A23404E5947F87312765FA67A76FA55B65F29770C4797DF25E8DA385358C1E,1648
"source/upstream-07ecb7cf/Mage.Sets/src/mage/cards/a/AetherTheorist.java",4AC877FF3241FF37FA01890E59BDF735FC77FD09F7684C9FBF5620DCA63500BE,1562
"source/upstream-07ecb7cf/Mage.Sets/src/mage/cards/a/AetherTide.java",43065F54B9D8E9B8181B3E01D1C53DB48066D33A70C1205597FE4D25B6BF6942,1421
"source/upstream-07ecb7cf/Mage.Sets/src/mage/cards/a/AethertideWhale.java",0321F0CE4BFAF317E310359B18A830DE882331AD79E285685445DB541738F919,1570
"source/upstream-07ecb7cf/Mage.Sets/src/mage/cards/a/AethertorchRenegade.java",2A1C8E9B31BB1DD3BAAC03E600F52459CEA77B0A2FD03A249F220B6927053871,2164
"source/upstream-07ecb7cf/Mage.Sets/src/mage/cards/a/Aethertow.java",A2E132FD63C4B7DDC5C11065990122AA3DE1C9C3BCA0812F59FF88B1AA01D752,2152
"source/upstream-07ecb7cf/Mage.Sets/src/mage/cards/a/AetherTradewinds.java",4172690B56D27ED42003FCD083A1F8F039F974B88EE4E451248F3CACBE38F40F,1454
"source/upstream-07ecb7cf/Mage.Sets/src/mage/cards/a/AetherTunnel.java",198267E2E1D07DF2D7DDD886C0D57DF3312E38FB0B83E5DB1CBC5D81AE92049E,1872
"source/upstream-07ecb7cf/Mage.Sets/src/mage/cards/a/AetherVial.java",19CC136CEFC2A287320FAB2ED123DC6E5E9005961D96FDF3622445D4D6DD81E1,3611
"source/upstream-07ecb7cf/Mage.Sets/src/mage/cards/a/AetherWeb.java",DADAF9FC9A1C24CD77B71CA942DCA377C1BED9F10405F23128AA18E308463364,2829
"source/upstream-07ecb7cf/Mage.Sets/src/mage/cards/a/AetherwindBasker.java",4FDEF4523A0DDDF34B20479F7A2510B3C15214EC5E7650D502FDC517E11EBBCA,1872
"source/upstream-07ecb7cf/Mage.Sets/src/mage/cards/a/AetherworksMarvel.java",A7F427478B3B346A23C99C1059F054CD71180A2CBD136BB10195350490941A15,3230
"source/upstream-07ecb7cf/Mage.Sets/src/mage/cards/a/AettirAndPriwen.java",D298ADA36A0BE1040C8A6D880BE5E23471324D68243C7F6D0CFF0F71A5E71567,2497
"source/upstream-07ecb7cf/Mage.Sets/src/mage/cards/a/AeveProgenitorOoze.java",FAD970F1919A205CE707EA2CF1BA5DCD5D111F0D70FEA89A05061FB7905ACDD7,2977
"source/upstream-07ecb7cf/Mage.Sets/src/mage/cards/a/AffaGuardHound.java",5A0ABDB8F29D4D9D1B321E6E96B2E4E60882FCE9347CCD9527BB3BD297ADDD9E,1269
"source/upstream-07ecb7cf/Mage.Sets/src/mage/cards/a/AffaProtector.java",4EDC9459EED28AD5F72A4B4DB2A70EC2F76BD4AD33E3B80C57B838C64B1367C4,927
"source/upstream-07ecb7cf/Mage.Sets/src/mage/cards/a/AffectionateIndrik.java",6FD7A6A5FE08B54963AB76A90CB4C22371074B5468707578A0FB56F0D6820B64,1669
"source/upstream-07ecb7cf/Mage.Sets/src/mage/cards/a/Afflict.java",696170CF5316FCAEB4F93840E131D4588ABE9A813F9D2530238CDEAC0A8F3CBC,988
"source/upstream-07ecb7cf/Mage.Sets/src/mage/cards/a/AfflictedDeserter.java",2420952656973F409FC6CFB5FA2010D40DE1E6C774E8E00F375F010A1DA34FAF,3406
"source/upstream-07ecb7cf/Mage.Sets/src/mage/cards/a/AfiyaGrove.java",BF362380C7C64EB98894F911C6209050E72669E9392AAD5EA09FB71C7CF8CE77,2505
"source/upstream-07ecb7cf/Mage.Sets/src/mage/cards/a/Afterburn.java",E47C3A3AB94587AD96B51C50F421F0FB0B39BD36FAF823CB1D5E38F6B9B99806,1597
"source/upstream-07ecb7cf/Mage.Sets/src/mage/cards/a/AfterburnerExpert.java",FF05DE13A96D9A68A06E02609050DCBA7501F9394995B728FF2694388CDA69A5,2012
"source/upstream-07ecb7cf/Mage.Sets/src/mage/cards/a/Afterlife.java",7B83F9759005EB01D9CCF2F7C9A0F5C36E2CA94C606BB6A43A63904601751112,1142
"source/upstream-07ecb7cf/Mage.Sets/src/mage/cards/a/AfterlifeFromTheLoam.java",F0DA047220E5AB0F99F16844394585DEE7E5B1F0898EE0E07311783BE05FCFB1,2137
"source/upstream-07ecb7cf/Mage.Sets/src/mage/cards/a/AfterlifeInsurance.java",5A2E915E42D8D50C99D58B02680F863053A038022C90BC6A3FA06B2BAFA632C3,1205
"source/upstream-07ecb7cf/Mage.Sets/src/mage/cards/a/AftermathAnalyst.java",4B054F48C98D5B57E471B72CF349D3D0DCE23E0AACB9CA706B562A1C52E5D48B,1783
"source/upstream-07ecb7cf/Mage.Sets/src/mage/cards/a/Aftershock.java",F2F018F738E324572C2AE324723B35EF73A99F9EAFFB8B1A7D9CE6006B4B8F9D,1276
"source/upstream-07ecb7cf/Mage.Sets/src/mage/cards/a/AgadeemOccultist.java",5A6D3065B0DAA6A18AFD41FC4097B8131E30090902362B1D71B5A2C8CAE09336,3215
"source/upstream-07ecb7cf/Mage.Sets/src/mage/cards/a/AgadeemsAwakening.java",7880AB8DDB54B1E75639DA85B0F131B9FDAC0F99E7AC17C91B8027D3EFDF56C1,4137
"source/upstream-07ecb7cf/Mage.Sets/src/mage/cards/a/AgainstAllOdds.java",04CB3FE661545C4712958E554E2ED9211918EFD99F7E1204EB792AB330091D28,2470
"source/upstream-07ecb7cf/Mage.Sets/src/mage/cards/a/AgateAssault.java",058FC2E7303B10E853B1CCAE565EAD3BA6B1A7ABF3087FCDCDC32E43E9D1DF33,1356
"source/upstream-07ecb7cf/Mage.Sets/src/mage/cards/a/AgateBladeAssassin.java",04B8819244991B21FD26E786F9812E19B14584C010BA050224D7374224A9AA4F,1300
"source/upstream-07ecb7cf/Mage.Sets/src/mage/cards/a/AgateInstigator.java",4C52B37B798ECCD85EB670AB89CD1885386B7FE9B98516077C27B67793407E42,1411
"source/upstream-07ecb7cf/Mage.Sets/src/mage/cards/a/AgathaOfTheVileCauldron.java",9252A8C24614D0392439C25C73585083378D99DFBC7187E6FE4B5AA950E4585A,4426
"source/upstream-07ecb7cf/Mage.Sets/src/mage/cards/a/AgathasChampion.java",65D6D0AC41B4737775C41F7D872813B5B0508109BFBB73A1A2B4A9C1103B7471,1794
"source/upstream-07ecb7cf/Mage.Sets/src/mage/cards/a/AgathasSoulCauldron.java",860C840545A07387560BEC7DC26ED80D00FAB0E743616C97365574EA7D6D72C8,7167
"source/upstream-07ecb7cf/Mage.Sets/src/mage/cards/a/AgelessEntity.java",4F1062704909F25764691139BDCE625D16937A263BCF90CD26A4A98B16B56E99,1251
"source/upstream-07ecb7cf/Mage.Sets/src/mage/cards/a/AgelessGuardian.java",03A0C55A0FBB269E248A1748C6EF0E647350A4D9A3D83535BCFBA9520CEA95C9,774
"source/upstream-07ecb7cf/Mage.Sets/src/mage/cards/a/AgelessSentinels.java",6BD501FA2607FE35B514B3B380375B49B5DE5410AFB44B624BCF9B83AFB147C1,2715
"source/upstream-07ecb7cf/Mage.Sets/src/mage/cards/a/AgencyCoroner.java",9400075CB1BA34EFBF786A85666BDFD2CD0240F612541930582285C17420539C,2404
"source/upstream-07ecb7cf/Mage.Sets/src/mage/cards/a/AgencyOutfitter.java",33980E5529E3D5B4E1B605032C4F2B314C0F4A68F19C1C7DAECDDDFF1DCC3F51,5234
"source/upstream-07ecb7cf/Mage.Sets/src/mage/cards/a/Agent13SharonCarter.java",62A6ADCB00860E34DFA7989255A876F8E2419FB0AEBB1648FE3790E847F65EE3,1203
"source/upstream-07ecb7cf/Mage.Sets/src/mage/cards/a/AgentBishopManInBlack.java",6CB061CC707AF0E3265403E8BDE7CD255B3CD65473FC8AFC2055ACE6AED33FC8,1480
"source/upstream-07ecb7cf/Mage.Sets/src/mage/cards/a/AgentFrankHorrigan.java",F09096C99C89F3409EB53DEBB37057AFD03F1C2165BCCE8593D3933E45D28D48,2233
"source/upstream-07ecb7cf/Mage.Sets/src/mage/cards/a/AgentMariaHill.java",993BD288555C00F252458B896110CD3E2ED1C180E4AACFEB445C1614A2167A79,2340
"source/upstream-07ecb7cf/Mage.Sets/src/mage/cards/a/AgentOfAcquisitions.java",92E82E059BEDBED823515A2C07539AD043220C33E129DA4DC06244A9FCDB5588,1805
"source/upstream-07ecb7cf/Mage.Sets/src/mage/cards/a/AgentOfAtlas.java",5BBA369CF320FF12ED07F08ABFF53D717330E0F31C175105BF01F597F8982CE8,900
"source/upstream-07ecb7cf/Mage.Sets/src/mage/cards/a/AgentOfErebos.java",AD2082279D1DC7935CD04B27766DEA7B4E1A66539D14D0128FFB542639A2F17E,1259
"source/upstream-07ecb7cf/Mage.Sets/src/mage/cards/a/AgentOfHorizons.java",024BE70F55A2B8C89F008B694806CADFD85B222DB4591173735207A0BCDE27F6,1202
"source/upstream-07ecb7cf/Mage.Sets/src/mage/cards/a/AgentOfKotis.java",2F74816AAF84939228C64EFF1CBCDF6C5C418041EABEADC2C7E3F0ED83725C8A,1056
"source/upstream-07ecb7cf/Mage.Sets/src/mage/cards/a/AgentOfMasks.java",9F7B4D672DB7FCC4237E711CB9F4F0409B37318204D696B5F2BC19C59D2A3F49,1126
"source/upstream-07ecb7cf/Mage.Sets/src/mage/cards/a/AgentOfShauku.java",77D7FC0D4856A747B7469E8158CF68898D05AC14BE65F7086D397A668FA5471E,1757
"source/upstream-07ecb7cf/Mage.Sets/src/mage/cards/a/AgentOfStromgald.java",CD55D148FCAB451128CD0C7EB010A2E2DB6C94502C88F6F82D7DFE211BAD8AF3,1051
"source/upstream-07ecb7cf/Mage.Sets/src/mage/cards/a/AgentOfTheFates.java",0F594CFFAFDAF3F0FDA6F6D9B1701BE7B18665B2317F845036EECB76909F5DE4,1278
"source/upstream-07ecb7cf/Mage.Sets/src/mage/cards/a/AgentOfTheIronThrone.java",FF5145C38731D72C922BA21E8D895A20E3B9AED1FCE2D92C9196E80EA25CAA61,1997
"source/upstream-07ecb7cf/Mage.Sets/src/mage/cards/a/AgentOfTheShadowThieves.java",5D5975C1B760138BA9605E17FF664375C690D94E1F2989103809B1332AA4C312,2388
"source/upstream-07ecb7cf/Mage.Sets/src/mage/cards/a/AgentOfTreachery.java",E0CF3CC59E916255F48097D2850223099D22D49580656BEC0849030A6355458B,2471
"source/upstream-07ecb7cf/Mage.Sets/src/mage/cards/a/AgentPhilCoulson.java",FE9F89E05F7D535EBED1CA2128B261ED737749FB3BEB5CDE92D75CD6EFBE464A,1780
"source/upstream-07ecb7cf/Mage.Sets/src/mage/cards/a/AgentsOfHYDRA.java",B97D4365CFCC369ADF84CC636530759D45167DCA3470182D7C1AA6F60434C14F,1148
"source/upstream-07ecb7cf/Mage.Sets/src/mage/cards/a/AgentsOfSHIELD.java",29D93E1DFE43CF06510A556013326EF7346C3479CD9E6BAE23FE46B817DFB689,1381
"source/upstream-07ecb7cf/Mage.Sets/src/mage/cards/a/AgentsToolkit.java",A0B803386EFD1BA4D79B4ED6E99D464E662159FB435C5FFC3D4E9B763CF96D72,4450
"source/upstream-07ecb7cf/Mage.Sets/src/mage/cards/a/AgentVenom.java",7962813C558C311886F5CCE90F5E9876F63337A8B41436613388078698402D94,2147
"source/upstream-07ecb7cf/Mage.Sets/src/mage/cards/a/AgeOfUltron.java",AAB60B87EF28A728E89CE7FA45B35B4093CEF5EAA8BB104186EACF012F28B78E,3780
"source/upstream-07ecb7cf/Mage.Sets/src/mage/cards/a/Aggravate.java",20FA8BC6D09AB4B5C53F3061F3207ED061305385520BE4987042A631CABB6CD5,2299
"source/upstream-07ecb7cf/Mage.Sets/src/mage/cards/a/AggravatedAssault.java",D08F9FAEF08B28196220A9127F2A8FCFF983FFCCC34B0FC2E4BB9A8CCB5C66A2,1447
"source/upstream-07ecb7cf/Mage.Sets/src/mage/cards/a/Aggression.java",B97CB3699A6FCE37F04FF2DBD48E255DB854D6E5916A5ECB349904EADCEC9809,2742
"source/upstream-07ecb7cf/Mage.Sets/src/mage/cards/a/AggressiveBiomancy.java",9B430A404FDC2F722D2871674E14E071A57A588CD211B72873FC36C827163287,3154
"source/upstream-07ecb7cf/Mage.Sets/src/mage/cards/a/AggressiveInstinct.java",CE813B9B6571217F9FC714CE79F140EF6CC21BAE99EDF399291B1AA243CF066A,1297
"source/upstream-07ecb7cf/Mage.Sets/src/mage/cards/a/AggressiveMammoth.java",F0EE3BD1C732892AE1F42BBEA42EC39954742077E8026A32334C0AE179B14C0C,1477
"source/upstream-07ecb7cf/Mage.Sets/src/mage/cards/a/AggressiveMining.java",DEB7550B8B5BF95394D91C26F33404B68B12DB316B4F5621D21D132ED4B200A9,2414
"source/upstream-07ecb7cf/Mage.Sets/src/mage/cards/a/AggressiveNegotiations.java",E6787C9BE3EDE432EF77A6914F34D97BD6EBBB2401778199BFF0C5C3A761E686,1734
"source/upstream-07ecb7cf/Mage.Sets/src/mage/cards/a/AggressiveSabotage.java",285CCE6A3C0B50DA8E0CAEB4F6E6A2FE64482F816062F64AC943185B9B5AFB83,1449
"source/upstream-07ecb7cf/Mage.Sets/src/mage/cards/a/AggressiveUrge.java",C85F78A498A3CBCC9F4D38BEEA2B04C9997A9BC9B41D1990184EC49035566AA0,1028
"source/upstream-07ecb7cf/Mage.Sets/src/mage/cards/a/Agility.java",D38A4C668B621FDAB1A4089FE185A47775208F67641EF6174114FAC363849EA0,1662
"source/upstream-07ecb7cf/Mage.Sets/src/mage/cards/a/AgilityBobblehead.java",C47E7ED7D818560D45E1C3943680DDF6C6C11BA9CC35CD1BE4C6CBB23395BB8A,3217
"source/upstream-07ecb7cf/Mage.Sets/src/mage/cards/a/AgitatorAnt.java",5EF9FCEBA00F018E21FAB5728864565FF772541E30999F7EAD47BD77C288E37E,3371
"source/upstream-07ecb7cf/Mage.Sets/src/mage/cards/a/AgnaQela.java",5F39B50D85CE882FC43D3CA37BEA66937FCDC6E33F817724A070E4EDE65C1BDD,1540
"source/upstream-07ecb7cf/Mage.Sets/src/mage/cards/a/AgonasaurRex.java",C51086CB7ED1B3DA098BEF8CAA918508E748888D87E691A325670CBCB5D09A90,2089
"source/upstream-07ecb7cf/Mage.Sets/src/mage/cards/a/AgonizingDemise.java",D1E69BA4F263BFBF42834A585E6F2814247A2DED282DB054CAF998C58A73B14A,1876
"source/upstream-07ecb7cf/Mage.Sets/src/mage/cards/a/AgonizingMemories.java",45D7A953D46667595E5AE1BAC41444B29D6EC5D2B616742E5C4772714D0A3A93,2794
"source/upstream-07ecb7cf/Mage.Sets/src/mage/cards/a/AgonizingRemorse.java",E73EBE744C1C800717EFBD001F800CD14B315BD1146B05EDDBB01C40D3F12A2F,3136
"source/upstream-07ecb7cf/Mage.Sets/src/mage/cards/a/AgonizingSyphon.java",8DA0B33ED12B17A3DB701F4F5368E915138D09FEC4BC4D45B2EF492AC4DC311B,1004
"source/upstream-07ecb7cf/Mage.Sets/src/mage/cards/a/AgonyWarp.java",2A3F26ED56C6C638F0F3008AF81A792D5DC5888070A038EF33919B641A196750,1313
"source/upstream-07ecb7cf/Mage.Sets/src/mage/cards/a/AGoodDayToDie.java",18E038277873ABD9070B38AE106395B6CDB060188866F6D8C8703642631E9902,1373
"source/upstream-07ecb7cf/Mage.Sets/src/mage/cards/a/Agoraphobia.java",705B9208BB6151FEC6A314936A50F75FA43F4ACD8ACA7AA6011F180F5664397C,1816
"source/upstream-07ecb7cf/Mage.Sets/src/mage/cards/a/AgrusKosEternalSoldier.java",1DFFFD994B51C41E7F2F7F7BCDA9BE6A04FEC170A19B86BCF8904C01533A59BC,5436
"source/upstream-07ecb7cf/Mage.Sets/src/mage/cards/a/AgrusKosSpiritOfJustice.java",C1BF3C205FF7E13A5523E691C535B4890DF67F9CB59596945B2A52B5F6DA0424,2797
"source/upstream-07ecb7cf/Mage.Sets/src/mage/cards/a/AgrusKosWojekVeteran.java",6DA79184B5E04825E6E6E30557F9637AAFF0EA77A1609D7C09475B5C8EE15A38,2057
"source/upstream-07ecb7cf/Mage.Sets/src/mage/cards/a/AhnCropChampion.java",79DEEF14BB096F0CBEBA0BA63B6A4D77A2579023E3E7F24DBC7BA4D76EBB4189,1265
"source/upstream-07ecb7cf/Mage.Sets/src/mage/cards/a/AhnCropCrasher.java",C13D51D0AF104F31B5501201E8A0DDC90B16968E93F89D598EB5AD13E3552DB8,1505
"source/upstream-07ecb7cf/Mage.Sets/src/mage/cards/a/AhnCropInvader.java",A7C469E7807B53DD504396CC9DB07F0CB13DEAFFBB900F960FB104F0AEC2E7FC,2447
"source/upstream-07ecb7cf/Mage.Sets/src/mage/cards/a/Ahriman.java",4E2EE98D4AFA2E3EEF1E473E0C4EDCD63E61D737062348393A7C5CE81D35096F,1596
"source/upstream-07ecb7cf/Mage.Sets/src/mage/cards/a/AidFromTheCowl.java",EE5500ADDFD6B1BE67CBC6AD1F99511D82D447FC9E4D7351D3DEC32E65117D56,3213
"source/upstream-07ecb7cf/Mage.Sets/src/mage/cards/a/AidTheFallen.java",0F5BD84BD332C538F65757038A1491CD59452BC9B826CEBA7C3986B225D5D905,1657
"source/upstream-07ecb7cf/Mage.Sets/src/mage/cards/a/AIMBot.java",BC0C31CBE3EACFF3E31BB67FC0D33EC0B89251E118D58E0B7639CE9D9D3DE33B,852
"source/upstream-07ecb7cf/Mage.Sets/src/mage/cards/a/AimForTheHead.java",DFF2C022FC5D8A8467F7212475264091CC92B54BD5D1B97F1112AC195A996261,1503
"source/upstream-07ecb7cf/Mage.Sets/src/mage/cards/a/AimHigh.java",CDEB7B8296B0D6BF6A0A62B90CBC615BCB6D24E212E79F06F1E424F6674C1277,1546
"source/upstream-07ecb7cf/Mage.Sets/src/mage/cards/a/AIMLabs.java",D9E52D9891588133E7E9ACD5B74682BB0EF1294252811BE77941E9E111E66F5E,1130
"source/upstream-07ecb7cf/Mage.Sets/src/mage/cards/a/AIMScientists.java",B5DD19169EE63D9DB4C6A8197B9482F7E409784C0514352195BCF9EDD522260D,1288
"source/upstream-07ecb7cf/Mage.Sets/src/mage/cards/a/AIMSynthoids.java",CD2FBDDE4601E97540C1D6DDF23EAC879EDE3AB4F48177A3471C42DC9B7D456B,1020
"source/upstream-07ecb7cf/Mage.Sets/src/mage/cards/a/AinokArtillerist.java",17EE8AD7E27B7E6E30DF23AA82661234CA3E3CF825FC8DABCC7756859D872BC5,1491
"source/upstream-07ecb7cf/Mage.Sets/src/mage/cards/a/AinokBondKin.java",7250FB76F5E202ADEBF1D7FF7B3C65F35B47B676C648256EBA9B9F54823FB532,1526
"source/upstream-07ecb7cf/Mage.Sets/src/mage/cards/a/AinokGuide.java",085E3E3C86DB171054CDED815D51637D71C74B36FCCE9B36BFCB4FAFDEF5E474,1694
"source/upstream-07ecb7cf/Mage.Sets/src/mage/cards/a/AinokStrikeLeader.java",6946658F29F1CEABB9149872A85FC3067805BF3F48EEA7D884FA8C305F1989A9,3988
"source/upstream-07ecb7cf/Mage.Sets/src/mage/cards/a/AinokSurvivalist.java",F59B1F01A5A1846512D7CE4E300C73B8B78DC1D79466BA27414098B315082A8B,2005
"source/upstream-07ecb7cf/Mage.Sets/src/mage/cards/a/AinokTracker.java",B8542597E0CFFEF2D2E090E535CF1D1ED0E66F0419E84A41929F479B40D6E00C,1075
"source/upstream-07ecb7cf/Mage.Sets/src/mage/cards/a/AinokWayfarer.java",D48ED556C26D728E0BCCB1C95D849738816192ED2053D3F4C9B1BAAE55B9F514,1422
"source/upstream-07ecb7cf/Mage.Sets/src/mage/cards/a/AirbenderAscension.java",47B7F722E625F163A5E2F472FEA6B9690FE9BBEBC44B470813582A43002089FF,2509
"source/upstream-07ecb7cf/Mage.Sets/src/mage/cards/a/AirbendersReversal.java",79791931CA360B72CA7252154310EAB03983BAC97CBE44E4A6B7ABFD81832074,1318
"source/upstream-07ecb7cf/Mage.Sets/src/mage/cards/a/AirbendingLesson.java",C5BE8371F74F7DD488F7164E36E2F7752F949D9774A5B22C8FD1A7BC532C07E8,1125
"source/upstream-07ecb7cf/Mage.Sets/src/mage/cards/a/AirBladder.java",6F0974B633BCB76EC9D1EF1D1AD883F48EA12F8F5557D17DD3FCD0B5389708C6,1708
"source/upstream-07ecb7cf/Mage.Sets/src/mage/cards/a/AirborneAid.java",FB7B03F52157D9CCEB8F6A8FDD3F1401A792B3409FE9C32BB3DA1CB9BFBD3B0E,1085
"source/upstream-07ecb7cf/Mage.Sets/src/mage/cards/a/AirCultElemental.java",5D906B2A67B347656736B792B72028F5BA3655AF3A50A5FEC28DA0CBD3979529,1701
"source/upstream-07ecb7cf/Mage.Sets/src/mage/cards/a/AirdropAeronauts.java",57F69927850AB555DA4183887E93C6E830134E1C1707E156E50417376583C656,1578
"source/upstream-07ecb7cf/Mage.Sets/src/mage/cards/a/AirdropCondor.java",3401665922C16E42E68C0666A1AE1DFC2A7396A27EE4F29364B0296E7063EBF1,2068
"source/upstream-07ecb7cf/Mage.Sets/src/mage/cards/a/AirElemental.java",7C16E7EF24620CF7C121203745B36990CE616B40A4F2DA45B8D05613DA0E521E,840
"source/upstream-07ecb7cf/Mage.Sets/src/mage/cards/a/AirliftChaplain.java",5C3D46DDBAD4EA0D1E0005DA2C041EB8426A3BA9E4150DE9A38619983EC05228,2161
"source/upstream-07ecb7cf/Mage.Sets/src/mage/cards/a/AirMarshal.java",9E6E32F581AB0F9ECF42F8B4958F0E4A011C9E483F26D4447FF053F86F683BC7,1461
"source/upstream-07ecb7cf/Mage.Sets/src/mage/cards/a/AirNomadLegacy.java",592B9F3FC115C2F5F8B4DD16696318B64B39C7CAE99E5C13CD001B1AC41499EB,1377
"source/upstream-07ecb7cf/Mage.Sets/src/mage/cards/a/AirNomadStudent.java",46200B67196BD97AF7C0380E2E4D0881313635919D11D38EA9B037718C97792F,1714
"source/upstream-07ecb7cf/Mage.Sets/src/mage/cards/a/AirResponseUnit.java",A8D075B7431D2426471318B22108F26DDB0A7F2707369118EB8DCAEF9041C6CA,1084
"source/upstream-07ecb7cf/Mage.Sets/src/mage/cards/a/AirServant.java",8C21AB908D89716C8DDF8A495161F6471FEA55C54936C2E9A5FAC8D784F20124,1312
"source/upstream-07ecb7cf/Mage.Sets/src/mage/cards/a/AirshipCrash.java",D584F2849D42535DBAD127D0CDEA0F9C63B59077A32426B9AC76D58113F75DA9,1696
"source/upstream-07ecb7cf/Mage.Sets/src/mage/cards/a/AirshipEngineRoom.java",FCFD1611AEDE6EF57CD00C1FCD58489F8D82EFF3E6D5A7E53A2032DF8E9B72A0,1550
"source/upstream-07ecb7cf/Mage.Sets/src/mage/cards/a/AirtightAlibi.java",137080A2EA2641FD4FEA9DCF6F3208ECE262B40CBB7FEF35DB34DC2B896716E5,4696
"source/upstream-07ecb7cf/Mage.Sets/src/mage/cards/a/AishaOfSparksAndSmoke.java",B49EBE7CFD3DE85F24C0F5B2208C0CE973D0EC74F85F6B70BF3150AFA8B6AD4A,3140
"source/upstream-07ecb7cf/Mage.Sets/src/mage/cards/a/AislingLeprechaun.java",4CA5F1F500299EF902C92D996D821D1358FDCCCB82E04771B8478AE6F010F2CC,1329
"source/upstream-07ecb7cf/Mage.Sets/src/mage/cards/a/AjaniAdversaryOfTyrants.java",C40D8CFC0DF35D259F39BAAD979C75C29544D0FB6C455DF7B64FFE1437CF75CF,2663
"source/upstream-07ecb7cf/Mage.Sets/src/mage/cards/a/AjaniCallerOfThePride.java",4E70F2E19396507A10C9DA31885E93EF6AC3044D4F40C7F2641202FFF90B38E4,2573
"source/upstream-07ecb7cf/Mage.Sets/src/mage/cards/a/AjaniFellsTheGodsire.java",2F4758448F499AD1B81161A450D613EAAE71BAC8C876AD38709BE495D0CB689A,3986
"source/upstream-07ecb7cf/Mage.Sets/src/mage/cards/a/AjaniGoldmane.java",0B516DC5FC53BDD607CBCFE20D6F0884D568A0CF84B85A4801BED3144CEF95A4,2210
"source/upstream-07ecb7cf/Mage.Sets/src/mage/cards/a/AjaniInspiringLeader.java",CAAE49BFE13C559ABD91445A32FCC2707B569E441D6080D65ED1550D3769345A,2589
"source/upstream-07ecb7cf/Mage.Sets/src/mage/cards/a/AjaniMentorOfHeroes.java",9C3EA4DA60079FC399A1BA41886F10D95AEB184C8994A11539332A4B06B67D89,2255
"source/upstream-07ecb7cf/Mage.Sets/src/mage/cards/a/AjaniNacatlPariah.java",4BD347C282E95AB321CC7B63BF57FC5C1D93FF01D07382F1228B62C6063458AC,8580
"source/upstream-07ecb7cf/Mage.Sets/src/mage/cards/a/AjaniOutlandChaperone.java",F4AEB55734386F14CF154ACA156A986B6082C5A2B7C433250FDDA5740CE8184D,2724
"source/upstream-07ecb7cf/Mage.Sets/src/mage/cards/a/AjaniResolute.java",ED137D64BDF7183FB8429789634BD23FD751FB109DA3386A2B8149317E160F7F,1943
"source/upstream-07ecb7cf/Mage.Sets/src/mage/cards/a/AjanisAid.java",08230DEFD916B6274AB821CA957BC2C6E4123B49C508F86F92659A0F8F8AE403,1999
"source/upstream-07ecb7cf/Mage.Sets/src/mage/cards/a/AjanisChosen.java",2428C65B01F67DADF8629C7AB277017513ED348C62C5F88347D3DE040052566B,3781
"source/upstream-07ecb7cf/Mage.Sets/src/mage/cards/a/AjanisComrade.java",C09669F7B41D49BD40A2FA25DDA4435F9F67C528AAC27EB20ECF114CFAC7EEE3,1724
"source/upstream-07ecb7cf/Mage.Sets/src/mage/cards/a/AjanisInfluence.java",EBE5E93171B6510FADBCA74A044EC853A6FAA88A3A39990A953ED42DC4500EC6,1684
"source/upstream-07ecb7cf/Mage.Sets/src/mage/cards/a/AjanisLastStand.java",573F29DD113FF14578752E899348D944D3E02BB649B869294C1570D03C17DF2F,2069
"source/upstream-07ecb7cf/Mage.Sets/src/mage/cards/a/AjaniSleeperAgent.java",C301A334B3C2D6A945F368C698FB51C524BC3ABA7658875365F42A1C5EB3A1AE,3764
"source/upstream-07ecb7cf/Mage.Sets/src/mage/cards/a/AjanisMantra.java",AA4161E36710BEBA63BE69CCF5C781B918CC66EF43764667EFA3DED87B6673D1,776
"source/upstream-07ecb7cf/Mage.Sets/src/mage/cards/a/AjanisPresence.java",DE6DA6184629D7A58503C9BE9A987BEFE55810FC8A161AF30D665E635A1466B0,1673
"source/upstream-07ecb7cf/Mage.Sets/src/mage/cards/a/AjanisPridemate.java",9734621240DF4CCF58D4F6DD7AB62DB49093FF0BDFE7DF0660582717C60AF6B8,1201
"source/upstream-07ecb7cf/Mage.Sets/src/mage/cards/a/AjanisResponse.java",287ADD9B31BF70D2575DB0A0A0E3288F4C4A09020D58D80635A83DB1751D42C4,1773
"source/upstream-07ecb7cf/Mage.Sets/src/mage/cards/a/AjanisSunstriker.java",D475B51DE879C4880329B2D559E448DEA8FC37A2EBA63BA42F9C9237860E3A50,896
"source/upstream-07ecb7cf/Mage.Sets/src/mage/cards/a/AjaniSteadfast.java",22F275B7E9C03DDF29AFF4B76D21470768EFB60CD8C4CA8BB8CC88A029BFC99A,3580
"source/upstream-07ecb7cf/Mage.Sets/src/mage/cards/a/AjaniStrengthOfThePride.java",B4913B958D8CCA619F7F58C8719B22527432C32F304CAE8F71298B39D4AD5D60,4210
"source/upstream-07ecb7cf/Mage.Sets/src/mage/cards/a/AjanisWelcome.java",4ACF97BB9F192E13EBE2DB5EACC308B306FABB9CEBEFAAA992FC6D3184196AD2,960
"source/upstream-07ecb7cf/Mage.Sets/src/mage/cards/a/AjaniTheGreathearted.java",8005F19E0FE90BF41FF74838121626784C2257D0E60DAD0248F672F8856F271C,2507
"source/upstream-07ecb7cf/Mage.Sets/src/mage/cards/a/AjaniUnrelenting.java",ACD083B30449C7A6D81E6EF58392317B7B13529CCFC3D5C5F4950BEE1F472A4D,3753
"source/upstream-07ecb7cf/Mage.Sets/src/mage/cards/a/AjaniUnyielding.java",97F87DAEE99AEBFE289DEEDDB0447AAF12E6FD1CD0E96E0EE7F59E7C9DF1C53F,3040
"source/upstream-07ecb7cf/Mage.Sets/src/mage/cards/a/AjaniValiantProtector.java",5849F7CE5581366D17382DD4A0742142B0D12ADC74BE38F3F6E2D0F0EBC10506,2584
"source/upstream-07ecb7cf/Mage.Sets/src/mage/cards/a/AjaniVengeant.java",BCED09FEC08987B33DD418B5BFDE70FAEB218A6BACAC7E673D00D3E4421FC916,2222
"source/upstream-07ecb7cf/Mage.Sets/src/mage/cards/a/AjaniWiseCounselor.java",E19AB28F86A2AE67A99ECF8C866F9B9629D2004AF0B9D63456F5C86A58E51117,2164
"source/upstream-07ecb7cf/Mage.Sets/src/mage/cards/a/AJedisFervor.java",F3251072E5538F1D5455634A63803C7DBF4CB703FF7B52BF34943704372022A3,3473
"source/upstream-07ecb7cf/Mage.Sets/src/mage/cards/a/AkalPakalFirstAmongEquals.java",322E7C132B369F92BA9F5689FBDD8BDDBC05DE7C8A4BFA16BE0246F21CF9CF85,1877
"source/upstream-07ecb7cf/Mage.Sets/src/mage/cards/a/AkawalliTheSeethingTower.java",0D863455ACB09643A65F976F40BDFE08CF395A1FCCC9F0D2CDD5224AA8443014,2803
"source/upstream-07ecb7cf/Mage.Sets/src/mage/cards/a/AKillerAmongUs.java",DB7C9033A62398CEEF2F0174030321D0FB75949BAD48CA2285D09C02E3473628,9369
"source/upstream-07ecb7cf/Mage.Sets/src/mage/cards/a/AkimTheSoaringWind.java",E9F25AFF535C33E2EC13B0565CCDF7139C11BCA0832E366C9A876DBA7F379C52,5567
"source/upstream-07ecb7cf/Mage.Sets/src/mage/cards/a/AkiriFearlessVoyager.java",A9CE96E1DBC70F56BDD3A6D41E089C872F2021ABE4EA2C8E08574590F905D6CF,5469
"source/upstream-07ecb7cf/Mage.Sets/src/mage/cards/a/AkiriLineSlinger.java",639F894C36828587B7B08F00CEA97EDA1A19DAE8DB9DCCF65A502813330EF917,1937
"source/upstream-07ecb7cf/Mage.Sets/src/mage/cards/a/AkkiAvalanchers.java",8C86F63531ED024EA44064D9B6398C4696E0618F5CD811175D7A3AD65959AA16,1569
"source/upstream-07ecb7cf/Mage.Sets/src/mage/cards/a/AkkiBattleSquad.java",7D447CA73D8647A4756623C1983E618C9EA0CBEBAC395D4745A9F46423363804,1975
"source/upstream-07ecb7cf/Mage.Sets/src/mage/cards/a/AkkiBlizzardHerder.java",A71CFB9D0E9C9C2113CB2D4CF1306180968C185D4F10E94E0B09DBACAD334461,1278
"source/upstream-07ecb7cf/Mage.Sets/src/mage/cards/a/AkkiCoalflinger.java",7C583BAF44E4746E9D30CD7208105DD5A163CF1EB0C0FB38B1D621E82A4826A1,1501
"source/upstream-07ecb7cf/Mage.Sets/src/mage/cards/a/AkkiDrillmaster.java",4CD583E9E6E9FAC3BC872BE86F2F4A6C10E34EA966AC9B9CF87B3929678269B6,1439
"source/upstream-07ecb7cf/Mage.Sets/src/mage/cards/a/AkkiEmberKeeper.java",5A9EC2A5AEAF4F8E730459F964614052F427961EA9ED2C6115D0FFFD73C1F39A,1679
"source/upstream-07ecb7cf/Mage.Sets/src/mage/cards/a/AkkiLavarunner.java",02BF7F5BDB65BCC280FEDAE0E7B9E57ABB32F38E65ACDA010C9F5306E6F8FAD1,4564
"source/upstream-07ecb7cf/Mage.Sets/src/mage/cards/a/AkkiRaider.java",8F36427FA4168AA53C58BE7C76283EF59643DA8FA44EEEB04D3DEE17DEB5AB6F,1381
"source/upstream-07ecb7cf/Mage.Sets/src/mage/cards/a/AkkiRockspeaker.java",680E034F2B69EE30A8BC51EF490D50A8F056E051F454C5DE8D478CB5DD6DF3DF,1064
"source/upstream-07ecb7cf/Mage.Sets/src/mage/cards/a/AkkiRonin.java",9D0325D9EE4CA246F4852CF14BC1C627405440882A4D9E9441A4170F2E2C959F,1371
"source/upstream-07ecb7cf/Mage.Sets/src/mage/cards/a/AkkiScrapchomper.java",88691FD1301FA667857379B5C6112DFDB0CB9421306D93699B847EC35DDD63CA,1813
"source/upstream-07ecb7cf/Mage.Sets/src/mage/cards/a/AkkiUnderling.java",293EC031612061C1442647252745BEF5728BDAA39728CECFAAB2461D5D76291A,1828
"source/upstream-07ecb7cf/Mage.Sets/src/mage/cards/a/AkkiUnderminer.java",ED7481FA3C330F35484200257FEE6B32E381D35CF96B8AC484C102F893A521CE,1117
"source/upstream-07ecb7cf/Mage.Sets/src/mage/cards/a/AkkiWarPaint.java",1B6C6D609D6E8DE4DC19E75EA3D090FE3515C9B6EEA076497C8660A5900BBD36,1897
"source/upstream-07ecb7cf/Mage.Sets/src/mage/cards/a/AkoumBattlesinger.java",996E8F45C59659652128DC21890955F97F60F13893F4BE88B24C4C01245C330C,1754
"source/upstream-07ecb7cf/Mage.Sets/src/mage/cards/a/AkoumBoulderfoot.java",6F84686261567A5182BF5D6398DC20E4C0D0DDE40536AE306017C68F10DBE7DC,1222
"source/upstream-07ecb7cf/Mage.Sets/src/mage/cards/a/AkoumFirebird.java",92CDABA3E3EE0892F76654CE4D398EFBC88AFAC46BF972CED337A8ED652DD176,2981
"source/upstream-07ecb7cf/Mage.Sets/src/mage/cards/a/AkoumFlameseeker.java",B42D8414980023342B21EA7914C71777B4C01F98185047D3E1FF4AF3D1D98920,2066
"source/upstream-07ecb7cf/Mage.Sets/src/mage/cards/a/AkoumHellhound.java",F61A0BB3E95F70604B5DFACCF78E1A6EC425F3CB8DA73CE22C4F1D8081BDB915,1111
"source/upstream-07ecb7cf/Mage.Sets/src/mage/cards/a/AkoumHellkite.java",E61FAD19B84A57DEBF94C2D1AAD60687EC5BE3141D0F7AE62BF34017EE783F5D,4547
"source/upstream-07ecb7cf/Mage.Sets/src/mage/cards/a/AkoumRefuge.java",124613458C71E4DF210B32524FF5BC5011A9402F70D3CCEC8FC8D1446857D680,1034
"source/upstream-07ecb7cf/Mage.Sets/src/mage/cards/a/AkoumStonewaker.java",BA46180E76826C9E172A7564221539FDFA67EB3BC4A436872E7837A04E9F389D,2366
"source/upstream-07ecb7cf/Mage.Sets/src/mage/cards/a/AkoumWarrior.java",B5EA32C7C3FAD85559F57E0DFAB8EE6F8B769E47D9E3C9FC0200C7EAA15E80BA,1449
"source/upstream-07ecb7cf/Mage.Sets/src/mage/cards/a/AkrasanSquire.java",953032D2EE5108770B677B4C063550DDF0253539FD3649730B2100B50E109EBB,849
"source/upstream-07ecb7cf/Mage.Sets/src/mage/cards/a/AkroanConscriptor.java",E467714C4ED84958179B2C3C48DF6860C7C7E0A355262D2ADCC78FCC72B5208C,2117
"source/upstream-07ecb7cf/Mage.Sets/src/mage/cards/a/AkroanCrusader.java",7D8D5E914AC2E748CBEFDAE86902FA964D205E9F98BD0EFBD086DBB611444F7C,1147
"source/upstream-07ecb7cf/Mage.Sets/src/mage/cards/a/AkroanHoplite.java",703B8CE1D717FCD4CC5B8716CABF72E90ED82A28B7E9B16A8F881D0EC48298B1,1761
"source/upstream-07ecb7cf/Mage.Sets/src/mage/cards/a/AkroanHorse.java",468B4687E6006B0F308DAC2D82567286C2C522AA05819264C15D1F096B8E51F7,4051
"source/upstream-07ecb7cf/Mage.Sets/src/mage/cards/a/AkroanJailer.java",AD0708D7610931226EA18707A53ED4F2DA09E18F0D4D16FDFD4F34D0601A09A9,1373
"source/upstream-07ecb7cf/Mage.Sets/src/mage/cards/a/AkroanLineBreaker.java",FA421822F5CA4F2561C4909431C32950A77AB10D58CA271A13B92035C7A95DC9,1683
"source/upstream-07ecb7cf/Mage.Sets/src/mage/cards/a/AkroanMastiff.java",310F55F2E5617777FD3D71DDE5D532DA81D752AB0C7D0388D3F8068A75958DA4,1314
"source/upstream-07ecb7cf/Mage.Sets/src/mage/cards/a/AkroanPhalanx.java",A9E8F2286003F5DF6FA33E976D737F7AFCC2B725C0DC9FE9AF05318957D512D6,1324
"source/upstream-07ecb7cf/Mage.Sets/src/mage/cards/a/AkroanSergeant.java",9654C42B31C32239024F92228F4ABC31765EEF2BE97AEB2E91EA0FC844EB5819,1010
"source/upstream-07ecb7cf/Mage.Sets/src/mage/cards/a/AkroanSkyguard.java",2560EB615D0F2D31C2B18792A37931C1ED0C7044A160115D31C38B1A038F2A74,1269
"source/upstream-07ecb7cf/Mage.Sets/src/mage/cards/a/AkromaAngelOfFury.java",8FE4380EE59C727C513ABF9F4EF4572B3465D25479721EF944B138458D8A93B8,1900
"source/upstream-07ecb7cf/Mage.Sets/src/mage/cards/a/AkromaAngelOfWrath.java",E96ADCD6C0F220A02545C90ADD6F184A4035E3C95A450ED38B5EC2C5E9D1AF17,1348
"source/upstream-07ecb7cf/Mage.Sets/src/mage/cards/a/AkromasBlessing.java",723D6DC7ED86702CCCE10405E4B3ED40D96A035908C2A091815DEE26B14F01C2,1145
"source/upstream-07ecb7cf/Mage.Sets/src/mage/cards/a/AkromasDevoted.java",F30B3F3E4CB9A67D2970AF7CC811667C3B50E3B842431846E6436A05DA4CA26F,1301
"source/upstream-07ecb7cf/Mage.Sets/src/mage/cards/a/AkromasMemorial.java",3B8B9A33C522B83EE7E93755B68B097929565B2AD15322AA0E7DF8DC46E15259,1585
"source/upstream-07ecb7cf/Mage.Sets/src/mage/cards/a/AkromasVengeance.java",A50FC73A1BEB44C36CB3D8DEB904A4C708EA36FDB2E1DA358113930B6C4A615C,1263
"source/upstream-07ecb7cf/Mage.Sets/src/mage/cards/a/AkromasWill.java",A0DA9917DBDB153D74E8EA50A9B4F22E673F3B2F2C14822D39F9921409A5EC76,3210
"source/upstream-07ecb7cf/Mage.Sets/src/mage/cards/a/AkromaVisionOfIxidor.java",9585E85F914B4F1E82DD74223757D1ED345811C968146CF077929DE11BDDC20E,4319
"source/upstream-07ecb7cf/Mage.Sets/src/mage/cards/a/AkronLegionnaire.java",C1838E1E1468B43344032F9CF776C7A2AA9100938FC796E3B9498B9A7F9067E9,1779
"source/upstream-07ecb7cf/Mage.Sets/src/mage/cards/a/AkuDjinn.java",943550E38F29A1DE74BDFD84835AAFC63A9C86D8390EE6F0A71A468F01839C61,1527
"source/upstream-07ecb7cf/Mage.Sets/src/mage/cards/a/AkulTheUnrepentant.java",CA64B8BD9A2B4D0878D7AD00964BDF25593F0EF27646733E65D8654483D4F744,2102
"source/upstream-07ecb7cf/Mage.Sets/src/mage/cards/a/AkutaBornOfAsh.java",59535020B00141F543611FC0ADDDED2DF7E03E00A13321C80CAFC2327BAD9CCC,2050
"source/upstream-07ecb7cf/Mage.Sets/src/mage/cards/a/AlAbarasCarpet.java",D2B1FD154A5CFC3C870F557490EB540A5554E2EC1E28F8963CC1B0320C38C260,2753
"source/upstream-07ecb7cf/Mage.Sets/src/mage/cards/a/AlabasterDragon.java",1466283F324EC063A06A3C777E2A4B823C8C54017AF3828AF50C30B38B67F4A0,1231
"source/upstream-07ecb7cf/Mage.Sets/src/mage/cards/a/AlabasterHostIntercessor.java",748F2D16562B05293FD418F21B743DE6F6CD2F6C1954A0B82DE7766E7D16B61B,1632
"source/upstream-07ecb7cf/Mage.Sets/src/mage/cards/a/AlabasterHostSanctifier.java",2D51172FA86E6EA0D9E07715492144C13A81596BC459DEF913691FF854969F02,948
"source/upstream-07ecb7cf/Mage.Sets/src/mage/cards/a/AlabasterKirin.java",0C2B4373B2A8EAC73162DD9DF83B4A15B2EE842D310B976D1624907F41CF1A1B,966
"source/upstream-07ecb7cf/Mage.Sets/src/mage/cards/a/AlabasterLeech.java",25AD8F948B1ACBCB40136B3908882D92FF219301456D2E19AF00F33533FDE03E,1443
"source/upstream-07ecb7cf/Mage.Sets/src/mage/cards/a/AlabasterMage.java",CACFF86F46CD7C1D345C5E39FE770C0E7875941388CA6B44F8A3E5DA05C02249,1394
"source/upstream-07ecb7cf/Mage.Sets/src/mage/cards/a/AlabasterPotion.java",0F8D0613C04406331B1CE82CBFCE4EB6B566355D33D9635AA95500175817CD7F,1363
"source/upstream-07ecb7cf/Mage.Sets/src/mage/cards/a/AlabasterWall.java",C725ACBEF12CCCFCF905B19D0518B27EB9379377D8CADE78554D8221B9C07178,1445
"source/upstream-07ecb7cf/Mage.Sets/src/mage/cards/a/AlabornCavalier.java",4442984A72823AB6DFEF5469E1C2047B4B5CAEE0A427A71D9C14D8D077CF7D65,1218
"source/upstream-07ecb7cf/Mage.Sets/src/mage/cards/a/AlabornGrenadier.java",07C4BE45CBFF99FDA744D71C0BDC9B34D073D872F52133BEA6C4E6694C9B04F1,904
"source/upstream-07ecb7cf/Mage.Sets/src/mage/cards/a/AlabornMusketeer.java",994C3CEA1AB331CEE9B2A7518B07CA611D0F280375B4264DBAECBD5BE7BC5FDF,892
"source/upstream-07ecb7cf/Mage.Sets/src/mage/cards/a/AlabornTrooper.java",F5F75D47499163277AFDCE2542DF9A1F787B2020243E0AC29100D13C0333840A,765
"source/upstream-07ecb7cf/Mage.Sets/src/mage/cards/a/AlabornVeteran.java",2EE6C840EFB648694092C469F18B5A4D80D2294EA0B2E8E61F1FD2ED6A798580,1602
"source/upstream-07ecb7cf/Mage.Sets/src/mage/cards/a/AlabornZealot.java",8FF2C49B21A9F6FE1F41A2A1DBF2B1F8F5939D4178396170624B5C4EB7DB9A91,1397
"source/upstream-07ecb7cf/Mage.Sets/src/mage/cards/a/AlacrianArmory.java",238F9F567824CD44A05C291C8D5CFB1B40883ECFD889FF67AA4256E33DACB3F2,4045
"source/upstream-07ecb7cf/Mage.Sets/src/mage/cards/a/AlacrianJaguar.java",3EA5543D5085A415253C45B95046AAEE2314AF00CD6239B0C91C8EFBAF2C0B45,1406
"source/upstream-07ecb7cf/Mage.Sets/src/mage/cards/a/Aladdin.java",31D5990211F060CDDF4439628E4D8089E6EF4951EABF08CFC4E7BD572BC4FD7B,1467
"source/upstream-07ecb7cf/Mage.Sets/src/mage/cards/a/AladdinsLamp.java",D2AB07B6C38146DA78E42D490BC0B5109C1A6AFD3812E9FD473EFE26E91469B4,3741
"source/upstream-07ecb7cf/Mage.Sets/src/mage/cards/a/AladdinsRing.java",B436F6C170C3771034F0827546C16D8A912805310549BF8EAD829A59C65C5ED8,1153
"source/upstream-07ecb7cf/Mage.Sets/src/mage/cards/a/AlandraSkyDreamer.java",3A3972658EED83EAA1CC4855F2A0A12A5B1B1550CE824C9AB397E6C426EEAA1B,2922
"source/upstream-07ecb7cf/Mage.Sets/src/mage/cards/a/AlaniaDivergentStorm.java",0D448F2E72E324C16C1600278833A57087A0DB5BD4A33A62029F27DACE5B6542,7377
"source/upstream-07ecb7cf/Mage.Sets/src/mage/cards/a/AlaniasPathmaker.java",4E9E4301642607DA9F9EC80387EF8B5B73BF2595E279EB396F788FE40C92B96C,1210
"source/upstream-07ecb7cf/Mage.Sets/src/mage/cards/a/Alarum.java",8D51865281B0FDA12B874A6FA5230D26D473B8C4487DA9A2BE8A500E353A5833,1531
"source/upstream-07ecb7cf/Mage.Sets/src/mage/cards/a/AlBhedSalvagers.java",EDFA50C6FC79231D0B98C8DCF642578696DCDEB98B5785E735584949CB3DE180,1590
"source/upstream-07ecb7cf/Mage.Sets/src/mage/cards/a/AlbinoTroll.java",DBD9B93CBAABF12AF8E048D886BB9E48E103CD1E6566B8F374FC0A6B5B424CDC,1106
"source/upstream-07ecb7cf/Mage.Sets/src/mage/cards/a/AlchemaxSlayerBots.java",D321514FFF62C51E711EA4A96A1BC91583C6C7CBDB4B0D8C356637EB5D62715A,1553
"source/upstream-07ecb7cf/Mage.Sets/src/mage/cards/a/AlchemistsApprentice.java",1E3DA4FEEFBA59FB3B873C240B4C70AE01F3FBBF66781747CAAC7F066E9B8223,1197
"source/upstream-07ecb7cf/Mage.Sets/src/mage/cards/a/AlchemistsAssistant.java",0E3D71B48614DC5BC86C8D07CCD41DBE2F270B29CB60560463BA8D40BF0BC894,1185
"source/upstream-07ecb7cf/Mage.Sets/src/mage/cards/a/AlchemistsGambit.java",3209EDA576C8CD42DE4E575329B36264FAF12F3870CA258E4D1623439CF61350,3077
"source/upstream-07ecb7cf/Mage.Sets/src/mage/cards/a/AlchemistsGift.java",C002799A982902D723CA71E4EDECAB0567FF54C9213B63DB6061A2412BC1F672,1347
"source/upstream-07ecb7cf/Mage.Sets/src/mage/cards/a/AlchemistsGreeting.java",E1F420C93A2D8385ECBE85763F42F66EAFC41C858FC74C0BA5634E1668E7855A,1096
"source/upstream-07ecb7cf/Mage.Sets/src/mage/cards/a/AlchemistsRefuge.java",D8EA3F6364948CEB28F8BB3599A0F192D8AC9978FED1A1A8456B7F2C2756E8A3,1665
"source/upstream-07ecb7cf/Mage.Sets/src/mage/cards/a/AlchemistsRetrieval.java",0B73751484119E46A26992AEC3BD2381841D85CC947DA08D7CD77B25C4AB58CA,1564
"source/upstream-07ecb7cf/Mage.Sets/src/mage/cards/a/AlchemistsTalent.java",56E8BC9EF70C249E3629C6EF49CDAFE7248AA5D0AEF8101988678604C439AFB1,4677
"source/upstream-07ecb7cf/Mage.Sets/src/mage/cards/a/AlchemistsVial.java",E9CD6CFC7A89079FE738538B64A0DA7C5E8568ECF2F3667A32D9A468A01E3207,1700
"source/upstream-07ecb7cf/Mage.Sets/src/mage/cards/a/AlchorsTomb.java",01BB85E54D804BC555225D2E470C9D4F7E7FB0B5F719DF4FDC81F6282890254D,1266
"source/upstream-07ecb7cf/Mage.Sets/src/mage/cards/a/Aleatory.java",2BDBA12CD14787969D4CC4145D56A578025FFE2967E58EBD2F8381D1DED0A83E,2888
"source/upstream-07ecb7cf/Mage.Sets/src/mage/cards/a/AlelaArtfulProvocateur.java",DD7C7B7C5382137729DC68E1832E603E77867E8FC378964548B58E3D497B0CB1,2680
"source/upstream-07ecb7cf/Mage.Sets/src/mage/cards/a/AlelaCunningConqueror.java",4A0F65FE18DCB365B85D2BE27DC223228F9E2569A5759A7EEAD3A9B6D0243FB6,2561
"source/upstream-07ecb7cf/Mage.Sets/src/mage/cards/a/AlenaKessigTrapper.java",5E85372F74A6C75589CB7640C26A6C4DF19AE35BD6512768143FAAF81F84766B,2314
"source/upstream-07ecb7cf/Mage.Sets/src/mage/cards/a/AlertHeedbonder.java",6735F10891EDA3D2FE9657DE70153DB4E19AAC6B04E83B182F1A32BA1A6DCB43,1943
"source/upstream-07ecb7cf/Mage.Sets/src/mage/cards/a/AlertShuInfantry.java",5494245D44B3D0092AC2F8D34C12078A4D3F41C6741FEADD07C5F7AEB8600045,904
"source/upstream-07ecb7cf/Mage.Sets/src/mage/cards/a/AleshasLegacy.java",EBA5844169E1E616C81F4121D3B4354E9EB1D7AEBE1614995B44965FB2141F08,1309
"source/upstream-07ecb7cf/Mage.Sets/src/mage/cards/a/AleshasVanguard.java",EF2B2DC8D9387709ACC0E42E991E569858872846F90B36BEDA16B81ED4964C4A,889
"source/upstream-07ecb7cf/Mage.Sets/src/mage/cards/a/AleshaWhoLaughsAtFate.java",118F1A8604EAE3C5940D1FD6313B2E1122374D290AB4955125B65C0D815CC58F,3348
"source/upstream-07ecb7cf/Mage.Sets/src/mage/cards/a/AleshaWhoSmilesAtDeath.java",64BA83F5273CD2D0985C094EB5625F57B6E1232C9817D909E87F14418EB46ED1,2271
"source/upstream-07ecb7cf/Mage.Sets/src/mage/cards/a/AlexiosDeimosOfKosmos.java",0620C4E390A2DE3FB9F8DFD502DBBD29AB4BBCF64A902A8D4834AA856998269B,4005
"source/upstream-07ecb7cf/Mage.Sets/src/mage/cards/a/AlexisCloak.java",44ADE7CAAF18A093510E1C9EC642E30FB9B6A40C0677751087B517CD324D4125,1563
"source/upstream-07ecb7cf/Mage.Sets/src/mage/cards/a/AlexiZephyrMage.java",D85575551EE3518BFCDCD12F84F4A29C4BD172043953C59F65D6C966788BE86A,2106
"source/upstream-07ecb7cf/Mage.Sets/src/mage/cards/a/AlexWilderRunaway.java",C401B4ED78054FC0CD0ADEFA2FC9C727E0E0F7DDD6939E892E8B0D86FE4E8DE3,3448
"source/upstream-07ecb7cf/Mage.Sets/src/mage/cards/a/AlgaeGharial.java",6157F8CE73F421021966650512AA2B26F35D2EB18733C30A7F1F76C883793F88,1199
"source/upstream-07ecb7cf/Mage.Sets/src/mage/cards/a/AlhammarretHighArbiter.java",52A9684C220D0A8458D32F763BFBFAD6839FCE5824076A7063EEADE89605F440,6217
"source/upstream-07ecb7cf/Mage.Sets/src/mage/cards/a/AlhammarretsArchive.java",120A98211BC7549CBA9C8F30520A675AA4169744F9F55BDA60286DE7808DB187,1357
"source/upstream-07ecb7cf/Mage.Sets/src/mage/cards/a/AlharuSolemnRitualist.java",E030FE3619252F740DC568CFD8BB33013D0D32C5175FADDEAD0AD9BA7DD91F3A,2881
"source/upstream-07ecb7cf/Mage.Sets/src/mage/cards/a/AliBaba.java",7C99203C2B3B0E76047444B3FC521A6D605B00EF25F60854EA41D588F862B35E,1298
"source/upstream-07ecb7cf/Mage.Sets/src/mage/cards/a/AlibansTower.java",EBC00050C0A91AB1FBB1599DD6F2EED9EC1E05A6479F1F2EA6002A29BDB76A5C,1024
"source/upstream-07ecb7cf/Mage.Sets/src/mage/cards/a/AlibouAncientWitness.java",7301EE6E44A2EC35F26B333CAFE6B019448673A1F7F8226D965B8B95E78DB7E8,3056
"source/upstream-07ecb7cf/Mage.Sets/src/mage/cards/a/AliciaMastersSkilledSculptor.java",3A262F1FA68C65AF14A7B4FE1EA8373D09C20498D6BE6CA29E26ACE170BDB38D,1986
"source/upstream-07ecb7cf/Mage.Sets/src/mage/cards/a/AlienInvasion.java",EB741C80D005B1DD392C9FFE052F3F2FEB535ACD724CBB5BFA4346A699D57585,2989
"source/upstream-07ecb7cf/Mage.Sets/src/mage/cards/a/AlienSymbiosis.java",8564F6380C4D2EFFFBF2F3F50359319543A650303F325A8BA648F531E1BBAE0E,4007
"source/upstream-07ecb7cf/Mage.Sets/src/mage/cards/a/AliFromCairo.java",9D13A0B8CCBFE12FA0FBA787C9E74F0093F57AE6580DE61B3A22CCB329860DD7,2979
"source/upstream-07ecb7cf/Mage.Sets/src/mage/cards/a/AlignedHeart.java",012B6AC88F30777A0366963F97630AA677640E3F1DCE196485B98EE128870331,1578
"source/upstream-07ecb7cf/Mage.Sets/src/mage/cards/a/AlignedHedronNetwork.java",496DCD0F5267547023FC3FD803B123340934B17109D1E8829EBC423FA0F2AD2A,2970
"source/upstream-07ecb7cf/Mage.Sets/src/mage/cards/a/AliriosEnraptured.java",82B5CB98AB47C86C0A815C7B7B8D10E7768715FBC1A87B86B9189AD9A26A9B75,2358
"source/upstream-07ecb7cf/Mage.Sets/src/mage/cards/a/AlisaieLeveilleur.java",AD903C38A83DE0865AB31CC8B089CF27AC1BDD65E5340F4528BF5D106C8C03BD,1898
"source/upstream-07ecb7cf/Mage.Sets/src/mage/cards/a/AlistairTheBrigadier.java",B98028DBBA5E855CAA0B376C1D84FDFD9151BF06ED0F33768903368DC5F1B4BA,2716
"source/upstream-07ecb7cf/Mage.Sets/src/mage/cards/a/ALittleChat.java",7C3F8A4E5B7F37784CB8F998DA8ECA16A855BC9543EBD0D72EC8CA0D62DD8E0C,1012
"source/upstream-07ecb7cf/Mage.Sets/src/mage/cards/a/AliveWell.java",F4C7CED50A98C740CA126D106C248FE86F56457595EE10B6C40B6C03463A435A,1954
"source/upstream-07ecb7cf/Mage.Sets/src/mage/cards/a/Allay.java",416B53486493E9D1DC8FC8A530BFA78C70498048DCD1E537A6D28EBC11961BEF,924
"source/upstream-07ecb7cf/Mage.Sets/src/mage/cards/a/AllegiantGeneralPryde.java",25EA753FF465E3F7A75414D5E03095BA8C29E658C74D1622258EEFCC8009AB1D,2282
"source/upstream-07ecb7cf/Mage.Sets/src/mage/cards/a/AlleyAssailant.java",7FE3185420A8E7DC691C6572CF06819A19C386E537DFD711A254F2042CDD818E,1758
"source/upstream-07ecb7cf/Mage.Sets/src/mage/cards/a/AlleyEvasion.java",059266CF027375261BA5517A5A31CD88B4302BE36681E56CDC395AA1E805A2B8,1293
"source/upstream-07ecb7cf/Mage.Sets/src/mage/cards/a/AlleyGrifters.java",6162BEE5EDDF14A44ADABBA6DE68F1200668BFD6F40D191BE419B572056F53D2,1169
"source/upstream-07ecb7cf/Mage.Sets/src/mage/cards/a/AlleyStrangler.java",A69C22AF0D0A6CAFDBBAB8944219583C9F921DA6EE43A1D3F2B56B7A8238DDDE,892
"source/upstream-07ecb7cf/Mage.Sets/src/mage/cards/a/AllFatesScroll.java",EEF5772813293EA33DE1F59DACE0B2CB8BB92CD2C2B2135864849236C4F4615D,1664
"source/upstream-07ecb7cf/Mage.Sets/src/mage/cards/a/AllFatesStalker.java",2B65C04F5C66D72D4C0B921AD86AF216C0566D31A5574E42647500708CE50C00,1743
"source/upstream-07ecb7cf/Mage.Sets/src/mage/cards/a/AllHallowsEve.java",EC115C95859BD3AFDC457159239DAD2596BF7E937D7002F91766F1FD6AB58515,3869
"source/upstream-07ecb7cf/Mage.Sets/src/mage/cards/a/AllianceOfArms.java",8733D028F954F0E83A0DC84075DDE8C7748CA3ABE8C04160909EAC8A9F9356F0,3054
"source/upstream-07ecb7cf/Mage.Sets/src/mage/cards/a/AlliedAssault.java",9F80C4E9511AD344A84280D0ED4411BE172E22F6FDC2368C753006CE10037339,1397
"source/upstream-07ecb7cf/Mage.Sets/src/mage/cards/a/AlliedReinforcements.java",1142028ADCC88534DE465EF9383F900462B709D936DFE0728AD31511B3E5308A,849
"source/upstream-07ecb7cf/Mage.Sets/src/mage/cards/a/AlliedStrategies.java",00BC9092D9C3D7BD2E6638A1B9C73622B7C1865C7A29079AC81B31BACBA475DE,1174
"source/upstream-07ecb7cf/Mage.Sets/src/mage/cards/a/AlliedTeamwork.java",C45498122D18A51965DE870B07345936F36FAB76107B951269E6E11967F5451F,1442
"source/upstream-07ecb7cf/Mage.Sets/src/mage/cards/a/AlliesAtLast.java",AE802144646D292C53801D18BF59406EE22D3D9FD4B215C22CC576FE940E102A,1318
"source/upstream-07ecb7cf/Mage.Sets/src/mage/cards/a/AllIsDust.java",EAC04B1D15DC95775C982856B4C70701B34861B14484D7DF3CC6C249BA562EDC,1638
"source/upstream-07ecb7cf/Mage.Sets/src/mage/cards/a/AllOfHistoryAllAtOnce.java",6F1FC4C57A679C72D029D23FF32C6D777D67AD619C67F38B631AC4167B358260,857
"source/upstream-07ecb7cf/Mage.Sets/src/mage/cards/a/AllosaurusRider.java",9670B3A4024E4089B3B66149C5F10605390291AFDFDCCCFA049467DF9E37F8DE,2206
"source/upstream-07ecb7cf/Mage.Sets/src/mage/cards/a/AllosaurusShepherd.java",F8CD9346820AE426F4915F93F445DC08BFA4FD87279D6043FE6E35F98D7E4525,2885
"source/upstream-07ecb7cf/Mage.Sets/src/mage/cards/a/AllOutAssault.java",BB3D2B95AC18C927DCD5EF49760B02425FEE308FD8D0E7B29BE14DA661ED460D,2796
"source/upstream-07ecb7cf/Mage.Sets/src/mage/cards/a/AlloyAnimist.java",B088CFD7366EB1A1BBE06AD8C27EFA24789897F897AEDA9B26432E6C2BAFBD52,1977
"source/upstream-07ecb7cf/Mage.Sets/src/mage/cards/a/AlloyGolem.java",447389583376ADD3EE5EFD3D478B51A1C171581AEB33E82FE16519E79C8AB1FF,1523
"source/upstream-07ecb7cf/Mage.Sets/src/mage/cards/a/AlloyMyr.java",7E0B3FD79C8F16770CC490EE6414122B1AC2F8755CB011C2B944C83DB87C86C8,804
"source/upstream-07ecb7cf/Mage.Sets/src/mage/cards/a/AllSeeingArbiter.java",6492661FEEDF6201E453971F6126D5A90FF4970DF987D991A34756B5D393513F,3214
"source/upstream-07ecb7cf/Mage.Sets/src/mage/cards/a/AllSunsDawn.java",3F987C9DF5FD09704701F52A363D0D2E702B86044A62D1EB85D45F6B4543FEDF,3538
"source/upstream-07ecb7cf/Mage.Sets/src/mage/cards/a/AllThatGlitters.java",6C3D714995CBED8A492529566D1032A61F15D37CD55A722A4FD77DDE859E115B,2213
"source/upstream-07ecb7cf/Mage.Sets/src/mage/cards/a/AllureOfTheUnknown.java",B3D917228E4714028882F4AF3B514623DB1324809046BABBE28977FE5F72A288,3237
"source/upstream-07ecb7cf/Mage.Sets/src/mage/cards/a/AlluringScent.java",4979EFB847798EE706E747AC144AF7733CB9957B1199ECD2CD565EA4F3A39F01,956
"source/upstream-07ecb7cf/Mage.Sets/src/mage/cards/a/AlluringSiren.java",753C2A4B825A1CF0A0922170BFD37A542686EDE066D8C2C5B4F27D66D7B0E6E4,1458
"source/upstream-07ecb7cf/Mage.Sets/src/mage/cards/a/AlluringSuitor.java",880E5A5D0468A7D5E8355E2516254D5998010189CBACCE0A3D896F9D4A25B583,3874
"source/upstream-07ecb7cf/Mage.Sets/src/mage/cards/a/AllWillBeOne.java",69BF564DE1C573BC61B9B286F799237B6BF5B14C199DB2DB18C22948E9F7CD4F,3322
"source/upstream-07ecb7cf/Mage.Sets/src/mage/cards/a/AllyEncampment.java",021E8087F23193AD82CEF2741B5E0239B8ED45E3D2859A6768752157471BD257,2230
"source/upstream-07ecb7cf/Mage.Sets/src/mage/cards/a/AlmightyBrushwagg.java",B6A484A52F924D9B379D9FB9F368597CBCCBF6989307AD8E5ABB4DA6FA34AAB1,1292
"source/upstream-07ecb7cf/Mage.Sets/src/mage/cards/a/AlmostPerfect.java",54E109EF97B32E3C8A9FD0F2339632B691330E7C6B22FFFB608165C9FCEC7113,1881
"source/upstream-07ecb7cf/Mage.Sets/src/mage/cards/a/Alms.java",0C10D7CA22DDF206CE526746E66432172562E3B266A6B93AE5CF631B8C9FA095,1282
"source/upstream-07ecb7cf/Mage.Sets/src/mage/cards/a/AlmsBeast.java",E6E20287509FA5DCB468CDADADE805C7F9E0FFB4AD83264C341C5FE9FDED6CFE,1535
"source/upstream-07ecb7cf/Mage.Sets/src/mage/cards/a/AlmsCollector.java",FA12828EAEB2BB198745075AECA7553AC86D2C6518F9FFCD06BF078DC7485DA5,2885
"source/upstream-07ecb7cf/Mage.Sets/src/mage/cards/a/AlmsOfTheVein.java",B01E2D99ABEAF32299CCDB2053B4AB9232059CE764D055592F27933AB2C572B2,1168
"source/upstream-07ecb7cf/Mage.Sets/src/mage/cards/a/AloeAlchemist.java",AAD98809C5BF310CB1CCE9209D16BE343CB79834E03D393A3E96CB375A0D01DD,1934
"source/upstream-07ecb7cf/Mage.Sets/src/mage/cards/a/AlongTheCrookedWay.java",12284F63590C81BBDB8B7B976AB9EB4078AB64DA001B930285FA7C574F2AF4EB,3697
"source/upstream-07ecb7cf/Mage.Sets/src/mage/cards/a/AloraMerryThief.java",DCDB1D0F2C4678DD7065F4666DC030191DC80AFB0B9FE031A8C1463F2F5D1D8D,3008
"source/upstream-07ecb7cf/Mage.Sets/src/mage/cards/a/AloySaviorOfMeridian.java",68FB0D0C05B564E7BAF9D0432F47423B44C95666E1DE6F44F572B67E2F5E48B2,2983
"source/upstream-07ecb7cf/Mage.Sets/src/mage/cards/a/AlphaAuthority.java",E6CE98EF74544DDC231BA53B59C54EA5D8DB24E634611CC7DA6EB6D7037196A2,1905
"source/upstream-07ecb7cf/Mage.Sets/src/mage/cards/a/AlphaBrawl.java",F3EFE1DC9ECDD53F07FBC05EB07A51CD5E204CF38A8A244D74ECD619D2B45250,3072
"source/upstream-07ecb7cf/Mage.Sets/src/mage/cards/a/AlphaDeathclaw.java",61C0A757637035BF1882514BB5B2E7FD88D794531C495613C021DD9610832FE4,2038
"source/upstream-07ecb7cf/Mage.Sets/src/mage/cards/a/AlphaKavu.java",8407823F80304D2E1AF13ADA60A8A2DF9F290962FD471CCCA9B77447433407B9,1569
"source/upstream-07ecb7cf/Mage.Sets/src/mage/cards/a/AlphaMyr.java",9090C1BB53A7903AD005D627AA189CA7FCA4A21339F6E0719498EEBE57A3B329,697
"source/upstream-07ecb7cf/Mage.Sets/src/mage/cards/a/AlpharaelDreamingAcolyte.java",B1610B679CEAA82DF721F0E0F7125107FCA68AF6FD93E47C8531B4E495542AC7,2538
"source/upstream-07ecb7cf/Mage.Sets/src/mage/cards/a/AlpharaelStonechosen.java",0E34C5EF55BB86976D16FE86A18BD918189A40F3957E9759ECE63B3618D836A6,1810
"source/upstream-07ecb7cf/Mage.Sets/src/mage/cards/a/AlphaStatus.java",D85F5D6C5C5C33AC28B54E5A416F7C2E222A9D457ABB77EBC367287BB46D9E17,2997
"source/upstream-07ecb7cf/Mage.Sets/src/mage/cards/a/AlphaTyrranax.java",DD9A468B559E5D4ABA7C9AB7E7C18AF48EFA71DEF09377BC7007E2C4B3828C26,764
"source/upstream-07ecb7cf/Mage.Sets/src/mage/cards/a/AlphinaudLeveilleur.java",D9FB32B4ABF5A7F26635610CCB5ABA3C63C0E7ABDD139528A03F5060F02BF966,1511
"source/upstream-07ecb7cf/Mage.Sets/src/mage/cards/a/AlpineGrizzly.java",A23138984D9A2CA43485066D6A15BC714B0A337CF2FAA33839D13F25A42783D7,715
"source/upstream-07ecb7cf/Mage.Sets/src/mage/cards/a/AlpineGuide.java",D796F80AD792FAC30F1E39473A8CD965F5DB7A2F82E32BFC3B60FF687D6A42EB,2197
"source/upstream-07ecb7cf/Mage.Sets/src/mage/cards/a/AlpineHoundmaster.java",E027F1931914DFF446C7231DD0A3F7131E4579E6E21422CDC2ACD6F2D67A71F7,2976
"source/upstream-07ecb7cf/Mage.Sets/src/mage/cards/a/AlpineMeadow.java",E3FF37C8C05EC50731DE4B757B16B3CEB4C3C695D25EEB75FA29D6D77000FFC5,1130
"source/upstream-07ecb7cf/Mage.Sets/src/mage/cards/a/AlpineMoon.java",7141E683505AAD4E4700166EA08B1236CDB5D165E7D272312433EB7842A3149F,3886
"source/upstream-07ecb7cf/Mage.Sets/src/mage/cards/a/AlpineWatchdog.java",9A0823D9A64C9523BB18FB9C1AC3F0F9295582875D7F84F182CBEBFB73E6331C,849
"source/upstream-07ecb7cf/Mage.Sets/src/mage/cards/a/AlquistProftMasterSleuth.java",021B4B94458D6C2885C943D2FF5D7DD3583873D830CA54B25AD267350F447539,2305
"source/upstream-07ecb7cf/Mage.Sets/src/mage/cards/a/AlrundGodOfTheCosmos.java",286BB5BB7A8D010CED43C7888099DA9FD55E9651686E979A18649EFA92FB2077,6698
"source/upstream-07ecb7cf/Mage.Sets/src/mage/cards/a/AlrundsEpiphany.java",3FC40D99F69310950E4C398F29262A69F5AFC83C60BF65FD79BB44BB0CC893AB,1293
"source/upstream-07ecb7cf/Mage.Sets/src/mage/cards/a/AlseidOfLifesBounty.java",0DC50F94D5C24985CBAFA0CF9C9E6E4F1F66FC688DCC1603F49D8922D1FFCDB5,2139
"source/upstream-07ecb7cf/Mage.Sets/src/mage/cards/a/AltacBloodseeker.java",008F0415957B17C2033A873D431A81B410346AE6C10ED7C6BC60D81140CCD148,2030
"source/upstream-07ecb7cf/Mage.Sets/src/mage/cards/a/AltairIbnLaAhad.java",653E824CD3D5C67228A20D373DF2358EBBBD36AF8EC3EF352E140132869256B2,5281
"source/upstream-07ecb7cf/Mage.Sets/src/mage/cards/a/AltanakTheThriceCalled.java",542C307D0BB78F727CF4AEE8B90A8B5EBA1152264BD619D8F357E329DBB92A81,2443
"source/upstream-07ecb7cf/Mage.Sets/src/mage/cards/a/AltarGolem.java",E3489916579F3E696CF0904F1DE9A3866D6C688C2E488A69A87163926B3995EE,2262
"source/upstream-07ecb7cf/Mage.Sets/src/mage/cards/a/AltarOfBhaal.java",322E7C7A3F59F3A5167E61EDB7CFCBD93CCA08C0F02A8F12C12E99871C8C962F,2082
"source/upstream-07ecb7cf/Mage.Sets/src/mage/cards/a/AltarOfBone.java",AABCCEFC92A05CA108A6D58602C6CDCCD833BE483874B5294748BAECD931DFDC,1257
"source/upstream-07ecb7cf/Mage.Sets/src/mage/cards/a/AltarOfDementia.java",9785D2D84C5AD4C3F902DACDCE69020388EECB75D9C3BFDA463159E2A956F6D0,2519
"source/upstream-07ecb7cf/Mage.Sets/src/mage/cards/a/AltarOfShadows.java",5B1C369E366674E2CC244EED6430B54E5EC3907DED132E1F91C34193B8214F02,2969
"source/upstream-07ecb7cf/Mage.Sets/src/mage/cards/a/AltarOfTheBrood.java",8BAF72CF98C54D7AE490C7C5799E01D481FE582105DB2E4FC31919E4F81070CE,1323
"source/upstream-07ecb7cf/Mage.Sets/src/mage/cards/a/AltarOfTheGoyf.java",4AFBEB2C7F72CA590DA31F8EB6999C60E3ABE09F58B7F335A26DD7029B5EDBF7,1932
"source/upstream-07ecb7cf/Mage.Sets/src/mage/cards/a/AltarOfTheLost.java",996AF84337F1A25FAA77500B4F1215ED56BB67F1DBFBF25678C71058EF7FE042,2935
"source/upstream-07ecb7cf/Mage.Sets/src/mage/cards/a/AltarOfThePantheon.java",5E971374006F20D59479F7755C55C8961DE6EA235692F0C09973A2AB205A2732,2232
"source/upstream-07ecb7cf/Mage.Sets/src/mage/cards/a/AltarOfTheWretched.java",92A812123BBDD73623B04A4766FACCFB99057EE7EBED6109AD37825FEB29CA1C,9720
"source/upstream-07ecb7cf/Mage.Sets/src/mage/cards/a/AltarsLight.java",182AA58FEB9E6EB9FEB878D45DDF42FC8ED42E040714117A955AAD069E821026,894
"source/upstream-07ecb7cf/Mage.Sets/src/mage/cards/a/AltarsReap.java",C6E2437E959129F171B00E67C25BBEB2FCC94716DFB36171512A6C8A02607B8A,1036
"source/upstream-07ecb7cf/Mage.Sets/src/mage/cards/a/AlteredEgo.java",BF2E49911E7A358D01AEE084100DF58BF35386D1215ABFBDB050E97B228D08D7,3322
"source/upstream-07ecb7cf/Mage.Sets/src/mage/cards/a/Aluren.java",8A2F6CB1D32231997DE3A3A08D7C553CCF7D2AAD9DD567950F1C3155C5F884E7,4284
"source/upstream-07ecb7cf/Mage.Sets/src/mage/cards/a/AlwaysWatching.java",2BD4BEAE5A0B25E46E47D256CAAAE4B66DC06815C1FF9C1C9401D6133A021AF5,1646
"source/upstream-07ecb7cf/Mage.Sets/src/mage/cards/a/AmaliaBenavidesAguirre.java",C22C3A78B0D6136034D50DC38CC43C4FE2867F277D0E49E44E80DD6138146E0F,2575
"source/upstream-07ecb7cf/Mage.Sets/src/mage/cards/a/AmarantCoral.java",9C018FE7C32A4A166201F48681DDC7BF34549D7B0705CCCB97DD5A3631B8DB85,1599
"source/upstream-07ecb7cf/Mage.Sets/src/mage/cards/a/AmaranthineWall.java",38BB3CDA7F8A6F8F9D75CFC69DB0F4437F20C6D20817560F3E6861F4A8E7DA93,1466
"source/upstream-07ecb7cf/Mage.Sets/src/mage/cards/a/AmarethTheLustrous.java",DD6C7B2C77C864E05289CED5B3D09C864229AA9685402D0D1A98B1AF1E4B7F0C,3133
"source/upstream-07ecb7cf/Mage.Sets/src/mage/cards/a/AmassTheComponents.java",76ECC9F16255ECEC67D17DD7AF6B411BBB6DD03AEC7CB460EB7C2990E5E555EA,2298
"source/upstream-07ecb7cf/Mage.Sets/src/mage/cards/a/AmateurAuteur.java",34BC34B51156152B93C60C08D3B334047E301B1DA59A607AB48443A1C1AF6412,1270
"source/upstream-07ecb7cf/Mage.Sets/src/mage/cards/a/AmateurHero.java",6494B524D940566F614FD64A02364A98AFC6CB40CFF2C0B5ABC271ED19E666EF,1006
"source/upstream-07ecb7cf/Mage.Sets/src/mage/cards/a/AmazingAcrobatics.java",C0793AD056547175D9ECBA55EEEB2A779D03D103A927956020252BF0269D5A81,1373
"source/upstream-07ecb7cf/Mage.Sets/src/mage/cards/a/AmazingAlliance.java",D4553F2B2513BA009B91BDD029DEC5EFA5AB90053F451B89A5F717E76244AD67,1559
"source/upstream-07ecb7cf/Mage.Sets/src/mage/cards/a/AmazingSpiderGirl.java",AFCFD059EF32E7432FE873FD65A0F92C912D1AA4F4E72187076112D97201815A,1297
"source/upstream-07ecb7cf/Mage.Sets/src/mage/cards/a/AmbassadorLaquatus.java",7883C70DECDA8139A126DD61C74C956B8DEA7A33D513AEA2C09629F95C7703AB,1411
"source/upstream-07ecb7cf/Mage.Sets/src/mage/cards/a/AmbassadorOak.java",D59B32E28C0372CB7982809B9B9CB4B56D3DEB4336B0F379481B59B1669DF9E7,1049
"source/upstream-07ecb7cf/Mage.Sets/src/mage/cards/a/AmberGristleOMaul.java",67DE58B8D89D1E2F8C02648DDB6D8E16554109F857D458EAFB985495BAFC23F2,2910
"source/upstream-07ecb7cf/Mage.Sets/src/mage/cards/a/AmberPrison.java",BD2AD22A036BF926373D55A10503D7C93F749721098BCDB5F8FCDCFCF15E1242,1958
"source/upstream-07ecb7cf/Mage.Sets/src/mage/cards/a/AmbitionsCost.java",510599AF11B174843D52F386F619022D59464540650C52F897DDB871195B2611,918
"source/upstream-07ecb7cf/Mage.Sets/src/mage/cards/a/AmbitiousAetherborn.java",B088C43A254A36EC5CB7B94031F90E651992C2941A3A754F9DF587A42B13C195,925
"source/upstream-07ecb7cf/Mage.Sets/src/mage/cards/a/AmbitiousAssault.java",11EFCB1013CC5A00D6F8F0C790893D8B2E777960FBFC82C9F7DFAB0650EABDA2,1831
"source/upstream-07ecb7cf/Mage.Sets/src/mage/cards/a/AmbitiousAugmenter.java",A23D9F023B6697793BE87E1E5637CC052DE9D07CCAE12E25EC4C6DBAAA70505B,3418
"source/upstream-07ecb7cf/Mage.Sets/src/mage/cards/a/AmbitiousDragonborn.java",7E6D837629AD007B37829701B458E23DFA32E4CEAEA041C4882F7D924381B15F,3014
"source/upstream-07ecb7cf/Mage.Sets/src/mage/cards/a/AmbitiousFarmhand.java",73BD49FFABD8CF97F3111E9FDD65C85FF1EE0AB3C9830D03CFE39284C354BE24,2419
"source/upstream-07ecb7cf/Mage.Sets/src/mage/cards/a/AmblingStormshell.java",210286A1E618888B7AF42422645A4D438366497E85D4F5DD250C7045619A0F4A,2097
"source/upstream-07ecb7cf/Mage.Sets/src/mage/cards/a/AmbrosiaWhiteheart.java",F0C0C90D95026D37AEAAD5AA9E712DD363A2CD7631B84AC12EB6CA64152EB9C3,2820
"source/upstream-07ecb7cf/Mage.Sets/src/mage/cards/a/AmbulatoryEdifice.java",3DBBDEB5CB7C9168DC0240B90BA32F5618D367BDA0FBA4D4715BA4868F7A4E81,1647
"source/upstream-07ecb7cf/Mage.Sets/src/mage/cards/a/Ambuscade.java",38EAE667EC780FA397483BA45A45B7C3CCD639F001665B0491ECBF9D254E6D92,1431
"source/upstream-07ecb7cf/Mage.Sets/src/mage/cards/a/AmbuscadeShaman.java",609DF644A0957DF271041EB5A56EE9A4492F5CAFE8CA4E249B7AF45170060425,1782
"source/upstream-07ecb7cf/Mage.Sets/src/mage/cards/a/Ambush.java",DAC12F64CD94A0F37C77EFF3B3D16486A007E2E78A4623534DF331EEB286E8E1,927
"source/upstream-07ecb7cf/Mage.Sets/src/mage/cards/a/AmbushCommander.java",AE6267AA245FA0A01140CE7A6CF1B1F566BDF351066BA153B919EDA7082D105F,2661
"source/upstream-07ecb7cf/Mage.Sets/src/mage/cards/a/AmbushGigapede.java",8F793CA95EDFD7DAE6468B5D2E3B9A797F193407120AC012205DDEF8A7632778,1386
"source/upstream-07ecb7cf/Mage.Sets/src/mage/cards/a/AmbushKrotiq.java",70D87B00D6CFB51C02870276C5FCD06A5DFE60C4E9B5B105533412EDAE7352EE,1287
"source/upstream-07ecb7cf/Mage.Sets/src/mage/cards/a/AmbushParatrooper.java",E808D5BBCBF0072C72DBE628C59357D60D941338C5562453EA817B9B9DF29E01,1448
"source/upstream-07ecb7cf/Mage.Sets/src/mage/cards/a/AmbushParty.java",9656354452756B3CF36CEA9E2C2D106D820705975D8DB28933FF5822FB003B1C,950
"source/upstream-07ecb7cf/Mage.Sets/src/mage/cards/a/AmbushViper.java",87905D14A2C7CADB1F607A9DCB3C32CC2896DDED04C5379CBADB766EACD877BB,907
"source/upstream-07ecb7cf/Mage.Sets/src/mage/cards/a/AmbushWolf.java",6B80D36D15B8CBB08C72729F431E12E0523577C74099B129D77A4764916D6D47,1283
"source/upstream-07ecb7cf/Mage.Sets/src/mage/cards/a/AmethystDragon.java",843E7F763EC85341F7AC85F715C7050B8A648C821F6FD8C1AFB7BF64CE69E0B2,1478
"source/upstream-07ecb7cf/Mage.Sets/src/mage/cards/a/AminatousAugury.java",0E1EF14E1B1548A6BE96FFFB285BB839B2DFC3B4C023B481F5AAFD22A93CC912,8338
"source/upstream-07ecb7cf/Mage.Sets/src/mage/cards/a/AminatouTheFateshifter.java",46E26108520871C11BAFC77E6ECF701BFA828060E2F8CCD373290039F2C271F9,7239
"source/upstream-07ecb7cf/Mage.Sets/src/mage/cards/a/AmmitEternal.java",D5BD405DC6823AA5A732E64208E86B0F2C332911C288871969A83D41B086728B,1722
"source/upstream-07ecb7cf/Mage.Sets/src/mage/cards/a/Amnesia.java",5B8C717EEC7FA9B4D4BEF860735205ED1D350A137DAED15C38D295BAE63805C8,1773
"source/upstream-07ecb7cf/Mage.Sets/src/mage/cards/a/AmoeboidChangeling.java",7D47060C1AAD21D845CBD474E6797E0E5AF89013E32B1BFFB5CA98950C34BB1A,1877
"source/upstream-07ecb7cf/Mage.Sets/src/mage/cards/a/Amok.java",FC6EF6087E8CD2AF4BF2FAE70DF5229F19F8C3A89CD4EEFF272BAEB3FE826C6B,1233
"source/upstream-07ecb7cf/Mage.Sets/src/mage/cards/a/AmokTime.java",4AD847FDDC8244AC0D6FA74A2D68C6F71F39BA17EAE60342BDD7EFDB94B062C5,2400
"source/upstream-07ecb7cf/Mage.Sets/src/mage/cards/a/AmonkhetRaceway.java",5E6753B2E4AB563B5948AB43FBABA4BAC78580A816C998779C93D1940991017C,1515
"source/upstream-07ecb7cf/Mage.Sets/src/mage/cards/a/AmorphousAxe.java",90767387E69DE7103464ED67678A2B363DB69F0FEC6BDFAD32C625320EC25878,1214
"source/upstream-07ecb7cf/Mage.Sets/src/mage/cards/a/AmpedRaptor.java",DC5910743CE8A63093A6DF78EBD0BDDAF648525F72AB0C1F11178B6ABC25DE2C,5224
"source/upstream-07ecb7cf/Mage.Sets/src/mage/cards/a/AmphibianDownpour.java",8205DB8EFCED60F8E90269F814A6EC85DA02C30DC792F9A0D07C8CDE6653B8A0,2100
"source/upstream-07ecb7cf/Mage.Sets/src/mage/cards/a/AmphibiousKavu.java",F568969169761FF85EDC4C6C650574A2BA422C91D6B0A63901DE43E459A9F5F6,1623
"source/upstream-07ecb7cf/Mage.Sets/src/mage/cards/a/AmphinCutthroat.java",6675F395BE0486D4EB72B283284DD159CDE7C7EF467A31C06855A31FA31918ED,772
"source/upstream-07ecb7cf/Mage.Sets/src/mage/cards/a/AmphinMutineer.java",26F336CD7045AAC61B8F2619144D9FB1D6AAFFFF370878C59BAB76F02BA63E98,3092
"source/upstream-07ecb7cf/Mage.Sets/src/mage/cards/a/AmphinPathmage.java",37BD0524CF85A920D987E16053C7AD9F59E36AE0BD5C405D84301A1FA47D8EF9,1376
"source/upstream-07ecb7cf/Mage.Sets/src/mage/cards/a/Amplifire.java",285F4667F4BD85FF8782D9139AAF199409B41306ACFD27E79EC06B4838B4E1D2,3139
"source/upstream-07ecb7cf/Mage.Sets/src/mage/cards/a/AmprynTactician.java",505FA292D70535FFFECCE77B18A9CBF4B7130882C1E739F773BC0A86C548F5E8,1159
"source/upstream-07ecb7cf/Mage.Sets/src/mage/cards/a/AmrouKithkin.java",4C451DB9ACE42EF5F125B9D416ACF7ACA2521D218F25D7675C6BA33C9B0CA4C3,1452
"source/upstream-07ecb7cf/Mage.Sets/src/mage/cards/a/AmrouScout.java",24E275BD546F435EA81C54048A65D415252567B68B3E02FAA8AA36DBDDAD9AD0,1950
"source/upstream-07ecb7cf/Mage.Sets/src/mage/cards/a/AmrouSeekers.java",8DEE3BD08C13A7CE11AB8203E61CA8A86EFA9F04F1212375586A1DEDC296E4EB,1736
"source/upstream-07ecb7cf/Mage.Sets/src/mage/cards/a/Amugaba.java",B84CE93DF8BDAC155A344A7911B162ADD1C090C39F186EE5484FAD65CD0C8519,1421
"source/upstream-07ecb7cf/Mage.Sets/src/mage/cards/a/AmuletOfKroog.java",20E02FCE5FDC8D2488AD38627C6D1095437CD5BAD0091CC1CF261BD657086FB2,1255
"source/upstream-07ecb7cf/Mage.Sets/src/mage/cards/a/AmuletOfSafekeeping.java",D2A998B3613594E82345F930AD3BBCEDF66649021A1A9088EE1A167EF1146EE1,1668
"source/upstream-07ecb7cf/Mage.Sets/src/mage/cards/a/AmuletOfUnmaking.java",2F98AD1D0C47770FA8E65B91CE768E3F317DC1B5061C551EF239507EC8DA5007,1816
"source/upstream-07ecb7cf/Mage.Sets/src/mage/cards/a/AmuletOfVigor.java",9BB2FFD57A87B3B44079D52B9E4D59CB5DB5F5CC80394FBDC8ED68742892EF01,2805
"source/upstream-07ecb7cf/Mage.Sets/src/mage/cards/a/AmyPond.java",54E65E7703C233D29660A5FE9BB2A21D9D871FC7FA0396FFBF1209E2156F1BED,3102
"source/upstream-07ecb7cf/Mage.Sets/src/mage/cards/a/AmyRose.java",ECA471507A628FC23B7DE92B2DC7C23DCB9ADA76EEDB3B354F74AE36FF9F595C,3265
"source/upstream-07ecb7cf/Mage.Sets/src/mage/cards/a/AnabaAncestor.java",E5B21119E3963ED900A7871D7931B3FF74771D5DCB9013E6097B7F6A1BF218B5,1755
"source/upstream-07ecb7cf/Mage.Sets/src/mage/cards/a/AnabaBodyguard.java",69DCA9E7F4D00883DD9CA89C2DD76B0FA471DC4C2BB9F833EEF01042B8047FF6,833
"source/upstream-07ecb7cf/Mage.Sets/src/mage/cards/a/AnabaShaman.java",6D067361D19960C7B93F54C102F275BC7C840BCF35FFCCE8682F597D7F1AF5A4,1365
"source/upstream-07ecb7cf/Mage.Sets/src/mage/cards/a/AnabaSpiritCrafter.java",0AE24E7A58B7BC66B2923FE6680964A40F06AA59080433CD506A47F1A5654239,1363
"source/upstream-07ecb7cf/Mage.Sets/src/mage/cards/a/AnaBattlemage.java",F6DF9CCC7BB6C3EBCAE95E1FCB623CD61BDE01233AF464D2B7D182855E9B8E86,3740
"source/upstream-07ecb7cf/Mage.Sets/src/mage/cards/a/Anaconda.java",53336BEE0E4262035C614528BE51931A316AF56CCF5C8C0B29001109FD971226,786
"source/upstream-07ecb7cf/Mage.Sets/src/mage/cards/a/AnaDisciple.java",DFE1C1050CFBFAA70C8299A36C35BDDC6A00C4D6CFED4BD804A08314F77D502D,1763
"source/upstream-07ecb7cf/Mage.Sets/src/mage/cards/a/AnafenzaKinTreeSpirit.java",1D8798D7696B4016599F33ECA192A806BF5A85F1DAE148B533FD93FEAD386BEB,1677
"source/upstream-07ecb7cf/Mage.Sets/src/mage/cards/a/AnafenzaTheForemost.java",B7A35E33C4754AAE8F5AA89BB74A23C8B0DF795E015EE14F856C6C343B6516EA,4612
"source/upstream-07ecb7cf/Mage.Sets/src/mage/cards/a/AnafenzaUnyieldingLineage.java",025E9E71E3A3360207E98BE9428936750A566E677B687B9106AA04373400B11E,1966
"source/upstream-07ecb7cf/Mage.Sets/src/mage/cards/a/AnakinSkywalker.java",2B34C1C7528E6A27113A40654C767EF9F17947BE1F8B4027527AD204300D1E60,6248
"source/upstream-07ecb7cf/Mage.Sets/src/mage/cards/a/AnalyzeThePollen.java",F241D162CE134E77E1DA27D5F012BEC15C91B62B58DBE88423F36CA5D9C19E75,1831
"source/upstream-07ecb7cf/Mage.Sets/src/mage/cards/a/AnaraWolvidFamiliar.java",C1208339835412EF5D69B773C4C632A43C6F3D2D8F6111F8664B066019868901,2104
"source/upstream-07ecb7cf/Mage.Sets/src/mage/cards/a/Anarchist.java",ED81942843FB20FA6D3C30D311B26CF558453A5A49BC9AF784A6E51F4C832169,1475
"source/upstream-07ecb7cf/Mage.Sets/src/mage/cards/a/Anarchy.java",E8C8E6D1A02F8BCBF22E3F930A4E205917F63CA6287BA71277B26763F757E433,968
"source/upstream-07ecb7cf/Mage.Sets/src/mage/cards/a/AnaSanctuary.java",1447C128020755E618537006456F19279943D056B2B452F573572E726F125E7A,1618
"source/upstream-07ecb7cf/Mage.Sets/src/mage/cards/a/Anathemancer.java",B9B12C6726A9A2E39F2DAC2F5998B4221432306949D344F5389DD673598C03FB,2717
"source/upstream-07ecb7cf/Mage.Sets/src/mage/cards/a/Anavolver.java",65AEA287261DB3C7C8EBF7D4A7AEDDA4733BDFB3C1770F30C6739C8C7A9C4FA0,3110
"source/upstream-07ecb7cf/Mage.Sets/src/mage/cards/a/AnaxAndCymede.java",EB022E68AD75A05B5965E2CABE2592164C9858FE79A3C2F847B84D6C8D01BDD3,2164
"source/upstream-07ecb7cf/Mage.Sets/src/mage/cards/a/AnaxHardenedInTheForge.java",54F2F217A39CF6B87C27E72A96B0E2C58CA38C3A9B5A89B837C7BD54D5EA88C7,3697
"source/upstream-07ecb7cf/Mage.Sets/src/mage/cards/a/AncestorDragon.java",7B7E32A3D306A08341D67861151EA614E455BF1759C5601CDFE62CEAAAD7CC00,2116
"source/upstream-07ecb7cf/Mage.Sets/src/mage/cards/a/AncestorsAid.java",048116756CCF2DDD23899B7ACA70BF3A2EB7FE44A67C838206BFE377BD70DD42,1568
"source/upstream-07ecb7cf/Mage.Sets/src/mage/cards/a/AncestorsChosen.java",640681C1D9F4C84277E9833A744950A617A6DC04AD222772A9A8AFE0C4D23C00,1277
"source/upstream-07ecb7cf/Mage.Sets/src/mage/cards/a/AncestorsProphet.java",1B79C6BBF1EE726C33BCC6CC53BCD901DC70C894FE6E9E5B4EBC0294CB20CB01,1670
"source/upstream-07ecb7cf/Mage.Sets/src/mage/cards/a/AncestralAnger.java",4011E2A3C4E0C89A54EB5CDE06CA68116297027020C5A2FCCCEF55EBE8EBF2B5,2610
"source/upstream-07ecb7cf/Mage.Sets/src/mage/cards/a/AncestralBlade.java",9B83A0DE0175C1A8D84EF5BA679A542956B134A79BD1E58C8FB00D39F4EA4660,1414
"source/upstream-07ecb7cf/Mage.Sets/src/mage/cards/a/AncestralCommunion.java",A3D330E62432C88B80ABF2A7EF7CD4F41993E6CCDE3CF6724F4DDE0E457015A1,1694
"source/upstream-07ecb7cf/Mage.Sets/src/mage/cards/a/AncestralKatana.java",ABD7EB7444F9E021884B57516E696AC7D27BE83248EC5F1D007A2DD0490CA824,1855
"source/upstream-07ecb7cf/Mage.Sets/src/mage/cards/a/AncestralKnowledge.java",802A23CA170F5ACC9EF7BA266C07FC8D755F42C895D1455665FA6A89E841175E,3101
"source/upstream-07ecb7cf/Mage.Sets/src/mage/cards/a/AncestralMask.java",C013F4D051C6F4F03E60B599F7C1172BF7320B36AF4524F8E58EBEA8F41C5B17,1896
"source/upstream-07ecb7cf/Mage.Sets/src/mage/cards/a/AncestralMemories.java",3683D4FE7D36D95D020BA7AFE3F2AD76E38630A751E9534531F590D5437EB565,926
"source/upstream-07ecb7cf/Mage.Sets/src/mage/cards/a/AncestralRecall.java",6CF1C0156AB091D6575C5AD44EB44A548104FD64B55FC2D362B05E3CD8CA057B,823
"source/upstream-07ecb7cf/Mage.Sets/src/mage/cards/a/AncestralReminiscence.java",13971AEB017563BE9836169FF237A632CCEF62C7A08FBA04C69E6E6A8641FEEE,791
"source/upstream-07ecb7cf/Mage.Sets/src/mage/cards/a/AncestralStatue.java",375A1E4719CD916314793C0F06FB6FB009E4A9266B5158B7A129AB37F6D85F91,1439
"source/upstream-07ecb7cf/Mage.Sets/src/mage/cards/a/AncestralTribute.java",E051850FF0093C165DA34448D651064EAF046D0EA7B4429F5818F7A489FC196E,1167
"source/upstream-07ecb7cf/Mage.Sets/src/mage/cards/a/AncestralVengeance.java",132E78CA5BB001DB0E7407A214DCBB580B8BC4FD83BB87189465C1F634805BFF,2009
"source/upstream-07ecb7cf/Mage.Sets/src/mage/cards/a/AncestralVision.java",B486242544D4A44CC19C9246607E0EB9046286FE5C5292BC2F02DB36B765DA63,1063
"source/upstream-07ecb7cf/Mage.Sets/src/mage/cards/a/AnchorToReality.java",96879E0148BDF92DEE76CDCAAB5742F919A544AD2F6CD8377A2196A63D098D8E,3621
"source/upstream-07ecb7cf/Mage.Sets/src/mage/cards/a/AnchorToTheAether.java",802EFDFEF1E4F81DAD8F8033E23903ED519FD508F6A965ABC14C33BE4BE84365,1015
"source/upstream-07ecb7cf/Mage.Sets/src/mage/cards/a/AnchovyAndBananaPizza.java",CEAF5A440F3AA019D3F8CAD22AC8C1BBF73F1F52A88789CF8A3B57848D782191,1266
"source/upstream-07ecb7cf/Mage.Sets/src/mage/cards/a/AncientAdamantoise.java",75EC4545AB067FE4ACB6E237D35B245918D48578AE76FB23E5B24144844E24A0,5063
"source/upstream-07ecb7cf/Mage.Sets/src/mage/cards/a/AncientAmphitheater.java",611D2B0B4D2248FA29908D79D7488C09CE16A4536CDE3E28648EE0D9E7A40A1A,1643
"source/upstream-07ecb7cf/Mage.Sets/src/mage/cards/a/AncientAnimus.java",A09D00385B7273F9D5C95416305F41EBC68EF3913E88EDE7A4B06542A8C411E5,2000
"source/upstream-07ecb7cf/Mage.Sets/src/mage/cards/a/AncientBrassDragon.java",2690E5526256AE38E69FB43B3D3B4BD63178861F9536DEA9D5FD46098137A37F,4637
"source/upstream-07ecb7cf/Mage.Sets/src/mage/cards/a/AncientBrontodon.java",44A6A088E2AE59ADB9A291DFB94980A6D51E484E7553269F1C04FDF05FB4C9B8,752
"source/upstream-07ecb7cf/Mage.Sets/src/mage/cards/a/AncientBronzeDragon.java",B02F6951A8A886724F7D0AC8A8E8A52B77FA67F5B256243C2D6E959551FE43F8,2767
"source/upstream-07ecb7cf/Mage.Sets/src/mage/cards/a/AncientCarp.java",3058559440EE172BC68EF201885772198ADFE4B7EA34E9870A41FE99A729DE5D,704
"source/upstream-07ecb7cf/Mage.Sets/src/mage/cards/a/AncientCellarspawn.java",8637191E00873997EFE889E637F19E7CF035614CE2B79FB455A5F312D28B9B20,3750
"source/upstream-07ecb7cf/Mage.Sets/src/mage/cards/a/AncientCopperDragon.java",74D7D18C781D5B56EB63CECF1CAB9F978AAFC56D6781AF627E7D7F4706029740,2324
"source/upstream-07ecb7cf/Mage.Sets/src/mage/cards/a/AncientCornucopia.java",F68884A91B6361A646DF0EC41F1C7499084354393844DB80B6A6102004ECA78D,2460
"source/upstream-07ecb7cf/Mage.Sets/src/mage/cards/a/AncientCrab.java",C8D069F1F1ECC685BFEBD7A1AFF5FD95771C3C94003C4C9253475A46A7978DED,707
"source/upstream-07ecb7cf/Mage.Sets/src/mage/cards/a/AncientCraving.java",BA3FA66E1698E11ED4C383045F4246665BD0E6A7B8C973809210ED60A7265EBB,932
"source/upstream-07ecb7cf/Mage.Sets/src/mage/cards/a/AncientDen.java",6BD46DB2EEE3EBE84F437458C4ED898BDA70CB8A579D755EBCEE70ADC811C658,630
"source/upstream-07ecb7cf/Mage.Sets/src/mage/cards/a/AncientExcavation.java",2A3014E5D4406E02D33F282AB9F7C72E792AAB66E8646593A6155AFEDF0E0CF6,2232
"source/upstream-07ecb7cf/Mage.Sets/src/mage/cards/a/AncientGoldDragon.java",60F231CE9F44211CF2C582E91F33063C3B1A8DDAE46A8C0382C334F95396D070,2342
"source/upstream-07ecb7cf/Mage.Sets/src/mage/cards/a/AncientGreenwarden.java",48BE62814D6F701DDCF05235B20742B897CE7A6495AD1DF0D9A0E70DD71DF40A,3417
"source/upstream-07ecb7cf/Mage.Sets/src/mage/cards/a/AncientGrudge.java",3F223743AE26083B0F3043FECC28829B28D62083FB2B4971E30E220B16589137,1064
"source/upstream-07ecb7cf/Mage.Sets/src/mage/cards/a/AncientHellkite.java",511957817F9710BC165B7A6BB776DADF7DA135FD20BFD370AEAABF7F8D2FE321,1994
"source/upstream-07ecb7cf/Mage.Sets/src/mage/cards/a/AncientHolocron.java",06057C4021435A0C0EE341DB0E374928EF543BAECB2999FEA6EF19977B77F8FA,1512
"source/upstream-07ecb7cf/Mage.Sets/src/mage/cards/a/AncientHydra.java",7F63575872FBABDCC02AEED6F18BEB0026A64F3992358755D3623E4ED9CB284B,1575
"source/upstream-07ecb7cf/Mage.Sets/src/mage/cards/a/AncientImperiosaur.java",175FA461464F1E9951570FDDFA0074F0A6C5E92AC89A084188F209D778CB76D9,1983
"source/upstream-07ecb7cf/Mage.Sets/src/mage/cards/a/AncientKavu.java",2DA59062DE8A5E1394A938A7C9F576D3D9912C7463F3C8E612A69DFBD24BF7A6,1183
"source/upstream-07ecb7cf/Mage.Sets/src/mage/cards/a/AncientLumberknot.java",893260E6C8E404A45FF3E177DA7D7245DAD384E9AD521A3C69B1271EAF7096E2,1511
"source/upstream-07ecb7cf/Mage.Sets/src/mage/cards/a/AncientOoze.java",C8409C1C0F1297B9BD853E434C02C88AC6B25A27C26FE6B1F45C85E5DD42C2AD,1473
"source/upstream-07ecb7cf/Mage.Sets/src/mage/cards/a/AncientRunes.java",CD0D3D05B53147379ED380ADE37C15FA28F9D9A1322B54CA7FEA4FEAD3247487,2141
"source/upstream-07ecb7cf/Mage.Sets/src/mage/cards/a/AncientSilverback.java",EA50FBC3A76EFCDC8DE4BC29F9E8ADED68C64017811AC7D6B644016715F86185,1044
"source/upstream-07ecb7cf/Mage.Sets/src/mage/cards/a/AncientSilverDragon.java",47B3744F5CB8C2D3AE386848F7E3FB54E4D66324445E9A782D6580ED2C0CA280,2612
"source/upstream-07ecb7cf/Mage.Sets/src/mage/cards/a/AncientSpider.java",C55942594568C3C75274E4480290FD5378834246E2B75368529FB0D38A9FA261,968
"source/upstream-07ecb7cf/Mage.Sets/src/mage/cards/a/AncientSpring.java",5770BCE252B2787B792A7F22A09B8B447D437CF139DB53DF5FB7D4DC883C0D84,1328
"source/upstream-07ecb7cf/Mage.Sets/src/mage/cards/a/AncientStirrings.java",4BD6F923E39E8D9BC0E194DBD0689AD8273042EF786D3D819F567C4A405EEC45,1327
"source/upstream-07ecb7cf/Mage.Sets/src/mage/cards/a/AncientStoneIdol.java",6A6D327CD263F8D4BE0BBCF2322D95289D7D898BF07751C74098F67E218136D7,2010
"source/upstream-07ecb7cf/Mage.Sets/src/mage/cards/a/AncientTomb.java",808ABED291878F56B5AC71BF5D16BCEED77B1CDCF5CBA2DD86387E09C2ED7A7C,1014
"source/upstream-07ecb7cf/Mage.Sets/src/mage/cards/a/AncientVendetta.java",05C14B9E302EBA212122CE4082AD9DFB3C54D0CE4472D732AEB6D089A10ED804,1981
"source/upstream-07ecb7cf/Mage.Sets/src/mage/cards/a/AncientZiggurat.java",6997757D9326CDD7C5550D66D304D79F0E997D2440E1B66B5F27E65FB9B67A1D,1272
"source/upstream-07ecb7cf/Mage.Sets/src/mage/cards/a/AndraditeLeech.java",6D7AC460B8AE452F7AF88621736FAB65CD245F3316B311068742098D14966117,1669
"source/upstream-07ecb7cf/Mage.Sets/src/mage/cards/a/AndTheyShallKnowNoFear.java",08DC342BAEC4A5BAC8F9EC4505C4CCA7EC90AEDFB4E2D3F9EEB6BD0053289509,3504
"source/upstream-07ecb7cf/Mage.Sets/src/mage/cards/a/AndurilFlameOfTheWest.java",577963A74C516A1134B73D0DC6E9189D7340F6E1D36C52D31284DD74698EDB02,2562
"source/upstream-07ecb7cf/Mage.Sets/src/mage/cards/a/AndurilNarsilReforged.java",B6935B3BD7F2E2AB9A9A23067B68E001E4206A066082B1927787245F1BC3BA25,2226
"source/upstream-07ecb7cf/Mage.Sets/src/mage/cards/a/AnepVizierOfHazoret.java",E012A9ACFB9856531BCBDE662CC22D668BE1C268CC470C0952D9D4BF135F737E,1564
"source/upstream-07ecb7cf/Mage.Sets/src/mage/cards/a/AngelfireCrusader.java",F51E8B5360593CA05943F2AF5227EBEF390A0747B85F172311C184D8073233A8,1097
"source/upstream-07ecb7cf/Mage.Sets/src/mage/cards/a/AngelfireIgnition.java",A233CB35A8D7484FCC4F9227F848C88F41FCFD6AC8BB26EA773EBB9E16BE7B15,2270
"source/upstream-07ecb7cf/Mage.Sets/src/mage/cards/a/AngelheartProtector.java",D24942DD482A8BC25030D0EE4E21A8B672903B11914A633F5AFB1C2627C3F67B,1519
"source/upstream-07ecb7cf/Mage.Sets/src/mage/cards/a/AngelheartVial.java",FF9BF9DD1FB0A6F14047B325EBD43D40F28F85FDF8CF04A807065FCE9A85AB61,1885
"source/upstream-07ecb7cf/Mage.Sets/src/mage/cards/a/AngelicAberration.java",5B4DBDBE4C4DF64C4411A073FF5BC1497AD9E26D03600CD9E6A721ABB4737F73,3846
"source/upstream-07ecb7cf/Mage.Sets/src/mage/cards/a/AngelicAccord.java",4CAD1B4F72762991356A803E51A21BDD0EEDF7CB012B2B59B171D4508FD15487,1434
"source/upstream-07ecb7cf/Mage.Sets/src/mage/cards/a/AngelicArbiter.java",4C99D3CE95D9E1E09352AA96EBE1276905DFE92B95D30816A59477BAE66244AE,3924
"source/upstream-07ecb7cf/Mage.Sets/src/mage/cards/a/AngelicArmaments.java",4634DB1CED1622A4FAF146191455A784EB60751E5B426537EBFCC67F362AD19B,2003
"source/upstream-07ecb7cf/Mage.Sets/src/mage/cards/a/AngelicAscension.java",C8838907EF36D745A4F9EF8F7A1BD382FA9B8CDCBAC773407552AB130AA18A53,1155
"source/upstream-07ecb7cf/Mage.Sets/src/mage/cards/a/AngelicBenediction.java",DC06E4DA6A853CE46154D351DAAACD691314ACCB4F3B28532A94CBF513CCD103,1205
"source/upstream-07ecb7cf/Mage.Sets/src/mage/cards/a/AngelicBlessing.java",A5FA6FEF9CABE6FC15B453BFE35A177F2F4EA7E47A042498BC140723CDE1BC9B,1316
"source/upstream-07ecb7cf/Mage.Sets/src/mage/cards/a/AngelicCaptain.java",D71054A9289F6BA04355FE50854E0BF63C4B72BDC4CB90C63239654673E57B15,1819
"source/upstream-07ecb7cf/Mage.Sets/src/mage/cards/a/AngelicChorus.java",EE2F5DCE649D477345A95B34C2D18F9F9C07CC538DE6E6CFA903699DAB102725,3104
"source/upstream-07ecb7cf/Mage.Sets/src/mage/cards/a/AngelicCub.java",5FB45B95297C14CE7A72E1B13AE87B454F70870F6B4828CF9AEF909017A0F956,2163
"source/upstream-07ecb7cf/Mage.Sets/src/mage/cards/a/AngelicCurator.java",DC500BDDAB60AA945289A62AC0CE349185AB13BE98E0F59A85F00C40EC7F960E,1082
"source/upstream-07ecb7cf/Mage.Sets/src/mage/cards/a/AngelicDestiny.java",60CEB57FFE491F9EBA5CD34C936A298AF495FF5E96A7A3F34C5730BBB2F5DC32,2683
"source/upstream-07ecb7cf/Mage.Sets/src/mage/cards/a/AngelicEdict.java",0EAB39D971B4F14EE3D5ADE6A5ECD3EC07B1BD2ED09B0BCAE813322EA7F54343,889
"source/upstream-07ecb7cf/Mage.Sets/src/mage/cards/a/AngelicExaltation.java",949BFD8E21920953B3DF943CB4E67FB83D33BE5CE9098302ECB8B597427710AE,1274
"source/upstream-07ecb7cf/Mage.Sets/src/mage/cards/a/AngelicFavor.java",B9C9137E7D9F70587EBAE935651514C0037504B50624AF948321EF48E577F12A,3128
"source/upstream-07ecb7cf/Mage.Sets/src/mage/cards/a/AngelicFieldMarshal.java",3EBDB263F9F66C50238421949F45EA6BD0CE64B8C9D65F1C240DFB5BE5337CA1,1517
"source/upstream-07ecb7cf/Mage.Sets/src/mage/cards/a/AngelicGift.java",0A190D841D9CAF20A161613BFD760F0B0971901F1EA8FFEDB0CEB0E4D1557284,1760
"source/upstream-07ecb7cf/Mage.Sets/src/mage/cards/a/AngelicGuardian.java",828796AAF8485BD410318F24F7F9EF55721BAF8CB1EA2F2F50843857608E8321,2947
"source/upstream-07ecb7cf/Mage.Sets/src/mage/cards/a/AngelicIntervention.java",86FCEFFB35D317D378FF923530E5077A1B5E53AD9BB3CBBEAF1F91BF9DFEA2C0,3250
"source/upstream-07ecb7cf/Mage.Sets/src/mage/cards/a/AngelicObserver.java",5D79E8379901A9D05E21003F3BE2492FC43CC444FDFC106ACFA891C9CC3638F3,1077
"source/upstream-07ecb7cf/Mage.Sets/src/mage/cards/a/AngelicOverseer.java",CA176B44031167ADF04515A96D5869BC6D6BD6E8558B88C5E977CE0812D6D618,2288
"source/upstream-07ecb7cf/Mage.Sets/src/mage/cards/a/AngelicPage.java",78E03AAEE5BE4F44D37C63147FB42F9BED116D649BFC377B52DCA0904002BC82,1587
"source/upstream-07ecb7cf/Mage.Sets/src/mage/cards/a/AngelicProtector.java",CA0A7450AEFFF33343E85DFA52CE8FF781082EA6868EC5D0BF4C882DA67439F5,1169
"source/upstream-07ecb7cf/Mage.Sets/src/mage/cards/a/AngelicPurge.java",43C755157DF80F713DE8FA32135BAA5BAD6E50618E5FEE76A5D0205794AD4530,1608
"source/upstream-07ecb7cf/Mage.Sets/src/mage/cards/a/AngelicQuartermaster.java",799B5BC50C23888CAFD3465321B8AB40651D9AA5BF78487B904BA4FC8154EDE9,1680
"source/upstream-07ecb7cf/Mage.Sets/src/mage/cards/a/AngelicRenewal.java",9F1D602D9867D2BC4FDCF1590FB6D0E09ED3F62B321B0FF5D66EBBEF05B7F7AE,1334
"source/upstream-07ecb7cf/Mage.Sets/src/mage/cards/a/AngelicReward.java",F6DBE38EE900D946EABDCA10A60F5F7347076615AD974B9BAD5EB1568350FE20,1620
"source/upstream-07ecb7cf/Mage.Sets/src/mage/cards/a/AngelicSellSword.java",AE70375B998E199A98C9F94D76767190A528904274F460B838FDFF21C8153C4B,2664
"source/upstream-07ecb7cf/Mage.Sets/src/mage/cards/a/AngelicShield.java",11DF467140650AB2B67EFBF5D5A41A1862B3FE927B8537309195CEF4E479C65B,1454
"source/upstream-07ecb7cf/Mage.Sets/src/mage/cards/a/AngelicSkirmisher.java",021FD2A21D0711BB6295A7E5FB24C7D0C0A30BD9C055DA08AEBB551A087AB44D,4022
"source/upstream-07ecb7cf/Mage.Sets/src/mage/cards/a/AngelicSleuth.java",DF4FF5060D0B80AD887F48844DB3AF620BC2A239F9F35A674324FF048277C7ED,1738
"source/upstream-07ecb7cf/Mage.Sets/src/mage/cards/a/AngelicVoices.java",520D340D2AA9F35A8B3366825A6F89454ED02821247EE4F2C8948D0B06415713,2164
"source/upstream-07ecb7cf/Mage.Sets/src/mage/cards/a/AngelicWall.java",F36BAE19874347DF189D652342097CA91787DB31518469525B72DF96119869EE,904
"source/upstream-07ecb7cf/Mage.Sets/src/mage/cards/a/AngelOfCondemnation.java",008C471D7769DE90A6EDCCB3A8BE94500A180CB090D33FC98AE3445955FECBF0,2520
"source/upstream-07ecb7cf/Mage.Sets/src/mage/cards/a/AngelOfDeliverance.java",33DF9CE865DB56C93E13B568ABEA7B3CFC27F1ED8F7AD065D738CFC1BC144851,1801
"source/upstream-07ecb7cf/Mage.Sets/src/mage/cards/a/AngelOfDespair.java",58FD418B0518556E4DABA58BB5D6CD0FD585C6810C04D8EFE6CABAE3E3E8E971,1196
"source/upstream-07ecb7cf/Mage.Sets/src/mage/cards/a/AngelOfDestiny.java",02EF8C408DB9031DAA4645C58E42A103FCEAF8B61D732C38F31EBD00E73257EC,4982
"source/upstream-07ecb7cf/Mage.Sets/src/mage/cards/a/AngelOfFinality.java",8EF0164CFE25B494994CB3A0CD68B7D2B83D99653981B19FF76E45AD1E5B0964,1343
"source/upstream-07ecb7cf/Mage.Sets/src/mage/cards/a/AngelOfFlightAlabaster.java",2BAF55BDC55918C44D2919513E203B9DB5EFE3019BDFE2A115838B339B0CDBA3,1504
"source/upstream-07ecb7cf/Mage.Sets/src/mage/cards/a/AngelOfFury.java",6D867CBB8443C58200270E1ABDF358655D43A0D749E6218A5B73E79321692514,1168
"source/upstream-07ecb7cf/Mage.Sets/src/mage/cards/a/AngelOfGlorysRise.java",87C3833FA079B116C4439C478D8BA1A56485D027171016119366763844C1634F,1848
"source/upstream-07ecb7cf/Mage.Sets/src/mage/cards/a/AngelOfGrace.java",65E617FC4AEB773ADEDCED558DBABABAEB62E66A8548E4C90BD13167149D866C,3249
"source/upstream-07ecb7cf/Mage.Sets/src/mage/cards/a/AngelOfIndemnity.java",B342021905640AA55C5DE3B96B871F697B6FDF2BDA21A96F23AC1724E1112CE4,2241
"source/upstream-07ecb7cf/Mage.Sets/src/mage/cards/a/AngelOfInvention.java",D234825699E6731BB128F8BA8DBEC136448A99452A9B8A295721A217DF9FD738,1573
"source/upstream-07ecb7cf/Mage.Sets/src/mage/cards/a/AngelOfJubilation.java",4E49980103FDCF33917ED2B11DB4038ED668A671EE382DEDC2F8D6FA65FFB929,1518
"source/upstream-07ecb7cf/Mage.Sets/src/mage/cards/a/AngelOfLight.java",A2BC40955094EB027289210F22F75BC4397B0B3C754FFB0D1BF6C4D2CF5825D9,954
"source/upstream-07ecb7cf/Mage.Sets/src/mage/cards/a/AngelOfMercy.java",32C5BF313DCCF4D63C53D047C9BF78AD8DD0ED3321DCFD2031CB9BEF2AA0C348,1017
"source/upstream-07ecb7cf/Mage.Sets/src/mage/cards/a/AngelOfRenewal.java",652E867F93580282E1507327BE4C36E5CCB230369FA79925A3179DC3096DDFA4,1342
"source/upstream-07ecb7cf/Mage.Sets/src/mage/cards/a/AngelOfRetribution.java",8518C8CF235BC2FBBBFE915343A8A50D53B7754A0A0AFF3A8EC59D4C48152362,995
"source/upstream-07ecb7cf/Mage.Sets/src/mage/cards/a/AngelOfSalvation.java",8B746771750C96E58BE7E67063CDEBC4AE494F19F54CCD67026218F6708F573B,1695
"source/upstream-07ecb7cf/Mage.Sets/src/mage/cards/a/AngelOfSanctions.java",6457C758A574B57F3AE2AD7C999F991536CC76B22E1FCFFE1AC2405C25CAA07E,1702
"source/upstream-07ecb7cf/Mage.Sets/src/mage/cards/a/AngelOfSerenity.java",5EB891D70D5B5B5AB96587387B0914447074BC71687621404E49F20D8F12BAF5,2678
"source/upstream-07ecb7cf/Mage.Sets/src/mage/cards/a/AngelOfSuffering.java",ED4BD51A6F54BCCC2AAD694F526D642C1E4858980F1C1ED2E33D45D76920A0F8,2368
"source/upstream-07ecb7cf/Mage.Sets/src/mage/cards/a/AngelOfTheDawn.java",3E43C4A38D2E6A0444D5DCBF74B610F71F81B0AA09AAA5DFD7500BA0FA69E6A1,1843
"source/upstream-07ecb7cf/Mage.Sets/src/mage/cards/a/AngelOfTheDireHour.java",1A9FB8D3958F8B0E63B682CBD2C7698BA7CC4F7A371804A326ECF1CE7C3FACA9,1666
"source/upstream-07ecb7cf/Mage.Sets/src/mage/cards/a/AngelOfTheGodPharaoh.java",9DE4FBC11D0EAE346EDA239B0060EE0F94CE2991FE5354113F2B31B30B702291,1084
"source/upstream-07ecb7cf/Mage.Sets/src/mage/cards/a/AngelOfTheRuins.java",EF933D7277EC394C45DDF625B75F7FB093DD3EC6638C9D248FA667512723C627,1811
"source/upstream-07ecb7cf/Mage.Sets/src/mage/cards/a/AngelOfVitality.java",F5BB268A59661DAD8E92C021DE7C4BB1B63E200C89CC457152F584F0743738CD,1797
"source/upstream-07ecb7cf/Mage.Sets/src/mage/cards/a/AngelsFeather.java",228BA723CA47AE1F5B40E54E9F1B9C5A77C6BE2C391BB80500AE3F4E7FC9D471,1117
"source/upstream-07ecb7cf/Mage.Sets/src/mage/cards/a/AngelsGrace.java",BEA1BBB1182A187289622DD5A7A6D6DB1E58194BC14E3F51496EEF7F6DAA0927,3903
"source/upstream-07ecb7cf/Mage.Sets/src/mage/cards/a/AngelsHerald.java",FDFD4312C1F45656F7C1B8462AB8479E0639F8DB091FF9C6DD21BABE1C818BE3,2004
"source/upstream-07ecb7cf/Mage.Sets/src/mage/cards/a/AngelsMercy.java",C49C31B6260D88E73D86BC18A882F614A430C4D35828D1F6E439322EEA19DBD0,676
"source/upstream-07ecb7cf/Mage.Sets/src/mage/cards/a/Angelsong.java",986DB2D86059736681072B5FB6971EF4B604AED9044EAEF1D4C85B9DABF2C1F0,930
"source/upstream-07ecb7cf/Mage.Sets/src/mage/cards/a/AngelsTomb.java",E3674E63CAE7052DEC1D9802D7C7040D9D85F96ABB3CF9AF4AEBA52FB256F0E2,1743
"source/upstream-07ecb7cf/Mage.Sets/src/mage/cards/a/AngelsTrumpet.java",C457C413E6770E99304101C488D3FC2B5E4132069AF89071EA4F93383159BE03,3396
"source/upstream-07ecb7cf/Mage.Sets/src/mage/cards/a/Anger.java",A4CE950912499937114709BFA8A4A51924A566E649416C4164E4A627BF35D958,2044
"source/upstream-07ecb7cf/Mage.Sets/src/mage/cards/a/AngerOfTheGods.java",B607233E608B76F0E0204EAB315601D690E4240CC621B8A68E29BFF1B0FE61AF,1254
"source/upstream-07ecb7cf/Mage.Sets/src/mage/cards/a/AnglerDrake.java",F41932F21F048348554C5976111C599584308F22727B6EE50B9A065B383F3DBB,1348
"source/upstream-07ecb7cf/Mage.Sets/src/mage/cards/a/AnglerTurtle.java",6746BFEC9AF1B753DCF125CEFC2E2843D3658D38C49B302A9065A54CDCAF3A62,1191
"source/upstream-07ecb7cf/Mage.Sets/src/mage/cards/a/AngrathCaptainOfChaos.java",E614D27E6C760E8A9CDBBAB52A1A7BDE1BF8708C9A090B5F2862A4E12CF71832,1634
"source/upstream-07ecb7cf/Mage.Sets/src/mage/cards/a/AngrathMinotaurPirate.java",C39EF322C87D372A050578B69104A2A500E44C598D4C660D4A240DCC2A94E618,4155
"source/upstream-07ecb7cf/Mage.Sets/src/mage/cards/a/AngrathsAmbusher.java",BEDDC2781FD4972E43F49C1A015D9B7486515B74AC1A42EFF1F979636FDBC2EA,1781
"source/upstream-07ecb7cf/Mage.Sets/src/mage/cards/a/AngrathsFury.java",FAEC72A72F36FAA27BEF9D65BA467D5B24D651625236B682AC7B4C8AE11BF05E,2148
"source/upstream-07ecb7cf/Mage.Sets/src/mage/cards/a/AngrathsMarauders.java",D7DAD4EECAA929888A5DDF73F6B4261176EBB709ED51564A7A19D07F716A878C,2511
"source/upstream-07ecb7cf/Mage.Sets/src/mage/cards/a/AngrathsRampage.java",D4BE88B418AB88D2ADD47B25922297F95130371532C6980E1C3270407D0460C7,1611
"source/upstream-07ecb7cf/Mage.Sets/src/mage/cards/a/AngrathTheFlameChained.java",1DAA3334A56F2855CCB04ADC6C98D624BDD459595B3435A85354668E4ECCF71C,6279
"source/upstream-07ecb7cf/Mage.Sets/src/mage/cards/a/AngryMob.java",3FBC154BE051821277BFF7375B0B01D946242A06995076860D0046AE82BF562D,2173
"source/upstream-07ecb7cf/Mage.Sets/src/mage/cards/a/AngryRabble.java",41290F98B412F63C8A77B64C88BCA607EA9BFE68CD5B2553729E9E31A46CFDE1,1888
"source/upstream-07ecb7cf/Mage.Sets/src/mage/cards/a/AnguishedUnmaking.java",EB16D6B6F5B13BC75287F4D39351AC1821E32BB894056389F41FDB7AC070D09E,1013
"source/upstream-07ecb7cf/Mage.Sets/src/mage/cards/a/AngusMackenzie.java",64E29170BFEB9BCF74F893E8E99331ADB29222BFE191398D2CB77FF57C38DBDF,2288
"source/upstream-07ecb7cf/Mage.Sets/src/mage/cards/a/AnHavvaConstable.java",DB88E8DF4BE5C3D43AC7AE196F9535EA7091D633CEB4E63D6398EC80E3A76438,2528
"source/upstream-07ecb7cf/Mage.Sets/src/mage/cards/a/AnHavvaInn.java",DA15A5F6510B612CEEF0F3DF7718DA095ECE8FCE7506B402DADC73B0CA1F1DF4,1929
"source/upstream-07ecb7cf/Mage.Sets/src/mage/cards/a/AnHavvaTownship.java",73B8A138BD59B20020E9E30141B1154230B0CBE69999C05B478824B5A0EE6E51,1524
"source/upstream-07ecb7cf/Mage.Sets/src/mage/cards/a/AnheloThePainter.java",448F9510E032D9BACC1FACB20BB4C3C1D55F47E6C30CE4493201A40416747F51,4693
"source/upstream-07ecb7cf/Mage.Sets/src/mage/cards/a/AniktheaHandOfErebos.java",03D2FAFD9C34CA9379BE84A9520FCD773DF5913BEF4A3E6953A7593131BA919C,4193
"source/upstream-07ecb7cf/Mage.Sets/src/mage/cards/a/AnimalAttendant.java",B515C13AEF17F8B337F4A9A410B75DEB5789F5E4EE9B6B91BAD52EE8BF969E59,2455
"source/upstream-07ecb7cf/Mage.Sets/src/mage/cards/a/AnimalBoneyard.java",FC3722C6781B625AE39B12988746F720F5B78C4979828BA6212E197ABE3D7B97,3356
"source/upstream-07ecb7cf/Mage.Sets/src/mage/cards/a/AnimalFriend.java",57A9BACEF2B66F665818A19B871BE28414FFFBAF9B9C4700467483FD75C4868D,4908
"source/upstream-07ecb7cf/Mage.Sets/src/mage/cards/a/AnimalMagnetism.java",27AE0191FA676C5D544A3E4F2BE02630ACC109D5314539A683F416907EF69D38,3441
"source/upstream-07ecb7cf/Mage.Sets/src/mage/cards/a/AnimalSanctuary.java",083D6F36278754E314AABEAC3CC2DEDDEEE067A1F3710176085E123BFBC6CE7D,1942
"source/upstream-07ecb7cf/Mage.Sets/src/mage/cards/a/AnimarSoulOfElements.java",3E94336624C8F97F81FB3FD557916CEC96C85F19F41BE6D969CF4C09AF970032,3452
"source/upstream-07ecb7cf/Mage.Sets/src/mage/cards/a/AnimateArtifact.java",FECFD4252A0D3FED77B27120C6490100A10235058C9AE2342F1B9747EA9FF954,3354
"source/upstream-07ecb7cf/Mage.Sets/src/mage/cards/a/AnimateDead.java",56784C391E7F4B8B46D4D818B3552896B0CD9972427F81F05A5490D974D9D6EE,2058
"source/upstream-07ecb7cf/Mage.Sets/src/mage/cards/a/AnimateLand.java",D7E7EE8EF7C3A739418C69539257C9319B280B11EE3D46C443FE8091D505990D,1100
"source/upstream-07ecb7cf/Mage.Sets/src/mage/cards/a/AnimateWall.java",0E8A7D4B51533F53C063B8A4F52C067CF19CC4C14B0595D6AA28C5D6C684F95D,1934
"source/upstream-07ecb7cf/Mage.Sets/src/mage/cards/a/AnimatingFaerie.java",CA3FD2891C04A6C79B625503F1D60709171677C7EA5A8AB11D845E4C7F55C59C,2480
"source/upstream-07ecb7cf/Mage.Sets/src/mage/cards/a/AnimationModule.java",0F68F10A3DC3B75686853E1BC3E5C684AE0D777136F72127D4B01E7D7121B54B,7656
"source/upstream-07ecb7cf/Mage.Sets/src/mage/cards/a/AnimistsAwakening.java",1A92FF3D4C237471D96726A0075F17863CFA9052944BB6F920032EBF0271AC17,3450
"source/upstream-07ecb7cf/Mage.Sets/src/mage/cards/a/AnimistsMight.java",E69C620C7A04A138F75D316730C9FFDBE8714A54DC81A7B59D21E2B3072A8867,2423
"source/upstream-07ecb7cf/Mage.Sets/src/mage/cards/a/AnimPakalThousandthMoon.java",F01C46F7186273254BC0AF6A5B001C6917E8A3972AEC248190862D161EDF59FB,2444
"source/upstream-07ecb7cf/Mage.Sets/src/mage/cards/a/AnjeFalkenrath.java",9670B440429BEFA0F677C2A9EF6FDC1E3A85C1B6FF6889DFE2BB82EC504C347D,2822
"source/upstream-07ecb7cf/Mage.Sets/src/mage/cards/a/AnjeMaidOfDishonor.java",29A42813A90D26367DD108B3D2B7D6602F941D01F61B9D0128B0C818C374DE34,4157
"source/upstream-07ecb7cf/Mage.Sets/src/mage/cards/a/AnjesRavager.java",9602DF0F3626E50688B346BE03922848069DA7562DFD9F9B41B90E33CFC8EAE8,1721
"source/upstream-07ecb7cf/Mage.Sets/src/mage/cards/a/AnkhOfMishra.java",A7ACE7A328087FCD27E92DE868F89434030729B6F56F6A9A2EC3CE55F08E7844,2283
"source/upstream-07ecb7cf/Mage.Sets/src/mage/cards/a/AnkleBiter.java",AE89B51FD774923BD9CE63DCF360D27B65A5478F52450A0D4D601892430C95E7,827
"source/upstream-07ecb7cf/Mage.Sets/src/mage/cards/a/AnkleShanker.java",55C9A0541D0AC5673F7F3DB18B52695B057BDD4EA4896D379F68EE3F0074000B,1923
"source/upstream-07ecb7cf/Mage.Sets/src/mage/cards/a/Annex.java",2E55C14A07ECCCEF3D2DBE0B4F71EBA6D88FB51C411C6A7EDA1D00AF3CBC106D,1409
"source/upstream-07ecb7cf/Mage.Sets/src/mage/cards/a/AnnexSentry.java",4C2885B7B96325D46240D7BDEBF91189E646A3ADE1F766C05728D66887D7F266,2121
"source/upstream-07ecb7cf/Mage.Sets/src/mage/cards/a/AnnieFlashTheVeteran.java",4E6DA9064C3B4F3248D7B2C23CABAB46640D60AF600A7E5DA51C6C3BA360BADD,2453
"source/upstream-07ecb7cf/Mage.Sets/src/mage/cards/a/AnnieJoinsUp.java",4C6F28EB2F79497EB763BF9665AD3821DD8CBFE611E818A748F2171E35F8F7AB,3104
"source/upstream-07ecb7cf/Mage.Sets/src/mage/cards/a/Annihilate.java",725689A7A938B85129BA4935EC0ECB7CC03FB12AC5BB88E2ECF6242F3DE8930A,1219
"source/upstream-07ecb7cf/Mage.Sets/src/mage/cards/a/AnnihilatingFire.java",3575205E3E852CED40BF745A07607C4737412E9715A8332692C9BDC4C33ABA7E,1285
"source/upstream-07ecb7cf/Mage.Sets/src/mage/cards/a/AnnihilatingGlare.java",DBD3684E5218897A648FD95A231F6BC157DC5686D7913110270FEA3341F1A9A3,1513
"source/upstream-07ecb7cf/Mage.Sets/src/mage/cards/a/AnnoyedAltisaur.java",3864850EB0B216AFE69D5BCDB355F14426DF48B5A5CB7A05BB3A70C5C994832E,1085
"source/upstream-07ecb7cf/Mage.Sets/src/mage/cards/a/Annul.java",90DE4285B798AD2E7935FE1636F2C155E029431CD63CBC55F6B49B6602164213,1045
"source/upstream-07ecb7cf/Mage.Sets/src/mage/cards/a/AnodetLurker.java",ADAD5B32E568891420E9289EE42CCF6241BA701535E63EB27DA95CCF660B92EB,973
"source/upstream-07ecb7cf/Mage.Sets/src/mage/cards/a/AnOfferYouCantRefuse.java",5AA78F31F267964B201F25D228235A484D3D387A9E82E6F599A264754735CB46,1199
"source/upstream-07ecb7cf/Mage.Sets/src/mage/cards/a/Anoint.java",152DA1C50123A3DFB044BEDFECEFBEA0238635B1D32FFF9922635FA9C3FC98D2,1038
"source/upstream-07ecb7cf/Mage.Sets/src/mage/cards/a/AnointedChorister.java",FC419E77475C79B6933BF961E6DE6C97596BE3E313289E8D474B1C29283FAF71,1333
"source/upstream-07ecb7cf/Mage.Sets/src/mage/cards/a/AnointedDeacon.java",26C81BD60BCFB180BC63333270A1D00A1F7370FBD57BEB7E1D2FEE85EED0E2C4,1609
"source/upstream-07ecb7cf/Mage.Sets/src/mage/cards/a/AnointedPeacekeeper.java",FB0E385299E7CAAC16B14F78C2D95679829AF86AE3D4C9A63DED3AA5BB330437,3696
"source/upstream-07ecb7cf/Mage.Sets/src/mage/cards/a/AnointedProcession.java",F2CE172963130BE035D08F834DBEF4003E8C8DF5C8471739EA0AF5E7B1FFB3C6,960
"source/upstream-07ecb7cf/Mage.Sets/src/mage/cards/a/AnointerOfChampions.java",96F6DAB3E0F10082033199BF97FC04030AC74FA50A03F3AB73C717F11A3F4D6D,1393
"source/upstream-07ecb7cf/Mage.Sets/src/mage/cards/a/AnointerOfValor.java",25F21E898FD4383CD7D45D99777197876CAEE05CA9FB598D586FD616F2288DCA,1871
"source/upstream-07ecb7cf/Mage.Sets/src/mage/cards/a/AnointerPriest.java",285ECF74F23E6848C0D1C662754E019393031D79A862DDAC51485D6D6E25080C,1585
"source/upstream-07ecb7cf/Mage.Sets/src/mage/cards/a/AnointWithAffliction.java",736BC4C1DE9EF2F0EB5DD72D85BCA53E3E3F368002D9DBFB3A6B04A67147D9BD,2545
"source/upstream-07ecb7cf/Mage.Sets/src/mage/cards/a/AnotherChance.java",2915D947B1AA9E3EC7E03C6B05F62E713AD582022D092C7BE2CB06E08FDB388E,2212
"source/upstream-07ecb7cf/Mage.Sets/src/mage/cards/a/AnotherRound.java",7F3B1B60634E37F96B07DFDFB4A5F7F535CE43C7E582212B3EC9C24F549D9F37,2828
"source/upstream-07ecb7cf/Mage.Sets/src/mage/cards/a/AnowonTheRuinSage.java",DE34391B338F4CABFCF0291C2B0DD0919C1BE0EC2F8DDC91BA7182919DC19748,1409
"source/upstream-07ecb7cf/Mage.Sets/src/mage/cards/a/AnowonTheRuinThief.java",8672A9591384919F17A8F3C17202F69C942FFCDB00DDDBD22FA2D5BB1C9861B7,3129
"source/upstream-07ecb7cf/Mage.Sets/src/mage/cards/a/AnrakyrTheTraveller.java",1786E453BAA819F44770D81C43DBF50C05C91BA5C429290ED495DC66244E2256,5336
"source/upstream-07ecb7cf/Mage.Sets/src/mage/cards/a/AnsweredPrayers.java",302E72F6E1287B12ED890CA243423AA011821C12FE617581B822325A7CDDC600,2684
"source/upstream-07ecb7cf/Mage.Sets/src/mage/cards/a/Antagonism.java",99C20828B3DBDB2AD1B77D2ED4835833C0E98E95DB59F943D907752F8FE4FCD1,2000
"source/upstream-07ecb7cf/Mage.Sets/src/mage/cards/a/Antagonize.java",F55958F74F9652BFDCAB6AD9B9B2E589D25B15A16B7B46B540AC9A0167D241D6,852
"source/upstream-07ecb7cf/Mage.Sets/src/mage/cards/a/AnthemOfChampions.java",DCF79F0F7D1AF9262951368B74054F36AB081992736C5CE88C47862409EEA288,985
"source/upstream-07ecb7cf/Mage.Sets/src/mage/cards/a/AnthemOfRakdos.java",1BEE7F32B6471AAC7DF798209F58EAAF5E0C550B10F4A1A3B1E37E3BA87FF559,3270
"source/upstream-07ecb7cf/Mage.Sets/src/mage/cards/a/AnthousaSetessanHero.java",399256AF46E9DAE4491A7638306D8F50FED4ABBFF14888153CB01C2C5E805CCB,1752
"source/upstream-07ecb7cf/Mage.Sets/src/mage/cards/a/Anthropede.java",8B820B37DDC76826ABB91AC879935A02804DCD3A68CE00BA1015BF3B693D31BA,1898
"source/upstream-07ecb7cf/Mage.Sets/src/mage/cards/a/Anthroplasm.java",B7CE6B71F000DB0B57DE4BA2AF8E5524CC24A07A54E7A6BA318126DAACFB4B72,2588
"source/upstream-07ecb7cf/Mage.Sets/src/mage/cards/a/AnticausalVestige.java",91A01AA8F49BB0251157834C29D1330AC0709975E27ABD307B0032E4A9F2AD78,2533
"source/upstream-07ecb7cf/Mage.Sets/src/mage/cards/a/Anticipate.java",9CDB09739809693B20458E6B72A59403163A939C8AED0233610427F3AA1ADD21,901
"source/upstream-07ecb7cf/Mage.Sets/src/mage/cards/a/Anticognition.java",56BC5784EBDD6607710F3578E98B507336E4AA0A458779ACA41A8AA9051A0DE5,2236
"source/upstream-07ecb7cf/Mage.Sets/src/mage/cards/a/AntiMagicAura.java",332B64AE38555A15FBED2155A1C406ADD17FB7330EF2FA2F075EC8EAD428D3DC,3206
"source/upstream-07ecb7cf/Mage.Sets/src/mage/cards/a/AntiquitiesOnTheLoose.java",A90C1D93EB7168263A2B5C030127F6C3EDF2F722938E3B3E21F92920E03EF4BC,2850
"source/upstream-07ecb7cf/Mage.Sets/src/mage/cards/a/AntiVenomHorrifyingHealer.java",E42CCDEF4E6476D5CAB325AC2705BD46A70F3C72CFD5857140A772DEAB9219C2,3366
"source/upstream-07ecb7cf/Mage.Sets/src/mage/cards/a/AntlerSkulkin.java",4A28E3F21EAF06D477FB302483C77D042344D79A74770F4B4352EA7AE1FE32AB,1789
"source/upstream-07ecb7cf/Mage.Sets/src/mage/cards/a/AntManColonyCommander.java",7E806AFBF89EA24FB1D976A13CF7CFA9EBFFE68D64648B633AAD5E53264754A9,2518
"source/upstream-07ecb7cf/Mage.Sets/src/mage/cards/a/AntManElusiveAvenger.java",60518A38965A9D0CD5F9741612F03D7780D98D368945DE97B10AA840BCC02CBA,2735
"source/upstream-07ecb7cf/Mage.Sets/src/mage/cards/a/AntManReformedRogue.java",3F956F5006E08A498A27AB5134C33600533E802E7388FBE25E96CBE27231AE26,3022
"source/upstream-07ecb7cf/Mage.Sets/src/mage/cards/a/AntMansAirForce.java",3BF7CD11774C747C6ECEA1F9EB0572D465399B354FDDC09D658DB3B78D7C3297,1329
"source/upstream-07ecb7cf/Mage.Sets/src/mage/cards/a/AntMansArmy.java",F8066FDA3F7B7C3A0632ECD6229F3ADBA5AC045F1F2CADE8AB582B2F7BD25332,2101
"source/upstream-07ecb7cf/Mage.Sets/src/mage/cards/a/AntManScottLang.java",FE28537BB8BD7AE7592C1ABE5DCE7EEDD13E63880E30236D6AC6972A858EAF1E,1279
"source/upstream-07ecb7cf/Mage.Sets/src/mage/cards/a/AntQueen.java",E17F323A5298EB8708BDBF0BC4533DFD652FADEC38106927D86915AF585A08E1,1132
"source/upstream-07ecb7cf/Mage.Sets/src/mage/cards/a/AnUnearthlyChild.java",7671DF80DDFF51160C3F9A7A2EC3653105B4BC2526490C8F5988544683D52133,2026
"source/upstream-07ecb7cf/Mage.Sets/src/mage/cards/a/AnUnexpectedParty.java",AD890FEE8E1919E54B5916BC0589DC37AF1465A62106CE5BAE936FE21B7EA7DE,2108
"source/upstream-07ecb7cf/Mage.Sets/src/mage/cards/a/AnuridBarkripper.java",C51235C2B69398B21D6C5ECBCA0E7B122285972D3AB3C3CA80A33C68DDA095BE,1511
"source/upstream-07ecb7cf/Mage.Sets/src/mage/cards/a/AnuridBrushhopper.java",19C905FC39817D9139B7A73E6C9A825641E82F474FB9514622C963DD44A697AC,1493
"source/upstream-07ecb7cf/Mage.Sets/src/mage/cards/a/AnuridMurkdiver.java",9945083B9C5CA5BE2E6D7CD0EA96D2B3477ABBB81C81A7E6944C314A3CB988E7,909
"source/upstream-07ecb7cf/Mage.Sets/src/mage/cards/a/AnuridScavenger.java",88B400C9306E08D51E2328FDD5DADC1CF000E4E7B9EF30C1F7A8726FC5499C22,3134
"source/upstream-07ecb7cf/Mage.Sets/src/mage/cards/a/AnuridSwarmsnapper.java",B7EC4866BEDA6EAEC387ED4A1F777D7CF5B678420B1DFDC3D33FDB7630E816DF,1367
"source/upstream-07ecb7cf/Mage.Sets/src/mage/cards/a/AnvilOfBogardan.java",82F19828E3B4EB6A0FBDA2CD82F742AE3524E7E3AADA3F68E36B1E491542B9C4,2351
"source/upstream-07ecb7cf/Mage.Sets/src/mage/cards/a/AnvilwroughtRaptor.java",4B7F587602F6AF1062799EF68AB077371C786C584EDC210958ECC66353ADBB4B,1011
"source/upstream-07ecb7cf/Mage.Sets/src/mage/cards/a/AnyaMercilessAngel.java",AA45474964EEE1F41E75C8AF423A6CA97B70CB7898C1B7819C29DFA73C379588,3996
"source/upstream-07ecb7cf/Mage.Sets/src/mage/cards/a/AnZerrinRuins.java",9D7E18E0ACD8BB522B710563F91E1AD6AFCCA164F249370E0193CF10EAC27B06,2400
"source/upstream-07ecb7cf/Mage.Sets/src/mage/cards/a/AnzragsRampage.java",91FE7B59838D942E4B5001DC5FDF1803A0A1B52080BBE7B6A14FC0E2DE8D475B,6731
"source/upstream-07ecb7cf/Mage.Sets/src/mage/cards/a/AnzragTheQuakeMole.java",CD21AF7AB3777D45C52D93B1DC226462739EFD693863E14C6E817D300D0DC26F,2233
"source/upstream-07ecb7cf/Mage.Sets/src/mage/cards/a/AoTheDawnSky.java",5A85E0743230B8E67364624012C718FF7CEA4F8C2A9E8EBF6EE1585B13955FED,5507
"source/upstream-07ecb7cf/Mage.Sets/src/mage/cards/a/Apathy.java",E81DAB4CC1C016E6F4C292AAB3202E9BBC87FE85E337596EDF4635788F8A7E3C,3112
"source/upstream-07ecb7cf/Mage.Sets/src/mage/cards/a/ApesOfRath.java",515C320E2EBF23AB6F562E871E458E4EDAE16529146E1B1EE02DADBCBB81B6D3,1055
"source/upstream-07ecb7cf/Mage.Sets/src/mage/cards/a/ApexAltisaur.java",A527852E8D94A917477D43A31018B6AE6E9859FDA0C3A22A94DA6E59D628BA1C,1855
"source/upstream-07ecb7cf/Mage.Sets/src/mage/cards/a/ApexDevastator.java",61415A057C4DE5AC71AB44D9E4F14D3E1D5576DE25B707F41D11B37CBF75628B,1101
"source/upstream-07ecb7cf/Mage.Sets/src/mage/cards/a/ApexHawks.java",77A4AD4277EC4AD338DA0A6693601F257E1716AFC8F588E9CFEB564659C14199,1578
"source/upstream-07ecb7cf/Mage.Sets/src/mage/cards/a/ApexOfPower.java",CBDCC09D9A662CE668AEF8F2D752993FC54F205C44022FADBD3884B36DAE64DC,3566
"source/upstream-07ecb7cf/Mage.Sets/src/mage/cards/a/ApheliaViperWhisperer.java",353D180038DD4553C8FDA1A6E1A84C6144C09EF13FCAE7D9E57754B63B6CA30F,4284
"source/upstream-07ecb7cf/Mage.Sets/src/mage/cards/a/AphemiaTheCacophony.java",D4A1F7FA2567858A6F781DDCB69E18FE72D62A083E8979E82F506953CF6A2AE2,1865
"source/upstream-07ecb7cf/Mage.Sets/src/mage/cards/a/AphettoAlchemist.java",4158D56793A6166B83EBD56EF1BF76D3B2864B308B7FDB9E3BB918E748D5DF41,1553
"source/upstream-07ecb7cf/Mage.Sets/src/mage/cards/a/AphettoDredging.java",850CF48E637271578C85E6ECA6546D57111C223C4A55CD36A1AA48BC38A2D404,2197
"source/upstream-07ecb7cf/Mage.Sets/src/mage/cards/a/AphettoExterminator.java",6752221DCB933F0FB0ED7097130A8669CDB11254C18A1B6BACA55E0E172B3583,1527
"source/upstream-07ecb7cf/Mage.Sets/src/mage/cards/a/AphettoGrifter.java",32F2484A6E49FA2D87846277C4BD596A63EFABECF7FE44DD6F54A76962D61EE5,1722
"source/upstream-07ecb7cf/Mage.Sets/src/mage/cards/a/AphettoRunecaster.java",9164EB7888C59D5EDF77EEF7C42AD7FD63C52DBD516C6FE7AF3C8E0D5E5E14BB,1218
"source/upstream-07ecb7cf/Mage.Sets/src/mage/cards/a/AphettoVulture.java",40AEBAA7E193287BE51DE42547B335C893C8CAD3E212517DAE3896693E374334,1606
"source/upstream-07ecb7cf/Mage.Sets/src/mage/cards/a/AphoticWisps.java",4225A4E667B398B8DCCCA854BF3173045E169F5C537F4AE0FA385272F9C285FF,1688
"source/upstream-07ecb7cf/Mage.Sets/src/mage/cards/a/Apocalypse.java",4292D4427F7D753E530048579988DFB507BCA0631B669660914881C48E820C82,958
"source/upstream-07ecb7cf/Mage.Sets/src/mage/cards/a/ApocalypseChime.java",35359F7938B41F2157ADFE6721044A6D86F9709DE99885EDF7B4505025B97768,3999
"source/upstream-07ecb7cf/Mage.Sets/src/mage/cards/a/ApocalypseDemon.java",68CF9B9AABE6022B001C6962D02E85BA62A8D8AECDF421A9803F7C11080157DC,1836
"source/upstream-07ecb7cf/Mage.Sets/src/mage/cards/a/ApocalypseHydra.java",1B48F7F9D3EDDD5C611DB10B810ADBDB04B9967EC3CE4D1C47DAA668E9895262,3279
"source/upstream-07ecb7cf/Mage.Sets/src/mage/cards/a/ApocalypseRunner.java",BA854DEF6B52B4A359152E27C5FB671B9CE810539555CE77EFD0B7D2E5AE80DD,2083
"source/upstream-07ecb7cf/Mage.Sets/src/mage/cards/a/ApostleOfInvasion.java",7C032CAC7D49073B18F2ACB13B08D6C3E6E8A2AB4DECA095ACA6007E28F8DB90,1739
"source/upstream-07ecb7cf/Mage.Sets/src/mage/cards/a/ApostleOfPurifyingLight.java",02BBA273580FD6D4BB10CBE2A73FD8E74DD5E0414DB4A490CA6987498E9E059C,1481
"source/upstream-07ecb7cf/Mage.Sets/src/mage/cards/a/ApostlesBlessing.java",0F9BA7D02D33FE42081C0043815A2F453FEE698A4C9008CB2EAEE9BB3F5DB95C,3419
"source/upstream-07ecb7cf/Mage.Sets/src/mage/cards/a/ApothecaryGeist.java",4662F1E617A840E25DF1018B2A5C5B62FB6A1B2163EC4EADCC94C1D203B8AE44,1788
"source/upstream-07ecb7cf/Mage.Sets/src/mage/cards/a/ApothecaryInitiate.java",D5E36C1384947C45C9FB730D4AA635FA607711985EAFD8460D48DEF0B7027949,1523
"source/upstream-07ecb7cf/Mage.Sets/src/mage/cards/a/ApothecaryStomper.java",9AEC4B8818201570A00ED32401ED061761D74196566AB1EB0DAD007643E48C3B,1684
"source/upstream-07ecb7cf/Mage.Sets/src/mage/cards/a/ApothecaryWhite.java",97BD36AA2F894A4E498C4FD4560DC9F6468CF439BA0B65524F83506527E928AA,3632
"source/upstream-07ecb7cf/Mage.Sets/src/mage/cards/a/AppaAangsCompanion.java",4B2A62A9C5BC672543F4FC5237A706419CF3C5D62381854F648DC74743E103E8,2157
"source/upstream-07ecb7cf/Mage.Sets/src/mage/cards/a/AppaLoyalSkyBison.java",165A4A3C08C4CB20F6DBB1A494488D85FD388E2609918E6CF038FAE574132047,2338
"source/upstream-07ecb7cf/Mage.Sets/src/mage/cards/a/AppaSteadfastGuardian.java",DD863DB80C37DFA3D80B343115D17C0CE939BC5E007624353860BCB478916F59,2477
"source/upstream-07ecb7cf/Mage.Sets/src/mage/cards/a/AppaTheVigilant.java",5E1E7128DFC0CD59B2730A8C5D6761BD368D908E1A047D43E095E4EBF24DB64C,2448
"source/upstream-07ecb7cf/Mage.Sets/src/mage/cards/a/AppealAuthority.java",9B22430BC4748FB140CA03F41EB41780DA187AACF0A50971FE80132FB3F1C6C3,2800
"source/upstream-07ecb7cf/Mage.Sets/src/mage/cards/a/AppealToEirdu.java",814FA652AEC60582D5D457564AD74D3C769D1C9AA813747FE41508522E9048CB,998
"source/upstream-07ecb7cf/Mage.Sets/src/mage/cards/a/AppendageAmalgam.java",BEC24BD9FD71B10805DB099A38F58DDFF58DE909533EE431DF26A83D4D5D0B21,1116
"source/upstream-07ecb7cf/Mage.Sets/src/mage/cards/a/AppetiteForBrains.java",1226305E89E85FC995EB8FB26BA28AB01915427E4C0D8D06377C8EA065D98F94,1308
"source/upstream-07ecb7cf/Mage.Sets/src/mage/cards/a/AppetiteForTheUnnatural.java",751B7D6251C86C08DE08D7489663F44DF920300EC526279C896F8B2B79D105AB,1106
"source/upstream-07ecb7cf/Mage.Sets/src/mage/cards/a/AppliedBiomancy.java",2A4B2AF3346843228B5F088D4C41B5D1A3624CA3AE9CD3E83E85D1DBA5E4DEAB,1438
"source/upstream-07ecb7cf/Mage.Sets/src/mage/cards/a/AppliedGeometry.java",DD6B4F68CD75641364A61EAEA1DEA65C3BB398850800D3EC182731C5D571C95D,2862
"source/upstream-07ecb7cf/Mage.Sets/src/mage/cards/a/ApprenticeNecromancer.java",8E4ABE7934EACB38896255590E9ABD70C8EFFDF5CDE2AE5515EA03B1F0240856,4185
"source/upstream-07ecb7cf/Mage.Sets/src/mage/cards/a/ApprenticeSharpshooter.java",89EAFD30828717C17E7BA13CF084533090051F3106263B05DAB0D6C8EF8C4B72,1055
"source/upstream-07ecb7cf/Mage.Sets/src/mage/cards/a/ApprenticeSorcerer.java",8A582845E19063C96AF70A85AAA5BFB2A4AA340A61CE296A8EB6A9B4BA3F4568,1594
"source/upstream-07ecb7cf/Mage.Sets/src/mage/cards/a/ApprenticeWizard.java",4BDD1AC769DF0F4F613A4510DDE0869D88EC85048AC43D00F590627ADFBB69ED,1237
"source/upstream-07ecb7cf/Mage.Sets/src/mage/cards/a/ApproachOfTheSecondSun.java",51FB3ED500E52A8AD91E144B0843EB3306E6366ED41FB56B2D4158C372B78437,4293
"source/upstream-07ecb7cf/Mage.Sets/src/mage/cards/a/AprilONeilHacktivist.java",68800380F0B68272D2C45068021B435BD4A80BDADD59A879FCD5018C68371A68,3849
"source/upstream-07ecb7cf/Mage.Sets/src/mage/cards/a/AprilONeilHumanElement.java",9375DF0348EEFD3483FDC3E01624B3DC14C6A499070AC0CBBD842331FCFCFA08,1659
"source/upstream-07ecb7cf/Mage.Sets/src/mage/cards/a/AprilONeilKunoichiTrainee.java",398DDF63508648B1F539AECECE99C4C0DEF5BE0237A1057642BC27D28554BA3B,1886
"source/upstream-07ecb7cf/Mage.Sets/src/mage/cards/a/AprilONeilLiveOnTheScene.java",2533BAFF6AF7F679FC7513F75810D88449CF598F47CAE10C99F658BD2DFDF0CF,1797
"source/upstream-07ecb7cf/Mage.Sets/src/mage/cards/a/AprilReporterOfTheWeird.java",EED724FE3E664DDD14486CEB7C2D57B2E2BE055DFCC65A744271541F1C158A83,1588
"source/upstream-07ecb7cf/Mage.Sets/src/mage/cards/a/AqualishBountyHunter.java",29EE14B64F82C51D0DF2C3D9201624919A81A685B4A230DA39D0D8898E79DD36,1269
"source/upstream-07ecb7cf/Mage.Sets/src/mage/cards/a/Aquamoeba.java",65142B74C5FBD124CD1051D858FA7188905F5832EF6A1FEC92D3B7A9F000A2B6,1219
"source/upstream-07ecb7cf/Mage.Sets/src/mage/cards/a/AquamorphEntity.java",91A3FF64F5B53E08A5B054067DC29D11C620D1755F0C240365D07C6BB174E3AD,4526
"source/upstream-07ecb7cf/Mage.Sets/src/mage/cards/a/AquastrandSpider.java",B77223A93289C855AAE0572A8838FC02F9E3A783C223213FAB49E5E5E2F963A6,1864
"source/upstream-07ecb7cf/Mage.Sets/src/mage/cards/a/AquaticAlchemist.java",1E5C1EDC5EF464D8A91AAEE0A37E9B7E782A0BBB90EC91F3A7BCBC86C1D9BD82,3624
"source/upstream-07ecb7cf/Mage.Sets/src/mage/cards/a/AquaticIncursion.java",D4F59C99DD90B5B5F081676211D85E27EB030DFDD07AB4B1CB8DAA48F2108B5F,1812
"source/upstream-07ecb7cf/Mage.Sets/src/mage/cards/a/AqueousForm.java",917F1D6E5E7DBAAC3958CA955163134E0D101D5C6A783D521014E1E77D7F8B49,1664
"source/upstream-07ecb7cf/Mage.Sets/src/mage/cards/a/AquitectsDefenses.java",C9933DEF21FF989CF783D295702868C885088539D306ACF539EA8A8C3BCDB9D1,1941
"source/upstream-07ecb7cf/Mage.Sets/src/mage/cards/a/AquitectsWill.java",0FD3923460A411A1B9561308F61DA1C19A0FFB5A49AFD8E0F651DE6000B290FD,2932
"source/upstream-07ecb7cf/Mage.Sets/src/mage/cards/a/AquusSteed.java",53E1C4132A0E9332452746D81966E45F8E0C2E8A50F8BCF518E7DD423849A11B,1427
"source/upstream-07ecb7cf/Mage.Sets/src/mage/cards/a/ArabaMothrider.java",D2A7D6832AE130D435102D80C42E7F861ECE342286F3188C226209B64B7DA6E1,957
"source/upstream-07ecb7cf/Mage.Sets/src/mage/cards/a/ArabellaAbandonedDoll.java",223FA6A9755EA77290A4528262A40823B5CE3608017BEDD9E6D321B8BD9C782A,2351
"source/upstream-07ecb7cf/Mage.Sets/src/mage/cards/a/ArachnePsionicWeaver.java",CB0E8188B859F1DA7BF5F0C23E3953621C8FCB906B27A0A9E3779ECB420CF94D,2638
"source/upstream-07ecb7cf/Mage.Sets/src/mage/cards/a/Arachnoform.java",7F38F098166C7C9B9A4C9A89FDA7B2A042B1C311E7A933A06EA4E91D8B2556E1,1972
"source/upstream-07ecb7cf/Mage.Sets/src/mage/cards/a/Arachnogenesis.java",984715EED5891EACF2CF2653B7EDAC8EF8D39982E83DCA2A5FF8A5AD1C7B7019,1879
"source/upstream-07ecb7cf/Mage.Sets/src/mage/cards/a/Arachnoid.java",C019C4DBF1B250E5F536AB60B6C11B03BAF60DB0047BF69B2EC47D7A5707EAF9,804
"source/upstream-07ecb7cf/Mage.Sets/src/mage/cards/a/ArachnoidAdaptation.java",44B1A60F5498E04122A3590424A715148E12804A4169C37E8793A42AA77DD78B,1490
"source/upstream-07ecb7cf/Mage.Sets/src/mage/cards/a/ArachnusSpinner.java",5A2B0DDFBB9A98F87BE14CA0CA554875393063D5F7CD875B4F9817EDAE3731F0,4412
"source/upstream-07ecb7cf/Mage.Sets/src/mage/cards/a/ArachnusWeb.java",3CA11828A3083020E31815E487866BC3B8E707278EB8AD86E90A2CF42504A8FD,2213
"source/upstream-07ecb7cf/Mage.Sets/src/mage/cards/a/AradaraExpress.java",E0B6EDCDD4ACD08863B9732CE7F47ECA03771BC53B037A98F63EBB351FBD4A9E,940
"source/upstream-07ecb7cf/Mage.Sets/src/mage/cards/a/AradeshTheFounder.java",D4B5B5DCE53FB78EEF52855F815DE97661F90D6D6FBD664EE3E0B9CE58CD62F8,4404
"source/upstream-07ecb7cf/Mage.Sets/src/mage/cards/a/AragornAndArwenWed.java",6C2E87EA123D39EB7A760C64FB8078683BEA378EEF70258380EF210DBB680D73,2340
"source/upstream-07ecb7cf/Mage.Sets/src/mage/cards/a/AragornCompanyLeader.java",FBA68C690F4D202FE67263C92B7F584C9C7C788655E7410A2B5663B2013C8EE9,3533
"source/upstream-07ecb7cf/Mage.Sets/src/mage/cards/a/AragornHornburgHero.java",A96024E1E8532F7FD97451F75026499D6D252D5FF8BD8A00DD1A77099A90487C,2531
"source/upstream-07ecb7cf/Mage.Sets/src/mage/cards/a/AragornKingOfGondor.java",30D3F3426D2EC59E5887D6B03A57992F64A0AB29742614AABA71136D179B90F6,2701
"source/upstream-07ecb7cf/Mage.Sets/src/mage/cards/a/AragornTheUniter.java",CA805B4A2F99774BAC9F6C044380D7AB6BEDA4DE22C8B07F11E967A6431AF75B,3092
"source/upstream-07ecb7cf/Mage.Sets/src/mage/cards/a/ArahboRoarOfTheWorld.java",0C23A360CFB0A1183F292CAA1F97ACCED3F31C7CF95BF0099D21EA600E1DCD6E,4478
"source/upstream-07ecb7cf/Mage.Sets/src/mage/cards/a/ArahboTheFirstFang.java",1F03355AAC1D0A867FDD437BFCA4A7E08398C8BA406B56FD83078F1AF2EF7D5F,2167
"source/upstream-07ecb7cf/Mage.Sets/src/mage/cards/a/AranaHeartOfTheSpider.java",8607DB4A6E89285B998F96C37D712A773134CDA964C8DE3EC0030B4246D8E999,2301
"source/upstream-07ecb7cf/Mage.Sets/src/mage/cards/a/ArashinCleric.java",6CCEA13FF7339FE54608CD4EF53D404FA19CA801520F5C34A45A434B2BEF1190,1033
"source/upstream-07ecb7cf/Mage.Sets/src/mage/cards/a/ArashinForemost.java",1ABE09C57FE087467B331519BDC760AA09C46A50C2C96B2FC1F11C468EC4FC9B,1967
"source/upstream-07ecb7cf/Mage.Sets/src/mage/cards/a/ArashinSovereign.java",99094E3398F4CF25EE8B4EE87FB1EF72C855B1616DABD02C5E94FF90F15D0A61,2470
"source/upstream-07ecb7cf/Mage.Sets/src/mage/cards/a/ArashinSunshield.java",5D3F144D044FF3B283D1D5BD85340B11FD281F65A0371B2726249E7854370EFA,1871
"source/upstream-07ecb7cf/Mage.Sets/src/mage/cards/a/ArashinWarBeast.java",503FB25A31D858A0F58317EC9C862923F552F896AF72117365A24D0E3FD74713,3366
"source/upstream-07ecb7cf/Mage.Sets/src/mage/cards/a/ArashiTheSkyAsunder.java",2EAC3476C8B7387900941897F4ACEF88F81C086B69DF9CCD732A8B11FDC3EF72,1932
"source/upstream-07ecb7cf/Mage.Sets/src/mage/cards/a/ArastaOfTheEndlessWeb.java",6B01F8E69E5461AAB000C59BCE3BC00AFCEF6C10055F918AA72A60C8C46BE098,1515
"source/upstream-07ecb7cf/Mage.Sets/src/mage/cards/a/AraumiOfTheDeadTide.java",308CAB776F86642670D5496EB61DAA7B939385E7010F3658AE6793BA943E855E,4265
"source/upstream-07ecb7cf/Mage.Sets/src/mage/cards/a/ArbaazMir.java",27823473DB69E332F33AD85E8D9B9A537EF4B78DD0C2BB2B0F50E6AD8703F96B,1873
"source/upstream-07ecb7cf/Mage.Sets/src/mage/cards/a/ArbalestElite.java",9A06D21CEE2C9722B29F576997F1250A4A8F441147265E1A03744DFE665610E2,1674
"source/upstream-07ecb7cf/Mage.Sets/src/mage/cards/a/ArbalestEngineers.java",D1D6535D8E11492F575A163B4B1BDD87246460341A3153691E705084D61428C1,2428
"source/upstream-07ecb7cf/Mage.Sets/src/mage/cards/a/ArbiterOfKnollridge.java",70B3784F5F8F1A83935615CBB82D447E798435359513D32044E889D7F33E2A1C,2515
"source/upstream-07ecb7cf/Mage.Sets/src/mage/cards/a/ArbiterOfTheIdeal.java",2203ABCBC776059FAD332DB6095509EC6D34DDA1B10791DB149759D6F9240DF1,3827
"source/upstream-07ecb7cf/Mage.Sets/src/mage/cards/a/ArbiterOfWoe.java",B50740D91E1DD3D1D48E9BC0CA01155FE1C9C16F9D60FA5D6147D2FE82B32AE4,2005
"source/upstream-07ecb7cf/Mage.Sets/src/mage/cards/a/ArborAdherent.java",0E07F9B1B380CEC845B5FF512453D7B72E05A392814E0BD3958681A847B1594A,1611
"source/upstream-07ecb7cf/Mage.Sets/src/mage/cards/a/ArborArmament.java",B54EA7FFB6B290D30DFB4188858358E5143125E87DF18DA2DC05C1DE7B085CD7,1317
"source/upstream-07ecb7cf/Mage.Sets/src/mage/cards/a/ArborbackStomper.java",8DFC6D458DED08C04809E20213AA2E225AB9BABB0EDE1C794CB656F2E8AAE06D,1136
"source/upstream-07ecb7cf/Mage.Sets/src/mage/cards/a/ArborColossus.java",BFD135458126CE58863AD9E994ECFFF703F4DCCFAE0B31D1266BFC8907B587BF,2075
"source/upstream-07ecb7cf/Mage.Sets/src/mage/cards/a/ArborealAlliance.java",D3EACF4C111A3E9B7A809396F3DF93CF1AD77468E0F6CC3B1C393794D6202EF2,2265
"source/upstream-07ecb7cf/Mage.Sets/src/mage/cards/a/ArborealGrazer.java",D173448D2455E65135F1D507B69EEB4B3DC46BC68786607252B287742B6715A1,1336
"source/upstream-07ecb7cf/Mage.Sets/src/mage/cards/a/ArboreaPegasus.java",E78946CE76DACA43D2DF223CDD085B8C4218722E2563D42FAEE698430239175A,1712
"source/upstream-07ecb7cf/Mage.Sets/src/mage/cards/a/ArborElf.java",87CBEF52B6D044EF7877481A71B90AB4EFE8638C10D93AC9D72B9E9E2C14B258,1332
"source/upstream-07ecb7cf/Mage.Sets/src/mage/cards/a/ArboretumElemental.java",8AB8ECF74C3B2BF81177AAF5E56A7B1F574B212208A757AF20876D2FAB95C9AB,994
"source/upstream-07ecb7cf/Mage.Sets/src/mage/cards/a/Arboria.java",EB705CA9A81A073FA30695D8BA95E3E216B0627B6DA8B328EB8BF507A6995EDC,6334
"source/upstream-07ecb7cf/Mage.Sets/src/mage/cards/a/ArcadeCabinet.java",56EB4AFC361CBB91F7601948256630749865EEC47B6DF577210197B3FE4F7C95,1846
"source/upstream-07ecb7cf/Mage.Sets/src/mage/cards/a/ArcadeGannon.java",D4E786CD2807F8BFF84BA7080BDB351F1310B16FD3394359800C2A8CF0FC91D6,3087
"source/upstream-07ecb7cf/Mage.Sets/src/mage/cards/a/ArcadesSabboth.java",D4B04A5EA66F299E4FCD8C496F9AAA0CFC2041964FE3694345DC5AFDECCAAFD2,2518
"source/upstream-07ecb7cf/Mage.Sets/src/mage/cards/a/ArcadesTheStrategist.java",D11A0BCE24793DCB584806D478ACCFF42AF0734BC9F019A39AC912DD899EC21D,3008
"source/upstream-07ecb7cf/Mage.Sets/src/mage/cards/a/ArcaneAdaptation.java",CACDD86749E82CB50BCDE5B148A6B15BAC9B543A3099BA2CFCD1F642332930E7,1329
"source/upstream-07ecb7cf/Mage.Sets/src/mage/cards/a/ArcaneArtisan.java",239D594B0D58DD4FB95DE3DAE5047FE437EF573507E87E98FFD4AD202FC1F5A6,6376
"source/upstream-07ecb7cf/Mage.Sets/src/mage/cards/a/ArcaneBombardment.java",560E9E21A1BF3D175B99ACC182E652BD79FEB0BF77BB519DF21A52BE333C989D,5916
"source/upstream-07ecb7cf/Mage.Sets/src/mage/cards/a/ArcaneDenial.java",21E358B93BA2BC63A59F4C8855CDC62D0CB991C8FC3549B3B007D9D5DD3B46E7,3211
"source/upstream-07ecb7cf/Mage.Sets/src/mage/cards/a/ArcaneEncyclopedia.java",9EE222DC31EC9DF687F6BA20A6DEE431B20157C40A32722F5B1A5E9F66D2922A,1172
"source/upstream-07ecb7cf/Mage.Sets/src/mage/cards/a/ArcaneEndeavor.java",0A4328AFF56256049D03E3BD854615388AEB9DDBAF4F48E752C8B114FC2706D7,3058
"source/upstream-07ecb7cf/Mage.Sets/src/mage/cards/a/ArcaneEpiphany.java",54FE5D9D2A5609FDD633465DE5BADCC374247CB5474BE91E04D72FB449EFA93C,1676
"source/upstream-07ecb7cf/Mage.Sets/src/mage/cards/a/ArcaneFlight.java",02813B4FF97ADC5A2862DD4B0E3C47C57585659AFDB16A038AD89B169B7EC4B2,1772
"source/upstream-07ecb7cf/Mage.Sets/src/mage/cards/a/ArcaneHeist.java",6EE0631E1D63395A2A2FE3155B58A442E865D4FFAC1EFAA54FB167B8AA4B0880,1830
"source/upstream-07ecb7cf/Mage.Sets/src/mage/cards/a/ArcaneInfusion.java",8870E80AE2BA95AAC892ABA4BDCBC8227999A3D9C8DC065F2211D8EBC2C864AA,1298
"source/upstream-07ecb7cf/Mage.Sets/src/mage/cards/a/ArcaneInvestigator.java",69B3E690EE9D6587CC65632AD1D400328572C9A85A76AE6E661B3B8A681ADD60,1795
"source/upstream-07ecb7cf/Mage.Sets/src/mage/cards/a/ArcaneLaboratory.java",9AF76444937DA92D24DF95FCB9151B17AC33721A88AB24CF4E5632FCA643FA46,943
"source/upstream-07ecb7cf/Mage.Sets/src/mage/cards/a/ArcaneLighthouse.java",97AEB3FBD84C76E4913C483F586DFF9D501F7687AB4F6B02C680DD9631AE1A03,1839
"source/upstream-07ecb7cf/Mage.Sets/src/mage/cards/a/ArcaneMelee.java",B7BC9A6E8596B60AB56F45F6C58866A962041468C3DCF54521FCC15158106B10,973
"source/upstream-07ecb7cf/Mage.Sets/src/mage/cards/a/ArcaneOmens.java",5FAF994A7D477CA8A9F26950275A26354E6FCBFAA3621BCD6448FDD2E7F99B38,1151
"source/upstream-07ecb7cf/Mage.Sets/src/mage/cards/a/ArcaneProxy.java",D0D0DA58486B49E72091FB5E79B78494C9AC1CEFDA13DD8E2DDBDD006DA8F548,2425
"source/upstream-07ecb7cf/Mage.Sets/src/mage/cards/a/ArcaneSanctum.java",15A5E4128D78C46DB162127AAB7BE765FA41AD52E37A10A501874AE9DBA42BB7,939
"source/upstream-07ecb7cf/Mage.Sets/src/mage/cards/a/ArcaneSignet.java",0506D25E2A37EC4311B511BA1E86D2CF612C0D7041B09D22AABF44522FA44C6D,744
"source/upstream-07ecb7cf/Mage.Sets/src/mage/cards/a/ArcaneSpyglass.java",ED8E4A502D837866B0792C42821CAA79C2F4ED01466BF830C779EE24AAFD6E66,2016
"source/upstream-07ecb7cf/Mage.Sets/src/mage/cards/a/ArcaneSubtraction.java",4C67CC5EBC6CFB5B219B23315C55FEDAC70219371FE155C09BB51A8282A6BE54,1158
"source/upstream-07ecb7cf/Mage.Sets/src/mage/cards/a/ArcaneTeachings.java",B11243FDBA6F4252C31E79AD0176991B962C6D3152179DA46ABF963175B140B5,1974
"source/upstream-07ecb7cf/Mage.Sets/src/mage/cards/a/ArcanisTheOmnipotent.java",B48F2C93BEB2E91944FE0E00D8603E1598DB681C84596D77AD07FDF205C14AA3,1516
"source/upstream-07ecb7cf/Mage.Sets/src/mage/cards/a/ArcanistsOwl.java",A655C4E40821D7F4868D4771C49BF558B507CAD310B0CC2D37A07C01DF306E1E,1654
"source/upstream-07ecb7cf/Mage.Sets/src/mage/cards/a/ArcanumWings.java",558BAC97CABB6172D738804756407581FAEE1E6E281EDE7C530541D5E3B59DA1,1668
"source/upstream-07ecb7cf/Mage.Sets/src/mage/cards/a/ArcBlade.java",B07D1D1F2CCAE557FD2C13AFE58FC771F6F8B7B3C0FC54FBD241B7DBF64AB6D5,1216
"source/upstream-07ecb7cf/Mage.Sets/src/mage/cards/a/Arcbond.java",73F1EBC940608BDEA1DDC2F2EA100AA4A86BC9CE9E20F737726A08CA74E40A5C,5032
"source/upstream-07ecb7cf/Mage.Sets/src/mage/cards/a/ArcboundBruiser.java",6259A953D6BD7725593DFFEFC1ACBB0D5854565412DEF0C9CC152B9929B68865,864
"source/upstream-07ecb7cf/Mage.Sets/src/mage/cards/a/ArcboundCondor.java",C1143EF5FD6BE09804CAD63B290E058F636D2331A6F405D4282DEFC9420C63F8,1869
"source/upstream-07ecb7cf/Mage.Sets/src/mage/cards/a/ArcboundCrusher.java",9A762F97D77EAD73E3263C692F4701C93B311DE3B67C9144D4821F033EED9A02,1760
"source/upstream-07ecb7cf/Mage.Sets/src/mage/cards/a/ArcboundFiend.java",45D12F9E4F8E1C75493162BA0181BFAA8863AD9004FB0D227036ED7BABBFEA3C,1526
"source/upstream-07ecb7cf/Mage.Sets/src/mage/cards/a/ArcboundHybrid.java",6A8C49137E66CB873DE97D009C6A919A11B07624B44DFA4BB7AA237FB59B5CF5,972
"source/upstream-07ecb7cf/Mage.Sets/src/mage/cards/a/ArcboundJavelineer.java",1E7B1460C55331242A7906F891158107E82C8B8B28CF9A27AA3FF9B117D7DB2F,1735
"source/upstream-07ecb7cf/Mage.Sets/src/mage/cards/a/ArcboundLancer.java",7F8AAC29C05F812E4A5FEFBBC48452123A29192C633A34236651C13D739BF7CD,991
"source/upstream-07ecb7cf/Mage.Sets/src/mage/cards/a/ArcboundMouser.java",E2A52BDF57DAF237769927D06CA5C875BEBB1283E7883ED11CFD11CB4F58D1C3,984
"source/upstream-07ecb7cf/Mage.Sets/src/mage/cards/a/ArcboundOverseer.java",C72FFB28950609000556BAAE2BCD3D23EB5DBE909A5BF04612A75BE8D34D8593,1687
"source/upstream-07ecb7cf/Mage.Sets/src/mage/cards/a/ArcboundPrototype.java",507B52DB861041ECCB7571EFCEE8040290256F666E47A691D304473B45E0EDDF,893
"source/upstream-07ecb7cf/Mage.Sets/src/mage/cards/a/ArcboundRavager.java",7D7A7C4E89677EE0D8861B31B9A1B5F65EB2284D06050BE588D7F5F70952ABDB,1617
"source/upstream-07ecb7cf/Mage.Sets/src/mage/cards/a/ArcboundReclaimer.java",9952E699C3BE886729AAECA2CE54BDBAF4407938E5F9249461D53952460A2C7D,1666
"source/upstream-07ecb7cf/Mage.Sets/src/mage/cards/a/ArcboundShikari.java",B9CD406EA9B60AB1EF4D0739147DCD1F846B99C2C5B1B7B9C478F4EB1EE7EB78,1962
"source/upstream-07ecb7cf/Mage.Sets/src/mage/cards/a/ArcboundSlasher.java",FE139053F92D3DA26F2E174DAB079B8A7DFB761FC250CDB259FCC8BC3CBDEFE4,973
"source/upstream-07ecb7cf/Mage.Sets/src/mage/cards/a/ArcboundSlith.java",E7BEF36A6EEDF8D19C232C8D417EBC2F8202DBABC06F0CAF525C560E13413FFD,1273
"source/upstream-07ecb7cf/Mage.Sets/src/mage/cards/a/ArcboundStinger.java",A2390B379069FA9005132DF66A6028511C6D558248FB60F022B3B3CB8D521306,982
"source/upstream-07ecb7cf/Mage.Sets/src/mage/cards/a/ArcboundTracker.java",7F098FA70FDF0FFC9E0D2C7B770458C74313673B98D5550DC2046EC599709DD9,2550
"source/upstream-07ecb7cf/Mage.Sets/src/mage/cards/a/ArcboundWanderer.java",1B6C07D3FB23B59FCD0EBC1C08E11252F092794FB123C33C48C09B732F889400,882
"source/upstream-07ecb7cf/Mage.Sets/src/mage/cards/a/ArcboundWhelp.java",390DA7E14E2BD725F24D9B4A588EA4FAB044F24C532AEF490B110D74AD5E5C98,1396
"source/upstream-07ecb7cf/Mage.Sets/src/mage/cards/a/ArcboundWorker.java",E5FB2D921CEB26FF9BE0E682C292703341426F826F671F34967F1147F24912AB,993
"source/upstream-07ecb7cf/Mage.Sets/src/mage/cards/a/ArceeSharpshooter.java",6FE5358304E01D6F303CBB141C630A8FF600FC31EB0FFE5ADDBACB1873009F2E,5158
"source/upstream-07ecb7cf/Mage.Sets/src/mage/cards/a/ArchaeologicalDig.java",E07A0F192DB298D704040DCE2132F0EB413C7FB5281F7EA9D2322CF0665BA7BC,1106
"source/upstream-07ecb7cf/Mage.Sets/src/mage/cards/a/Archaeomancer.java",082195A1A070F128D438EEA7F63C6B7446FB9F3F3D00D0AD6B569D6D718E8FDB,1412
"source/upstream-07ecb7cf/Mage.Sets/src/mage/cards/a/ArchaeomancersMap.java",43934BB0D7109BA894A9AF9FCE5E58A3239DD55954CBC74ACD453634F8000B68,2833
"source/upstream-07ecb7cf/Mage.Sets/src/mage/cards/a/Archaeomender.java",7065E19A32ABFB38E7A93D60F7A881D0C26DDDF2FC48A2E1263A29671070E3AA,1393
"source/upstream-07ecb7cf/Mage.Sets/src/mage/cards/a/ArchaicsAgony.java",443B694EE3B513BC5119EA2F4C495C2E01B21C9DC6972C77B26267CE5F2D7F50,2764
"source/upstream-07ecb7cf/Mage.Sets/src/mage/cards/a/Archangel.java",8EEAE1C20155B631585A77F058C3095287D03946866A908DDF57A9FE3098EDC9,898
"source/upstream-07ecb7cf/Mage.Sets/src/mage/cards/a/ArchangelAvacyn.java",95A8EA83A62107C4D4E21D76C604537B4C530E7978C4465DD7CC399280B5DA32,4197
"source/upstream-07ecb7cf/Mage.Sets/src/mage/cards/a/ArchangelElspeth.java",3BD587264C359F90F59E2B89C61A051B5361BF5FA9FA22FE3F7A4EB8AA03E487,2799
"source/upstream-07ecb7cf/Mage.Sets/src/mage/cards/a/ArchangelOfStrife.java",BEFAB37DA007BCFFBD3D4DED2F55316AA351EF614DD5A9EF4E95EDA64A5402BB,5764
"source/upstream-07ecb7cf/Mage.Sets/src/mage/cards/a/ArchangelOfThune.java",ABF8682BD8FFAEB8A6039E9F7F0C07EA7AD19501744723E009485BC54775702C,1534
"source/upstream-07ecb7cf/Mage.Sets/src/mage/cards/a/ArchangelOfTithes.java",8249FF54CBC50101597E6C14D7120E5BF14B28A4E49E9B93F37CE55C871EAE90,3752
"source/upstream-07ecb7cf/Mage.Sets/src/mage/cards/a/ArchangelOfWrath.java",EA4D0FDD53B42D386404A60423FF64F5D13F879D4E957271521DEFFFB49AB9CE,2176
"source/upstream-07ecb7cf/Mage.Sets/src/mage/cards/a/ArchangelsLight.java",329D98021303DB2C794B1F809887FC42D8F9B8291684278DBC83056346B43795,1293
"source/upstream-07ecb7cf/Mage.Sets/src/mage/cards/a/ArchdemonOfPaliano.java",8CE817E43F2AD66D51E298B5A13505423720C9DBF1B6A80BA63D9D6497A9F888,1835
"source/upstream-07ecb7cf/Mage.Sets/src/mage/cards/a/ArchdemonOfUnx.java",91C9961A2A80B6DB480784B141E865B30E6431458A85EBD71D5EBC1436629195,1876
"source/upstream-07ecb7cf/Mage.Sets/src/mage/cards/a/ArchdruidsCharm.java",700A28B1C11CDDB2BC6A7901FAEAAC2565325581A42980D59016946AF920E816,6109
"source/upstream-07ecb7cf/Mage.Sets/src/mage/cards/a/ArchelosLagoonMystic.java",3251A9DBA88A564ACCF1564A75B29BD61511C9CDEC7C6F3567C181FDAE0C7C83,3143
"source/upstream-07ecb7cf/Mage.Sets/src/mage/cards/a/ArchenemysCharm.java",E3E1C2FD2274E65E084092FA86FB22B58271034F1393AA15D8BE608E338DFCA6,2421
"source/upstream-07ecb7cf/Mage.Sets/src/mage/cards/a/ArchersOfQarsi.java",68D01C8400D018082FECAC7F2EC7500CC11C3F2C291231D977C8E2F81D164D4E,1003
"source/upstream-07ecb7cf/Mage.Sets/src/mage/cards/a/ArchersParapet.java",C07F741E0E79DD8FB875F83280E509BFDFA522F2B739201B019C9D90D9D7E512,1361
"source/upstream-07ecb7cf/Mage.Sets/src/mage/cards/a/ArcheryTraining.java",CF41F4223F95512D67E4252DDC67DABA882A23BF2FDB9DA1D1C61C3147611F1B,4325
"source/upstream-07ecb7cf/Mage.Sets/src/mage/cards/a/ArchetypeOfAggression.java",C452105A29C6FAF4527B5944F1535963B4C0843946A37DA8123050B0A08D21E6,1625
"source/upstream-07ecb7cf/Mage.Sets/src/mage/cards/a/ArchetypeOfCourage.java",B4A19345B2A8759CAB36CD77A96A02E2228C4F214E54DE0C61039BB2B1014F6E,1634
"source/upstream-07ecb7cf/Mage.Sets/src/mage/cards/a/ArchetypeOfEndurance.java",ED7BA7C34EA1B272B22DB6B41391777597CAC08FECEA41CAB0991E7D149FDFDA,1581
"source/upstream-07ecb7cf/Mage.Sets/src/mage/cards/a/ArchetypeOfFinality.java",E5868A42C0B8577EAFD575CC6C509BABA1DBF644D6EE36F838CFB516B24F350B,1589
"source/upstream-07ecb7cf/Mage.Sets/src/mage/cards/a/ArchetypeOfImagination.java",852BA480CB0D7E72B4DED54B0D152483438E19BC8ED78AE2620DD0436C39AF3A,1624
"source/upstream-07ecb7cf/Mage.Sets/src/mage/cards/a/ArchfiendOfDepravity.java",3811C04F4226CFC94BC057462A0416D29EB073B6C1D3B793C5DD943F85920CBD,3204
"source/upstream-07ecb7cf/Mage.Sets/src/mage/cards/a/ArchfiendOfDespair.java",9C820D3F8B2553A9C0540F061D450370BEE2156BCEB9A284A0FB8F3607521A60,3127
"source/upstream-07ecb7cf/Mage.Sets/src/mage/cards/a/ArchfiendOfIfnir.java",95D077A3CA70DFE1B3EE636640131AE19D811120B13A38BEDA5BF0D3EDC7254B,1763
"source/upstream-07ecb7cf/Mage.Sets/src/mage/cards/a/ArchfiendOfSorrows.java",A8A563438BC7078A8877F82CE19A58488101726877C8B1DFAE5676C6179BB183,1587
"source/upstream-07ecb7cf/Mage.Sets/src/mage/cards/a/ArchfiendOfSpite.java",89A17FD2987855D19EDC0BD13BC0956D0E62EB215001B70E25103D2F7B3E4810,4551
"source/upstream-07ecb7cf/Mage.Sets/src/mage/cards/a/ArchfiendOfTheDross.java",D1F5EF215E7B35242B6B58F53227D4EADE7E34D33D23B96B93328DB081825D8C,3742
"source/upstream-07ecb7cf/Mage.Sets/src/mage/cards/a/ArchfiendsVessel.java",3C2D0196651B28FB694D3329CEAC10101DD73BA798FA65DF9F2ACC2735285691,4538
"source/upstream-07ecb7cf/Mage.Sets/src/mage/cards/a/ArchghoulOfThraben.java",1D2A1FB35CE3E31735A91E6CC73C1D7D9F45C8C98BEE29753F43F02794B5B9B3,3294
"source/upstream-07ecb7cf/Mage.Sets/src/mage/cards/a/Archipelagore.java",AAF0472B7A6E55F1E6637CAB6AD3E45C14D8274AD9D9DECAA6FFADE10E2D0EEE,1945
"source/upstream-07ecb7cf/Mage.Sets/src/mage/cards/a/ArchitectOfTheUntamed.java",8406FC5A5EEB9B54EEC4C9D9839C449F430E8A6E1437412C9BE82877CCEB729F,1609
"source/upstream-07ecb7cf/Mage.Sets/src/mage/cards/a/ArchitectsOfWill.java",94B374580849EA93EF390D3F965635301146672DD7FB931BB7C30BBB879288B8,2556
"source/upstream-07ecb7cf/Mage.Sets/src/mage/cards/a/ArchiveDragon.java",A696AC294F20B80F0B5060268BD2F7E2E6A119DE3B8122CB8B98F202A26A631B,1332
"source/upstream-07ecb7cf/Mage.Sets/src/mage/cards/a/ArchiveTrap.java",BB115C77B8F187D98DB8844A9E6042BC6FC700FD8295216A1859C42DDC5841EC,2974
"source/upstream-07ecb7cf/Mage.Sets/src/mage/cards/a/Archivist.java",E015E583AAABBC7CD736205BF8C23A1D40A77F59FD893DE9C3581BE7B5EE2ACA,1080
"source/upstream-07ecb7cf/Mage.Sets/src/mage/cards/a/ArchivistOfGondor.java",FF4E4190E34155AFB2C15203D3EA8E751254CEA71E0AFB71D02C789791D47FB7,2566
"source/upstream-07ecb7cf/Mage.Sets/src/mage/cards/a/ArchivistOfOghma.java",4ADA2BFA1098389B74EB8F3CE4444A26C0377360E457004DBA3FA8825736FC6C,2352
"source/upstream-07ecb7cf/Mage.Sets/src/mage/cards/a/ArchmageAscension.java",834E2707288F08DD374D2D8F46A3F6E8F5951D64D4EAF01C360322B94FA8504A,4332
"source/upstream-07ecb7cf/Mage.Sets/src/mage/cards/a/ArchmageEmeritus.java",B0FA8ECD2273BFCBC0111803553A0AB7FDEF6A33BE6B26846A8E0D581EFB84B1,1077
"source/upstream-07ecb7cf/Mage.Sets/src/mage/cards/a/ArchmageOfEchoes.java",3260267883D2FF6A89BBAD7351983C2EF1B547335C2515F48DA82F006EBA5E63,1956
"source/upstream-07ecb7cf/Mage.Sets/src/mage/cards/a/ArchmageOfRunes.java",56082302CDFE98DA3734423374461650B3FC278601E5EEC82C4540244E62B51C,1715
"source/upstream-07ecb7cf/Mage.Sets/src/mage/cards/a/ArchmagesCharm.java",19CBDA99A1E52F92CC61DC7BF1A5476CE569BB0442F75961A11F9EB13F72AC2D,1980
"source/upstream-07ecb7cf/Mage.Sets/src/mage/cards/a/ArchmagesNewt.java",886D9EF68E0174D09F5644BA1F63B7B4D1246A1BC426C19179C93BD47FF7E54D,3368
"source/upstream-07ecb7cf/Mage.Sets/src/mage/cards/a/ArchOfOrazca.java",5F40F116E1F68A0F1E07A862E9057E1EDF32FE93DD62F0DF9D008E94C23B09CA,1565
"source/upstream-07ecb7cf/Mage.Sets/src/mage/cards/a/ArchonOfAbsolution.java",515FAF0B483E780AB509DDE28260E32CDDFCF2BD118BC151422A12A57E42CBDA,1643
"source/upstream-07ecb7cf/Mage.Sets/src/mage/cards/a/ArchonOfCoronation.java",E8405446DAE071AF67BB79D7C1ADA306C45C943ECFD53DF8AD9E634378A1D50A,2810
"source/upstream-07ecb7cf/Mage.Sets/src/mage/cards/a/ArchonOfCruelty.java",D2A1E78A26E1EAB141E7F542632294794F1297FDC4ECADDFD8F60B53AFFE17C2,2154
"source/upstream-07ecb7cf/Mage.Sets/src/mage/cards/a/ArchonOfEmeria.java",F3C71EC058623877DD426414DE632E1FC60319A331F5D69B7FC512B8A8339897,1880
"source/upstream-07ecb7cf/Mage.Sets/src/mage/cards/a/ArchonOfFallingStars.java",62066EBBA0FFEFC8A5B6917ECFF7E0CD00EF42481AF4E87086AFC621CCB7E3AB,1641
"source/upstream-07ecb7cf/Mage.Sets/src/mage/cards/a/ArchonOfJustice.java",6E1E536D50D1FD090A10CDABF23CF56EA61C360F3638BB1AFA6797AE99F58A15,1190
"source/upstream-07ecb7cf/Mage.Sets/src/mage/cards/a/ArchonOfRedemption.java",94404D7685DFA8EEFFB7B6F89B5526F241B4DDEA5CE538EB8476E2A444FAD498,2676
"source/upstream-07ecb7cf/Mage.Sets/src/mage/cards/a/ArchonOfSunsGrace.java",167EAA7FBF04BF87B16B86E036326A3ED4669E250B48ABCC5732C38EC1223742,2022
"source/upstream-07ecb7cf/Mage.Sets/src/mage/cards/a/ArchonOfTheTriumvirate.java",EFC1CEAAC4CFF75CAE768F4CBB239AA485753F8168C47224586D0ED1203ABA65,1815
"source/upstream-07ecb7cf/Mage.Sets/src/mage/cards/a/ArchonOfTheWildRose.java",55337F00339D5FFEC06C0F5BA0709E5CB019C03E02B36964B1E353ACA6247A7F,2152
"source/upstream-07ecb7cf/Mage.Sets/src/mage/cards/a/ArchonOfValorsReach.java",6D07CE022118AF8B45D71A3299F767B8AAF453D008D2F9A44CA378207A219F1E,4010
"source/upstream-07ecb7cf/Mage.Sets/src/mage/cards/a/ArchonsGlory.java",2C47D7ABA3A174C10E9DB70F69924B01F2B06CEB16D8F18BA3F4E43D340D8C28,1866
"source/upstream-07ecb7cf/Mage.Sets/src/mage/cards/a/ArchpriestOfIona.java",6D2A310F730E5E4B83C545FC2D392173F2E1917F42D72B97E3705A1EC71141D7,2416
"source/upstream-07ecb7cf/Mage.Sets/src/mage/cards/a/ArchpriestOfShadows.java",6C1BDFC31EBAF0F8599F71F197674DE66661E9FDB11EC6A1316E849353751C7A,1945
"source/upstream-07ecb7cf/Mage.Sets/src/mage/cards/a/ArchwayAngel.java",A8199D9BF87B28C77F1E2072381A135E30689927E509874BEFBF31B2ACEA4C1F,1680
"source/upstream-07ecb7cf/Mage.Sets/src/mage/cards/a/ArchwayCommons.java",A440EFDD754B815D4FFF25D49C52708EDC5070D258EA574B1F5AB133218E364D,1337
"source/upstream-07ecb7cf/Mage.Sets/src/mage/cards/a/ArchwayOfInnovation.java",C14E577905C055231D905E4F8B8182649B4B0447EE23E19A57D99B4EB3DFA935,1967
"source/upstream-07ecb7cf/Mage.Sets/src/mage/cards/a/Archweaver.java",75796AC5DE0E1B90849773BAB5ABBDBFB652AF9E2556B459A02C6BB4E71041B7,927
"source/upstream-07ecb7cf/Mage.Sets/src/mage/cards/a/ArchwingDragon.java",14D8F128622D7555B7A4D0C988CFB05741FF5C68DFDAB00166DDE635D426D226,1315
"source/upstream-07ecb7cf/Mage.Sets/src/mage/cards/a/ArcLightning.java",D4153C6E0A891ABDFEB9F71F576DBD0C7D11A76226982BB711EFD23756E79300,878
"source/upstream-07ecb7cf/Mage.Sets/src/mage/cards/a/ArclightPhoenix.java",74E13DEEA7E2BFD5337507509A2295C182402E95427989E0C1D3868CA674C931,3168
"source/upstream-07ecb7cf/Mage.Sets/src/mage/cards/a/ArcMage.java",734C4727C70902EDF6217338E941A1D4A9F862574E5287608E2BE3C98926C4ED,1476
"source/upstream-07ecb7cf/Mage.Sets/src/mage/cards/a/ArcoFlagellant.java",D4A2E37CB25D32D8F3CEF7E1ED59A7D00C89913D12E17E02A307A0A1EFCA660E,1607
"source/upstream-07ecb7cf/Mage.Sets/src/mage/cards/a/ArcReactor.java",70264154E4C2F7D30B044F5C14E88C9BD31F890E14A1651E9E21A2C35286C02A,1091
"source/upstream-07ecb7cf/Mage.Sets/src/mage/cards/a/ArcRunner.java",ACF99FBE075972DF7AAC2A8FA6E8F931AAEF2F8535D86C2973F05DD72F5A0130,1173
"source/upstream-07ecb7cf/Mage.Sets/src/mage/cards/a/ArcSlogger.java",73FC393B36B0030CD27FBD4841D44ED85A1CA0EF22F9FF7139274E90EE685D42,1376
"source/upstream-07ecb7cf/Mage.Sets/src/mage/cards/a/ArcSpitter.java",00FF057B375B549AC5DB7602A120561D89CCB61253BA480B14173FB80C36BC78,1891
"source/upstream-07ecb7cf/Mage.Sets/src/mage/cards/a/ArcticAven.java",89366187D8F49D4943773C39B618E355FEA8F952F4E503BCE08A69A018675AED,1878
"source/upstream-07ecb7cf/Mage.Sets/src/mage/cards/a/ArcticFlats.java",41733A9FD4BB91B5F05C2C0A20B4E0E8D3F11D127B4DD53135700434F37E1F03,1006
"source/upstream-07ecb7cf/Mage.Sets/src/mage/cards/a/ArcticFoxes.java",F5E87E9FBD61B9962B83CEA76DD1469CB065AD41243C229B84BFF46FBCA46DD0,2346
"source/upstream-07ecb7cf/Mage.Sets/src/mage/cards/a/ArcticMerfolk.java",3A6A9727905B098E92832A080CD965F210E8321D36B907E42A2E83880529D17F,1784
"source/upstream-07ecb7cf/Mage.Sets/src/mage/cards/a/ArcticNishoba.java",63395CF67CD90401A0CBA338C64CE7A6CC967C8F6BBB0519B90E1C45EA1CC959,1865
"source/upstream-07ecb7cf/Mage.Sets/src/mage/cards/a/ArcticTreeline.java",CAC68E0AEA04E800F356A8FF29518215551978A7092C4531A5CB7BC6DE3862F4,1146
"source/upstream-07ecb7cf/Mage.Sets/src/mage/cards/a/ArcticWolves.java",A12D4602FCCAA486649FC654B9DAE84544A159BF2EAD3D7556BE0E2E2B8DFD12,1233
"source/upstream-07ecb7cf/Mage.Sets/src/mage/cards/a/ArcTrail.java",475736C386E0D6AB384A349C0799DC9F1E4122B9156979830D9CA0C5539DB8BF,1550
"source/upstream-07ecb7cf/Mage.Sets/src/mage/cards/a/ArcumDagsson.java",D6AAF91CFAAA2EA5F9FC6F80BF0156D015A6DCA5C99F3BDBFC1BB15592E69A17,2025
"source/upstream-07ecb7cf/Mage.Sets/src/mage/cards/a/ArcumsAstrolabe.java",2F1311BE5FA69D36DCC84A570FA4C86AD79EE4703C2ECA401D27E65622181764,1391
"source/upstream-07ecb7cf/Mage.Sets/src/mage/cards/a/ArcumsSleigh.java",BC1FE5AA4174FA1A8BBE8E5EB1AF9F08229B4BA2A83E467923D7F5111875794D,2202
"source/upstream-07ecb7cf/Mage.Sets/src/mage/cards/a/ArcumsWeathervane.java",B66AB3CBB9D1ABBB4CA0C6F179C97FA96477E8ED92AADDCB141516046B2A90CA,3724
"source/upstream-07ecb7cf/Mage.Sets/src/mage/cards/a/ArcusAcolyte.java",A8C5325CB677FE852216C612484A7F456A20D993688A89780465ACC61D15163E,2194
"source/upstream-07ecb7cf/Mage.Sets/src/mage/cards/a/ArdbertWarriorOfDarkness.java",D1532B2A3253347D2776439FA94B90E343DE3172EDE8C5A92D192DA514F904A2,3029
"source/upstream-07ecb7cf/Mage.Sets/src/mage/cards/a/ArdenAngel.java",66C62F76A4360805628ACC11482C919D37F3722B739033707BAD4CE34392E9FA,2291
"source/upstream-07ecb7cf/Mage.Sets/src/mage/cards/a/ArdennIntrepidArchaeologist.java",08D7E1EDFD11504F76A06258E284DCF2D346AC499F41605466D2599DF17717FA,3434
"source/upstream-07ecb7cf/Mage.Sets/src/mage/cards/a/ArdentDustspeaker.java",1459E0457344ADF723E390D157B3DB75281620140C02437160E5622C42846E38,3306
"source/upstream-07ecb7cf/Mage.Sets/src/mage/cards/a/ArdentElectromancer.java",B50CFFFB0A1E0AC986ED86FA912A5BBD2A87D6F8D6FFF450BE53717675D7D99B,1395
"source/upstream-07ecb7cf/Mage.Sets/src/mage/cards/a/ArdentElementalist.java",33F0B78699B4CABC1C6825D8079140C96ECB550D96FEDF90B03C654AB4929523,1449
"source/upstream-07ecb7cf/Mage.Sets/src/mage/cards/a/ArdentMilitia.java",BD09E0B0EA2CCB3814A0CC46B090DAB9183CC6F8315F5A5223C0B385C2C9FB4D,863
"source/upstream-07ecb7cf/Mage.Sets/src/mage/cards/a/ArdentPlea.java",3D5A5B647F376508B356F879E237366EE1D3D43092F0834E08A1C758B4F3F90A,1068
"source/upstream-07ecb7cf/Mage.Sets/src/mage/cards/a/ArdentRecruit.java",B243C0B874B59A35B9053AF3CF03B466427758DC51E92170551BF9509F5C1DD7,1685
"source/upstream-07ecb7cf/Mage.Sets/src/mage/cards/a/ArdentSoldier.java",A3FBD68803A8F7E3AE86CDDF535DF7B0C21C11CA341DB173CBECA43B56F91A57,1519
"source/upstream-07ecb7cf/Mage.Sets/src/mage/cards/a/ArdenvalePaladin.java",975D074B1347F0362B9CC610D99AB351810056F22DAC05EE72C829450BAEF7B9,1508
"source/upstream-07ecb7cf/Mage.Sets/src/mage/cards/a/ArdenvaleTactician.java",FA178D3E1BEAD3F5D2C9873E1A70DA684EEF4D2B6E3270410B7B0714D5AB934B,1365
"source/upstream-07ecb7cf/Mage.Sets/src/mage/cards/a/ArdozCobblerOfWar.java",C42766823EF32A6E96E6D485DD5CBA3950F63C44ADE929264CEA0FDDC135EC18,2210
"source/upstream-07ecb7cf/Mage.Sets/src/mage/cards/a/ArdynTheUsurper.java",8437EC547684346C6E47B8692497CDFF1E7A696ADE20BB8E88F8AF0B1FAD4D6B,4020
"source/upstream-07ecb7cf/Mage.Sets/src/mage/cards/a/ARealmReborn.java",809A7259F289BE4D26B250D16478FD9F0ECB0AC6C101C537766BD3539C73A183,1087
"source/upstream-07ecb7cf/Mage.Sets/src/mage/cards/a/Arena.java",1726F49AA3A11CFB76573BB137AAB07F1C23E99B64B88FA2DB9711132CFAAC1A,2552
"source/upstream-07ecb7cf/Mage.Sets/src/mage/cards/a/ArenaAthlete.java",F8EF4D8B5AAAFA40176ABD34DBBA54FCE332552BFB0BE748B07ABC0D6017CE53,1279
"source/upstream-07ecb7cf/Mage.Sets/src/mage/cards/a/ArenaOfGlory.java",5691C435303498AFC25496E0ECD844368AE74C6CE05D72F533BB40AC7221B1B8,2461
"source/upstream-07ecb7cf/Mage.Sets/src/mage/cards/a/ArenaOfTheAncients.java",5026BD0122E5354A2BA19922935ABDA82694C255711A54BE38CC0CB897A2A6B2,1617
"source/upstream-07ecb7cf/Mage.Sets/src/mage/cards/a/ArenaRector.java",479364AAA1FE019AAD4B58E2342FD2FEADE2434F9475913B9BDF77A8B85819D3,1742
"source/upstream-07ecb7cf/Mage.Sets/src/mage/cards/a/ArenaTrickster.java",7384DBC3842682256F53B1C121F0396C8AE44C026CCE2F92271D0D5483D4A707,1223
"source/upstream-07ecb7cf/Mage.Sets/src/mage/cards/a/ArensonsAura.java",7AABBF123BA5B61445BF30424F59AC16E5DFD7E0523BAAB56F2F6EA6EEEE9485,2011
"source/upstream-07ecb7cf/Mage.Sets/src/mage/cards/a/AresGodOfWar.java",1CBC0DAE634916AE570DBEF643C321FF01BEBFE714ADC678E071AF7A945684C0,1843
"source/upstream-07ecb7cf/Mage.Sets/src/mage/cards/a/ArgentDais.java",25CFDF13E0B2FC926B25262E1C896A4F7894FF8DA2B7D5A586BF2DE1F78766B3,3236
"source/upstream-07ecb7cf/Mage.Sets/src/mage/cards/a/ArgentMutation.java",18FB9E77EE20D301A6821A7803A6D96744E3CA476E7C5FCAF15470CE2EC29512,1032
"source/upstream-07ecb7cf/Mage.Sets/src/mage/cards/a/ArgentSphinx.java",2ED1519049AD279B69767CC046EF3231D22B6125CE7926BF518E3532A9ECBCE9,3246
"source/upstream-07ecb7cf/Mage.Sets/src/mage/cards/a/ArgentumArmor.java",2A9D0989FAE8E7E9EC988F089EBB0192B419F4B9A019BDD96F08C625284CBA00,1560
"source/upstream-07ecb7cf/Mage.Sets/src/mage/cards/a/ArgentumMasticore.java",63C40610C1FAEEC7A9F6C798BEA670483A9EDF069E75E91B0ED5FD84EA6EAF14,4228
"source/upstream-07ecb7cf/Mage.Sets/src/mage/cards/a/ArgivianArchaeologist.java",DB56E3CAB44E90CD4AABA0C011ABD5882BCAF266A70C39B053AD5BE7FEC21633,1630
"source/upstream-07ecb7cf/Mage.Sets/src/mage/cards/a/ArgivianAvenger.java",E968319EAD66FC5C8B9FC473B99A48E2062D9759D7AE9C25B4DAC6D4974820C8,1888
"source/upstream-07ecb7cf/Mage.Sets/src/mage/cards/a/ArgivianBlacksmith.java",3E44396E98CDA0A0805C5F68242A3F926DE0EA85D7E08696F1A21C04EEFA7E0B,1698
"source/upstream-07ecb7cf/Mage.Sets/src/mage/cards/a/ArgivianCavalier.java",7ABAB4E1101A29D57D6123E3EFC9A824CA4389E59DD662C715CAA8658EBFDF9D,1262
"source/upstream-07ecb7cf/Mage.Sets/src/mage/cards/a/ArgivianFind.java",C7B79CE9D560DDF3A400E512D387B9DE804ABEB0576699CBBDCDC200EBDF737D,1235
"source/upstream-07ecb7cf/Mage.Sets/src/mage/cards/a/ArgivianPhalanx.java",EB2E0692E1E19388500327CD4CA63C44B4BF3DAD22CB400C3FA4372B963F5959,1127
"source/upstream-07ecb7cf/Mage.Sets/src/mage/cards/a/ArgivianRestoration.java",0A745B8139EF678DAC0212A6ABF7CB9B01E98E2B7FE81B9B9E0B9CD0238B4D88,1053
"source/upstream-07ecb7cf/Mage.Sets/src/mage/cards/a/ArgothianElder.java",EDDEB80B1E1CD6DE4E1DABB8AF180D7CF75CA931016D1DFAAAFCEE76B37777F5,1231
"source/upstream-07ecb7cf/Mage.Sets/src/mage/cards/a/ArgothianEnchantress.java",84F206D8FBD1726A8272CE4532F93F87D2988F8ED4FE1A873C5B3CC0D1989227,1307
"source/upstream-07ecb7cf/Mage.Sets/src/mage/cards/a/ArgothianOpportunist.java",EF12DFEB8E347F07EC98AFEADEF1D4C57D6AB14E70964EE20F861707271043B8,1213
"source/upstream-07ecb7cf/Mage.Sets/src/mage/cards/a/ArgothianPixies.java",164568FCDFF718A328C7CBA02588503D11F30D98E1010DF7C158DEB5AC50310C,1580
"source/upstream-07ecb7cf/Mage.Sets/src/mage/cards/a/ArgothianSprite.java",58985B5BBF20BF7A75B4C140F34CC7283140D4D501B94C2C169983771EDAACB0,1632
"source/upstream-07ecb7cf/Mage.Sets/src/mage/cards/a/ArgothianSwine.java",5F896135D0BE3C10B0FEFD8C02E7CCB2F2C1C8F2EE9A6FA141083F280A0C135D,824
"source/upstream-07ecb7cf/Mage.Sets/src/mage/cards/a/ArgothianTreefolk.java",739454C9DA2069A7E6FC862EDF9C99275CABDF01E87CA8EF0460823A064E5AED,2143
"source/upstream-07ecb7cf/Mage.Sets/src/mage/cards/a/ArgothianWurm.java",4CCCA441561EA84EE7EF8FB984874DD28E19AB5D8E1F25AD0C5CB6D753DAB6CB,2989
"source/upstream-07ecb7cf/Mage.Sets/src/mage/cards/a/ArgothSanctumOfNature.java",49FA29853EDDA738447FD79894FE7F936072908841C429FFA3A1896DD4105222,2908
"source/upstream-07ecb7cf/Mage.Sets/src/mage/cards/a/ArguelsBloodFast.java",0302716771587950236142A50D57CC04F8F52ED115E517BE301895D676B460FF,2802
"source/upstream-07ecb7cf/Mage.Sets/src/mage/cards/a/AriaOfFlame.java",3AB72F533327FCC19825F5F0A92CA0D8F61BFBA0E8B3EF25BC50158BE1E3A7E8,2174
"source/upstream-07ecb7cf/Mage.Sets/src/mage/cards/a/AridArchway.java",47D248387911021A835CABA72B416AF888D43D2B15C5AC364D09E07A5C188BE5,3115
"source/upstream-07ecb7cf/Mage.Sets/src/mage/cards/a/AridMesa.java",F09910311874F7014B3B8CFC548AC7DC10BC592B5D34E004E078D01A82B0BF8B,807
"source/upstream-07ecb7cf/Mage.Sets/src/mage/cards/a/ArisenGorgon.java",AF2EBA0D9AC0A74FBE31B752C1836A485D7F03A79ED1C426E216AC8C9E40A502,2007
"source/upstream-07ecb7cf/Mage.Sets/src/mage/cards/a/ArixmethesSlumberingIsle.java",F5E5C64D2E21843E960CCC85B348F9640283176D3539ABD0711D638A41C36CC2,3729
"source/upstream-07ecb7cf/Mage.Sets/src/mage/cards/a/ArjunTheShiftingFlame.java",D0094E37E935FCC6DF4B9985229C5801AB7BEF23755135F4055E2BFB1FC95658,2350
"source/upstream-07ecb7cf/Mage.Sets/src/mage/cards/a/ArkOfBlight.java",30D2B2FCF57CA05B8AFE24651473B9444D7783B12060CB0EC568BDDE951936FD,1265
"source/upstream-07ecb7cf/Mage.Sets/src/mage/cards/a/ArkOfHunger.java",A13B0F74421DC709C5F7E7EB4A6FAB833650AFBD5C50C72B185F947314C4684A,2456
"source/upstream-07ecb7cf/Mage.Sets/src/mage/cards/a/ArlinnKord.java",3AC4051C337F9B8FF15DD1DCB812D0370498C9CA6441E8D3AE58A3D4E880AC0A,4187
"source/upstream-07ecb7cf/Mage.Sets/src/mage/cards/a/ArlinnsWolf.java",B6ADE8DE77A6834C7922A5742C07CF053D893175367803B39C4D361329582968,1447
"source/upstream-07ecb7cf/Mage.Sets/src/mage/cards/a/ArlinnThePacksHope.java",4637D0F4529A9AF856496E283B02FEDCE9C9A240CC8CB6F22320C4A4DEDB1E3C,5442
"source/upstream-07ecb7cf/Mage.Sets/src/mage/cards/a/ArlinnVoiceOfThePack.java",C88DE9081947D9306D8422467EA7296F540CB287D2F37C009F30CFA3805EEDCC,3141
"source/upstream-07ecb7cf/Mage.Sets/src/mage/cards/a/ArmadaWurm.java",EFDC5FEAE3946224A8A456CFD1B91C71FFD67F6A32A06220E7929856A4C68F2D,1231
"source/upstream-07ecb7cf/Mage.Sets/src/mage/cards/a/ArmadilloCloak.java",94F32C21F87B0B525FE3B3DEC54B63A2D79DEEE298FE4A31FAF8740EAE9F2AED,2180
"source/upstream-07ecb7cf/Mage.Sets/src/mage/cards/a/Armageddon.java",476A386EA26F7436FBF107D01DB4149955B25712F3E1EEBDE7943ED0EAF6C145,735
"source/upstream-07ecb7cf/Mage.Sets/src/mage/cards/a/ArmageddonClock.java",61F5AD72370358E2195142EDCE0ED490D05A81F217879BB97E06679B97A0828C,2491
"source/upstream-07ecb7cf/Mage.Sets/src/mage/cards/a/ArmaggonFutureShark.java",A4F6D4EF6479A409415D7B73F3CD9ED0F58B972D351260AE2FB270C7A8F0A213,1482
"source/upstream-07ecb7cf/Mage.Sets/src/mage/cards/a/ArmamentCorps.java",E1B5E3BA6B38875164FDBC33277428415E8A58A73C1112C28BDB395330E8F841,1400
"source/upstream-07ecb7cf/Mage.Sets/src/mage/cards/a/ArmamentDragon.java",17F6026235E5066B6787C042BB0494CA22CBF4E1F54626A9F3FF8C9A14F8DDD3,1508
"source/upstream-07ecb7cf/Mage.Sets/src/mage/cards/a/ArmamentMaster.java",6F4740157302FEA98663C6CA12F4D617337D9D2DC92C1C3E726148B1B0E08802,3013
"source/upstream-07ecb7cf/Mage.Sets/src/mage/cards/a/ArmamentOfNyx.java",58D6D4159F41D905E929AE9EC2A19056B94C5E05F4480375B0CEBFB17AFB0256,2833
"source/upstream-07ecb7cf/Mage.Sets/src/mage/cards/a/ArmasaurGuide.java",439A4F776B06F06CFB93135CA0DA5A87F92AEC8A563028B94A091E6C1001DFF7,1501
"source/upstream-07ecb7cf/Mage.Sets/src/mage/cards/a/ArmedAndArmored.java",9D15FC1D6B27B7AC6FEB7587FFA4E86B5575F27EF3666BB3208A83195A37BF59,3305
"source/upstream-07ecb7cf/Mage.Sets/src/mage/cards/a/ArmedAssailant.java",8F405F42C07BC2CD6CAAE9B7C224369F9914000575682FDDDC017641F85E73F8,1967
"source/upstream-07ecb7cf/Mage.Sets/src/mage/cards/a/ArmedDangerous.java",7C8A68D34AA34EBFDBA8F838EED65B3F6AAB28409B66FA89DE5602612478803C,1879
"source/upstream-07ecb7cf/Mage.Sets/src/mage/cards/a/ArmedProtocolDroid.java",2A7B7A834F693F20F28AFF7BBA1AA65D1E1C5A54F8B92C82073C7EBCD860D7EF,1796
"source/upstream-07ecb7cf/Mage.Sets/src/mage/cards/a/ArmedResponse.java",5B8A5186C2BD6560B3B57003C166ACBDDC99BF873A6C6F514673F61C14FAE990,1290
"source/upstream-07ecb7cf/Mage.Sets/src/mage/cards/a/ArmedWithProof.java",E13B79094086D18A3C8C1C18065DFCA29749A9E4271983B9E0DE9886477688C5,3159
"source/upstream-07ecb7cf/Mage.Sets/src/mage/cards/a/ArmguardFamiliar.java",397D175AEED8DF3075CC810CAD7B30ADF3013D3F4A66058D10C763577CBE2F80,1731
"source/upstream-07ecb7cf/Mage.Sets/src/mage/cards/a/ArmillarySphere.java",67A21FA5C1D7FBB9A565F898B96D0AFE25EEF487BAA02ED64F177E4B1D15E624,1500
"source/upstream-07ecb7cf/Mage.Sets/src/mage/cards/a/Armistice.java",42355A3CA1BE4F134BE641EC082D5F6A72A75854FE1788A034E5A1BB143CF40F,1187
"source/upstream-07ecb7cf/Mage.Sets/src/mage/cards/a/ArmixFiligreeThrasher.java",8FE50375391FDDA06306AD67F36A7247DAFCF99175D2E7BA8115542E263CCB73,3645
"source/upstream-07ecb7cf/Mage.Sets/src/mage/cards/a/ArmMountedAnchor.java",055C6723FF86F0A6990485CE906DF874D6C09EBA4DCF38E0F61EDD322037B6CB,3354
"source/upstream-07ecb7cf/Mage.Sets/src/mage/cards/a/ArmorcraftJudge.java",893E8DB134B32FBAD45C3F5B65B08AE7BF3FDE9ECFAB7F2F0F69BD7C4C9F2399,1344
"source/upstream-07ecb7cf/Mage.Sets/src/mage/cards/a/ArmoredArmadillo.java",B73FE3D6C3A366BBDE79507E401FEF1A6227FCC3EEF485A82A0BC6FECC896418,1629
"source/upstream-07ecb7cf/Mage.Sets/src/mage/cards/a/ArmoredAscension.java",66133693C670F171903E6E2B52B8077FCA5C20E98B2D370D7D8563267C4C7CC6,2448
"source/upstream-07ecb7cf/Mage.Sets/src/mage/cards/a/ArmoredCancrix.java",CFB084851832C69170BC696783C52EAF992A181D6F8BAF134C60567053C5D79F,745
"source/upstream-07ecb7cf/Mage.Sets/src/mage/cards/a/ArmoredGalleon.java",36E62649D341859F7F4735C5F9F56233E695091CD3BE871D5DA20B246E2C3C21,1214
"source/upstream-07ecb7cf/Mage.Sets/src/mage/cards/a/ArmoredGriffin.java",0BF8E8473DB3EEEEFE30449FBCE2C897FCE8E0FA5F44BED9AEC0D325EB96E495,968
"source/upstream-07ecb7cf/Mage.Sets/src/mage/cards/a/ArmoredGuardian.java",DD63173C32B1A37786ECD516DA55C4E2030D98488FD67C84215D80669915A6E1,1856
"source/upstream-07ecb7cf/Mage.Sets/src/mage/cards/a/ArmoredKincaller.java",D364AA277EFCBC8EBCF2F2B920D39E15B9D8E1EB0AA27507E135C2231B103432,2917
"source/upstream-07ecb7cf/Mage.Sets/src/mage/cards/a/ArmoredPegasus.java",FE467E3294F8A191D7EF512A94EE8BCD15B5D33B57AD263ACF425B91BC5148B5,822
"source/upstream-07ecb7cf/Mage.Sets/src/mage/cards/a/ArmoredScrapgorger.java",767836840E6D31C843FB00B70161F7AEDBF52F055844C5082F3B9574E8734973,2445
"source/upstream-07ecb7cf/Mage.Sets/src/mage/cards/a/ArmoredSkaab.java",0DF339E80A378E9D8DC6202D39E888A57EE99F814F367C9ED8FF1A53C3270CFD,1093
"source/upstream-07ecb7cf/Mage.Sets/src/mage/cards/a/ArmoredSkyhunter.java",0C3D0D4D45D659A975570E3845536C549FEA0A6B7AC7A7BBBCB93A6CD9BE50C3,4243
"source/upstream-07ecb7cf/Mage.Sets/src/mage/cards/a/ArmoredTransport.java",B0D9521791D143707452FA6A161C716DB0EDC30C469897FFFECBE698D83E432F,1426
"source/upstream-07ecb7cf/Mage.Sets/src/mage/cards/a/ArmoredWarhorse.java",57BEFD6326748DF9B1509CC3D87516E2CD9CD67E9D569CAC1BC510F5F731822E,724
"source/upstream-07ecb7cf/Mage.Sets/src/mage/cards/a/ArmoredWhirlTurtle.java",7CAFB4CD0DB1980AF38C45DBA134474F2E744C93C896A91F4215DAF2D150C02F,751
"source/upstream-07ecb7cf/Mage.Sets/src/mage/cards/a/ArmoredWolfRider.java",F443F4726BB0139E017AD3B6DAF73462CBCA1F80E5F4B7859C5F2A0AE48B76A3,784
"source/upstream-07ecb7cf/Mage.Sets/src/mage/cards/a/ArmorerGuildmage.java",B87D8183183CBF4064AAEBDFCF1ABC508310A8C2AD5DE595CFF5DC979AD47454,1812
"source/upstream-07ecb7cf/Mage.Sets/src/mage/cards/a/ArmorOfFaith.java",79C4C9BE26652D513C419C50E499C4F8EBD070489BE07BCBC99E19DF852753BE,1684
"source/upstream-07ecb7cf/Mage.Sets/src/mage/cards/a/ArmorOfShadows.java",0F3BF9AB777681B9B85C03ED64537B3BB0ECA7BBCE456EFFD01D620367EFC6FF,1316
"source/upstream-07ecb7cf/Mage.Sets/src/mage/cards/a/ArmorOfThorns.java",013A726259F7506181618FB33A81D059B0E2D963E82E270E5C926A8DA5BFE017,2120
"source/upstream-07ecb7cf/Mage.Sets/src/mage/cards/a/ArmorSliver.java",91DD59D5AB480F6E978C393ACAABEF13DC0F5321F4F4928AAFC1CB9844BAC1EE,1441
"source/upstream-07ecb7cf/Mage.Sets/src/mage/cards/a/ArmorThrull.java",E3471AF7419BF85498F5C01414D68E29697857CE38C6EE7F2C0E9BF82DC0570D,1441
"source/upstream-07ecb7cf/Mage.Sets/src/mage/cards/a/ArmorWars.java",C5211BE3A669190FE5F470B59BB4B404F3F3F423F466CE7D85D9074CA020348F,3783
"source/upstream-07ecb7cf/Mage.Sets/src/mage/cards/a/ArmoryAutomaton.java",8D258C33E94D3B287103D76955A52DDA8C30A07074A71C35361BD57C9766C799,2363
"source/upstream-07ecb7cf/Mage.Sets/src/mage/cards/a/ArmoryGuard.java",BEEBC0C20D1D5B40478D91AECDCBEA09449D5AE86B41CC01B06DCAC13A172D6F,1613
"source/upstream-07ecb7cf/Mage.Sets/src/mage/cards/a/ArmoryMice.java",A54E964872DC6449EC8699043F5D646CADCBEC3FAE0A1BECD02EC188FD0051D4,1691
"source/upstream-07ecb7cf/Mage.Sets/src/mage/cards/a/ArmoryOfIroas.java",1DC7DB5630899A294CE663D06EFB2B75805ADDB3D7809103D50B7FFD9356ABCB,1239
"source/upstream-07ecb7cf/Mage.Sets/src/mage/cards/a/ArmoryPaladin.java",331978F371DFBD05AA5D0456EFED6691D02F85626FDF48408D6BA0A88BE3BBDB,1777
"source/upstream-07ecb7cf/Mage.Sets/src/mage/cards/a/ArmoryVeteran.java",1973EEE81FCE202EE489CC16393C9458A64B0FF4C4518D5CEB038633504FCE65,1487
"source/upstream-07ecb7cf/Mage.Sets/src/mage/cards/a/ArmsDealer.java",0FE6EC4DB81B372E3EDDBED49BC575439C9F1BD218C2DB5F210737F4C5D75B63,1598
"source/upstream-07ecb7cf/Mage.Sets/src/mage/cards/a/ArmsOfHadar.java",0864DA6B565767F8976811858A1B96873D70A3C136302111C02938EFF58C78E8,1242
"source/upstream-07ecb7cf/Mage.Sets/src/mage/cards/a/ArmsRace.java",6A6784176E49DC308709B3667F7B62D1BE9A02E7030259EA492AFCC06AA256F0,1166
"source/upstream-07ecb7cf/Mage.Sets/src/mage/cards/a/ArmTheCathars.java",6DF78B67E3D9F7A58FEEE217E5FE69972776011EAE8BF07FDE407998BE77D384,2818
"source/upstream-07ecb7cf/Mage.Sets/src/mage/cards/a/ArmWithAether.java",1F25E142848EAD8DF8AF4F9C738850FE50E2EA02125F74A80001A04D2C5FA374,1942
"source/upstream-07ecb7cf/Mage.Sets/src/mage/cards/a/ArmyAnts.java",8659BF34F22E1D96D1362CAC7CE85AB34B090E46E8B9E3643ACF6DE19F040C7C,1459
"source/upstream-07ecb7cf/Mage.Sets/src/mage/cards/a/ArmyOfAllah.java",89B4B6D3C3868265C6277392ABD0C66FB524E09638E577EC89112D94C9FF59D4,864
"source/upstream-07ecb7cf/Mage.Sets/src/mage/cards/a/ArmyOfTheDamned.java",5CAFA590D193996BF90815A440C81DEDC5B45B2E75F6F863DDE125BF520E845D,1088
"source/upstream-07ecb7cf/Mage.Sets/src/mage/cards/a/ArnaKennerudSkycaptain.java",C7A792FDA74DCB9462CC21E9E43F5B674DFD7EA83ECACEA774EF2F6F0AFD6BF1,4209
"source/upstream-07ecb7cf/Mage.Sets/src/mage/cards/a/ArniBrokenbrow.java",86488EE57FBDDF64FAE25808A6AD8A46F6E1888EAB314B840D340751D6C775A8,2863
"source/upstream-07ecb7cf/Mage.Sets/src/mage/cards/a/ArniMetalbrow.java",434CD6B80716AAE0EAA93CB8B4903B1AD3DDF08BF85E05DA0CCA06BF64F4324F,4978
"source/upstream-07ecb7cf/Mage.Sets/src/mage/cards/a/ArnimZolaBioFanatic.java",5510B5F93C6D73BE097E23D584E4D1080B32579EB4810A9AA57F80C18AECEFC2,2130
"source/upstream-07ecb7cf/Mage.Sets/src/mage/cards/a/ArniSlaysTheTroll.java",ACA646F4F676FFBF8D97116E89291B711ACAF587659820ED7676D8A9196A654F,3114
"source/upstream-07ecb7cf/Mage.Sets/src/mage/cards/a/ArnjlotsAscent.java",A89989C511D21F276B889DCB981DE999F612859B29DA08CB99C62FFF00BF0BB2,1416
"source/upstream-07ecb7cf/Mage.Sets/src/mage/cards/a/ArnoDorian.java",EEF6F9BD22AFE8E9F1EAAF5F09A0521619103DF15DD068B3260CA9A5BE0FFF03,1691
"source/upstream-07ecb7cf/Mage.Sets/src/mage/cards/a/ArnynDeathbloomBotanist.java",A133D19F44D685B31938C8B57A7F5278B2B8496F6FE4A563651DA5AFFD1CF080,2348
"source/upstream-07ecb7cf/Mage.Sets/src/mage/cards/a/AronBenaliasRuin.java",FA92D4F13CDC681C75E24135F929140FDCAF90B7EC48EBAA50CCD7B80E17E782,1876
"source/upstream-07ecb7cf/Mage.Sets/src/mage/cards/a/Arrest.java",62C0BE083385FE7D249A8D869C04476619C0501C5A390E663C8AB0635D52C7F4,1502
"source/upstream-07ecb7cf/Mage.Sets/src/mage/cards/a/ArrestersAdmonition.java",AF736AA0678404B32AFD888E3E03FC0D1B44BD46BC9185C14CE2028F9B53126B,1440
"source/upstream-07ecb7cf/Mage.Sets/src/mage/cards/a/ArrestersZeal.java",9F3E14FDF5343AFB5EEC9580F028E85A3331B5CF11EBD7606E4723CDA037BFFE,2181
"source/upstream-07ecb7cf/Mage.Sets/src/mage/cards/a/ArrogantBloodlord.java",989B94C4F1854FCCF0DF88928DB1381AD55B85DB968ED5585143729A57080D6D,1884
"source/upstream-07ecb7cf/Mage.Sets/src/mage/cards/a/ArrogantOutlaw.java",08A06F6C75914C50C89C8389439EC55CD339E208D2920FC52F5C0BA6444B60AD,1567
"source/upstream-07ecb7cf/Mage.Sets/src/mage/cards/a/ArrogantPoet.java",71B6A5D17FD2119BBC8BC0C19F717635F0A015910A1E697FC93DFB7FE28EBC3E,1540
"source/upstream-07ecb7cf/Mage.Sets/src/mage/cards/a/ArrogantVampire.java",78AC40429438458A4486468DF52497545EED40F5891FE24FA36FE96749338BE2,851
"source/upstream-07ecb7cf/Mage.Sets/src/mage/cards/a/ArrogantWurm.java",C670DADA5D6477AAE7525D2F80C64D84A429B9CCCCA596C72E8B7C87CBE5ABFE,1044
"source/upstream-07ecb7cf/Mage.Sets/src/mage/cards/a/ArrowsOfJustice.java",EF65FB98F3D3266F8795802F67271C123F475C9C3A3DC2C4089E7279F5231B35,914
"source/upstream-07ecb7cf/Mage.Sets/src/mage/cards/a/ArrowStorm.java",2DFE236CCC639D63AFFA3D1CFCC62AD731F8031C4314C1BC594981A497179BAD,1870
"source/upstream-07ecb7cf/Mage.Sets/src/mage/cards/a/ArrowVolleyTrap.java",6B7ECAD48A2A9B27E7D7E42F692713B2762F17206EF053FB06F4401BBC46B79D,1838
"source/upstream-07ecb7cf/Mage.Sets/src/mage/cards/a/ArsenalThresher.java",477E221E5BC0D0646D58558077E2E1A32A4A18CC74E679791918B025EBDD0648,3439
"source/upstream-07ecb7cf/Mage.Sets/src/mage/cards/a/ArteeohDreadScavenger.java",7539DDEDB42B0BC10C5061C88480A9DF37AC414309EE51D08D8323A22D4D3891,4408
"source/upstream-07ecb7cf/Mage.Sets/src/mage/cards/a/ArterialAlchemy.java",7DDEBF38C9E752B3CE41A8004D6098CE366BBBAECC6FD8457A6CE9E7EF135C19,3581
"source/upstream-07ecb7cf/Mage.Sets/src/mage/cards/a/ArterialFlow.java",B6B51B1CEFCEE64B85616DFAD9D537A91C54A6EE33FF1DE3C2C7A7F43FEF063C,1875
"source/upstream-07ecb7cf/Mage.Sets/src/mage/cards/a/ArtfulDodge.java",692D61DEB3F467A75813EA953447C9A838D55DEBAE2DDF4A055A59D11BBBA824,1089
"source/upstream-07ecb7cf/Mage.Sets/src/mage/cards/a/ArtfulManeuver.java",3DFA28F80CF30747D335B5DC7FD47C98476FC14CF7761D6F76922E5B0C89D44D,1042
"source/upstream-07ecb7cf/Mage.Sets/src/mage/cards/a/ArtfulTakedown.java",2E1477EDC87C965F62155F4B70381762C98D23E9C2544DA4ECC5FD2700935701,1910
"source/upstream-07ecb7cf/Mage.Sets/src/mage/cards/a/ArthurMarigoldKnight.java",E89021C8EF0A6C5464945149CCE72A2ED756608180FCD85A901024C624BBD3BC,5228
"source/upstream-07ecb7cf/Mage.Sets/src/mage/cards/a/ArtifactBlast.java",78D3284490B470EA0A168AC309D833573434606E68EB0AA15BD82EE73AF8BEAA,993
"source/upstream-07ecb7cf/Mage.Sets/src/mage/cards/a/ArtifactMutation.java",667AAA7FE4C3C00D3A81C5E5ED81D24D0624CF720753E93BE0F9C1C47F96A1AA,1354
"source/upstream-07ecb7cf/Mage.Sets/src/mage/cards/a/ArtifactPossession.java",1E0D32FFD61D661B748EBDFAFF9F2C6AFE5F50F973A4DDAF772826E4CBC2FD00,3173
"source/upstream-07ecb7cf/Mage.Sets/src/mage/cards/a/ArtifactWard.java",D278CB5225EED0EB9C0938158D9CFA9AE64F866F5141514140DC2909F0240321,1927
"source/upstream-07ecb7cf/Mage.Sets/src/mage/cards/a/ArtificerClass.java",2174E6983AF1B6AEF9949F3287FD5989290084601236441A3AD3BC3172AAE4B2,4460
"source/upstream-07ecb7cf/Mage.Sets/src/mage/cards/a/ArtificersAssistant.java",84A6BFEBC11379F0C406106FD5968EACADD80EDB21569533B39E07653D437AB4,1392
"source/upstream-07ecb7cf/Mage.Sets/src/mage/cards/a/ArtificersDragon.java",042F27C3420A4E4D5952D25373DA516F11B12A6966081F15E4CC96BE417E4C7A,1575
"source/upstream-07ecb7cf/Mage.Sets/src/mage/cards/a/ArtificersEpiphany.java",AA323A7D20ED18D6C8D3725741D2E7A0AE196F71246824C58DBFEACD5433611B,1501
"source/upstream-07ecb7cf/Mage.Sets/src/mage/cards/a/ArtificersHex.java",AAAD888DBA99DAD53734063052B24F715C5E5F02FEFE0934F39B931C9228351F,2671
"source/upstream-07ecb7cf/Mage.Sets/src/mage/cards/a/ArtificersIntuition.java",78B9AAF9FB4CC86E2B9BA4CC00571AFEDF69121268B7AC3423B88677B4326EC3,1775
"source/upstream-07ecb7cf/Mage.Sets/src/mage/cards/a/Artillerize.java",4667CB6622A9F234ADAD624281B99E6F29FD2FB2A1E967D4858E8C379CD431C9,1026
"source/upstream-07ecb7cf/Mage.Sets/src/mage/cards/a/ArtilleryBlast.java",212CA23D72C4C8CD188939DD7C146D9933510159F85A6601ED145D9688E31B57,1786
"source/upstream-07ecb7cf/Mage.Sets/src/mage/cards/a/ArtisanOfForms.java",ADCEF3BCA1400DA2F01644C2A5D55F5C7220B49597874B024A05F3060F457142,2007
"source/upstream-07ecb7cf/Mage.Sets/src/mage/cards/a/ArtisanOfKozilek.java",4CCA03463E3B95580A23178D217775F303FE3E52F0BAC0FD51CEC4079C9B76D7,1507
"source/upstream-07ecb7cf/Mage.Sets/src/mage/cards/a/ArtisansSorrow.java",727F27061B0E602DEABA3B2820FAB08E0A5D6A4FD66BA8DD48C5FACB91CA8CD0,1036
"source/upstream-07ecb7cf/Mage.Sets/src/mage/cards/a/ArtisticProcess.java",174C7F57FD9081E8E79F150C18C28F13063B9CD7A8E5CEA46CB82E4576E6C5A6,2616
"source/upstream-07ecb7cf/Mage.Sets/src/mage/cards/a/ArtisticRefusal.java",014D186BF3BABC907ECA0ED6E1901B59E5E39095DE0033E171A866E8C7120351,1313
"source/upstream-07ecb7cf/Mage.Sets/src/mage/cards/a/ArtistsTalent.java",15A4FA2D14010F4ED1872D620D4770BF7505CED2DA987ED86FDC53B1781FA010,4375
"source/upstream-07ecb7cf/Mage.Sets/src/mage/cards/a/ArvadTheCursed.java",4DC9ABFEFE8D8EFAC2C0DDCDF80D2FB7320C85759D6F18DC918F1862C67FFAB3,1687
"source/upstream-07ecb7cf/Mage.Sets/src/mage/cards/a/ArvinoxTheMindFlail.java",19605BD36746D07AB41582EF77617F18BDB871EEDD87CBB5F38AB39C40C59A35,9409
"source/upstream-07ecb7cf/Mage.Sets/src/mage/cards/a/ArwenMortalQueen.java",0584A80E15A8C1BA31DD143E5EBC31BCEA50A65A33C09B4D6979D8ED69937EC3,2948
"source/upstream-07ecb7cf/Mage.Sets/src/mage/cards/a/ArwensGift.java",E8F12B091D811A7013AFE78547B9CBB2988AAD71BDCC37326BB0AF48A1AACFE3,2108
"source/upstream-07ecb7cf/Mage.Sets/src/mage/cards/a/ArwenUndomiel.java",4C06F13187E969A71CD9E6563B5C31E86BD68B7684166570149D64DC47AA5789,1676
"source/upstream-07ecb7cf/Mage.Sets/src/mage/cards/a/ArwenWeaverOfHope.java",476CB1FF14639C61C9D9EF6925E9F0C79B0198374071E035AA102E317C329812,2984
"source/upstream-07ecb7cf/Mage.Sets/src/mage/cards/a/AryelKnightOfWindgrace.java",CAD1303E771B0E525DD2B2C098D1A32D907AC8B849634E68D5A95FC0624DE425,2646
"source/upstream-07ecb7cf/Mage.Sets/src/mage/cards/a/Arzakon.java",2D51503C84E60BD58D143492039AC015A8E5DC012908A9F2459E2D99A67E56D2,2347
"source/upstream-07ecb7cf/Mage.Sets/src/mage/cards/a/AsajjVentress.java",0F4C7F7F34337C1E4060C58348B225A610EE9D63E95B014DF749E4FD6A04897C,2375
"source/upstream-07ecb7cf/Mage.Sets/src/mage/cards/a/AsariCaptain.java",1E9541358568A04266FD1FEBFEA6EF8ABD9FC1C62D3D18B3CA4FD479BFBB785E,1967
"source/upstream-07ecb7cf/Mage.Sets/src/mage/cards/a/AscendantAcolyte.java",1F03F8645B7C8D5117ABA10D830677BF7D3531510A8979B487B09D290BA8E858,2907
"source/upstream-07ecb7cf/Mage.Sets/src/mage/cards/a/AscendantDustspeaker.java",473DFA8897449E0248271CC26E51B48DB4DF1977DCAAEFA0A988E843FD5452D3,2008
"source/upstream-07ecb7cf/Mage.Sets/src/mage/cards/a/AscendantEvincar.java",D3DB0A7ADBE9A20510F480AF00254156815C042923581D9C991220CC6827D298,1869
"source/upstream-07ecb7cf/Mage.Sets/src/mage/cards/a/AscendantPackleader.java",16786A104040C23DA50C4F7E9DE9440FEEF0DCF93F6C934D87D1CB69DA0CDE90,2240
"source/upstream-07ecb7cf/Mage.Sets/src/mage/cards/a/AscendantSpirit.java",53B04E511B8CCA0D5E808F38CF6DE3FFAB4C5E5D65F14F69B8B3B18FB3931219,4925
"source/upstream-07ecb7cf/Mage.Sets/src/mage/cards/a/AscendedLawmage.java",1F27AF2E4EFBFAACED30586D99AF6E24FBB829715BC0B3D825EB62D74158A2FF,1025
"source/upstream-07ecb7cf/Mage.Sets/src/mage/cards/a/AscendFromAvernus.java",A57713FD2F18202A7001D0A36B4B75219AEFDDFDCECC6945D7934601F7ED4668,2471
"source/upstream-07ecb7cf/Mage.Sets/src/mage/cards/a/AscendingAven.java",ACC35D745A209C1F1DE21BC30F3190213FD1CF8B25B96015F6B8DF531A0F3BE7,1252
"source/upstream-07ecb7cf/Mage.Sets/src/mage/cards/a/AscentOfTheWorthy.java",74A226100E188F78B3175BED8836B5755A8FC1EB5EAF6AAA617E2C059F529FD1,6901
"source/upstream-07ecb7cf/Mage.Sets/src/mage/cards/a/Asceticism.java",255391FB890BA3B390A0617AE0A50A17A65AB8B347217A97CF31E0525ED57244,1549
"source/upstream-07ecb7cf/Mage.Sets/src/mage/cards/a/AsForetold.java",91B0BD4B755141A7E6264A92807B8B855459225C5DB858699A757B1D90906FC6,5909
"source/upstream-07ecb7cf/Mage.Sets/src/mage/cards/a/AsgardianCitadel.java",2FEB1FEF36E6E46CEF70C86334925A828A0D4C5F89D582FB4EBEFDE92C932E5D,1185
"source/upstream-07ecb7cf/Mage.Sets/src/mage/cards/a/AsgardianInspiration.java",DB5FDCA34862545930C6F1160EA5AE1201454AD2A25B1CDECB6A64C5BEE18BA1,1892
"source/upstream-07ecb7cf/Mage.Sets/src/mage/cards/a/AshadTheLoneCyberman.java",06D75E14F86CB1F3885B36A4CD31FA2E9ED3F904266066D4903474A928C58C0C,4552
"source/upstream-07ecb7cf/Mage.Sets/src/mage/cards/a/AshasFavor.java",5258574BCD97E01B38BBD7F4BD28B912A98C65C46F2169A7C8E89328CE60D149,1934
"source/upstream-07ecb7cf/Mage.Sets/src/mage/cards/a/AshayaSoulOfTheWild.java",AE120E164DC858CCD64CFA2BE3B8EBFD86039ED064236B34DE7FB73DE4922452,3343
"source/upstream-07ecb7cf/Mage.Sets/src/mage/cards/a/AshBarrens.java",59772F3651BB582476B3442EFFD36075EDE031E32100E50A8C321CCD215540BA,873
"source/upstream-07ecb7cf/Mage.Sets/src/mage/cards/a/AshcloudPhoenix.java",EE9727AD4AA7A4333E9CDA521078D610C1C1B10C2441805B5610783A4C830955,2808
"source/upstream-07ecb7cf/Mage.Sets/src/mage/cards/a/AshcoatBear.java",2811B0375502208CB106899F355670E6D831FA0474CA9A131A3C94E89C43DB18,798
"source/upstream-07ecb7cf/Mage.Sets/src/mage/cards/a/AshcoatOfTheShadowSwarm.java",958F811466E57B2865C0CB878E50244E6882EFD925E437EC4687447516970922,3771
"source/upstream-07ecb7cf/Mage.Sets/src/mage/cards/a/AshenFirebeast.java",1FAD537D7F5B91C6A80725141A156221C45A870253F511CCF088061E13C11A30,1561
"source/upstream-07ecb7cf/Mage.Sets/src/mage/cards/a/AshenGhoul.java",E3CC6AFB8492D4B785F06842BD61DF161236CFD423E0026A64FCCC1CE976771D,2756
"source/upstream-07ecb7cf/Mage.Sets/src/mage/cards/a/AshenMonstrosity.java",CD3745252388EA6FC801D56C03EE3D2EBB7F5BF4CF9A8F4467F84097A1F256D7,1012
"source/upstream-07ecb7cf/Mage.Sets/src/mage/cards/a/AshenmoorCohort.java",C104FBDB8148048C31BA0F94FFCEDEC74DBCCA3D34E65E6B5D2EB139FD2ED796,2059
"source/upstream-07ecb7cf/Mage.Sets/src/mage/cards/a/AshenmoorGouger.java",89051BFC4D824EC915211B8A0844F3E4702A570D4C490E748A2AE641E02A2CD0,879
"source/upstream-07ecb7cf/Mage.Sets/src/mage/cards/a/AshenmoorLiege.java",8A13095A4EA7E9F3E6C2F716AE5078630BCA3E61513D320AD0BEF47711160BAA,2254
"source/upstream-07ecb7cf/Mage.Sets/src/mage/cards/a/AshenPowder.java",D5231265807EEFD37DE7EC7D96E00731014C10D4686AECCEEB695532932ABCE2,1074
"source/upstream-07ecb7cf/Mage.Sets/src/mage/cards/a/AshenRider.java",17CAACCD8EDAD04BE5B02063289B6101145ADD6774A86520C395B307EAEC1C2D,1302
"source/upstream-07ecb7cf/Mage.Sets/src/mage/cards/a/AshenSkinZubera.java",CC1FA42B1F5419E9B45C0A20825F5C06FB9AC06DB42455F3AFEB35065BF8723B,1305
"source/upstream-07ecb7cf/Mage.Sets/src/mage/cards/a/AshePrincessOfDalmasca.java",47102179DDA191A7870976404360DE5EBA73D922A20B3F1593F5AA9146822594,1565
"source/upstream-07ecb7cf/Mage.Sets/src/mage/cards/a/AshesOfTheAbhorrent.java",15C67D1D83D154F73603C7DE0FD7D8AF2726F52BEFB51754E286A3E569B1C7AC,2469
"source/upstream-07ecb7cf/Mage.Sets/src/mage/cards/a/AshesOfTheFallen.java",7A20ACF653175443ABB66771687E60A143ACD1D373445C51DD4B6209A06FFF33,3189
"source/upstream-07ecb7cf/Mage.Sets/src/mage/cards/a/AshesToAshes.java",C9DFD81213C035BAAF47BA820A35CEF3D1A35D4F1E60C7CD204103B62AFACE0A,1326
"source/upstream-07ecb7cf/Mage.Sets/src/mage/cards/a/AshiokDreamRender.java",4AEC6889909C84339664E6814D51491A42A07064C6F7C900808DD710D3B3C5D0,3311
"source/upstream-07ecb7cf/Mage.Sets/src/mage/cards/a/AshiokNightmareMuse.java",4B528D4D904F0304B651DC893F1ADFF6111396792E8468C5BD83E1DEFECC972B,4714
"source/upstream-07ecb7cf/Mage.Sets/src/mage/cards/a/AshiokNightmareWeaver.java",16027197F329A17D5F094D9F3610A700232F561BAD268BEB3EFE7B13B293F0DD,6267
"source/upstream-07ecb7cf/Mage.Sets/src/mage/cards/a/AshioksAdept.java",D83CDC8953F8AA81F42034645397A96953265A2E5191BE652693F22217668DEE,1127
"source/upstream-07ecb7cf/Mage.Sets/src/mage/cards/a/AshiokSculptorOfFears.java",5076B1DDEA898F50D3A1AD49A314375E43F5418C408F980C6FE937B6B612D94E,2411
"source/upstream-07ecb7cf/Mage.Sets/src/mage/cards/a/AshioksErasure.java",16093ED85BF4B978F2BFF867082CC632296ACAC00F9D21F0C6B7E02699AC62BD,5378
"source/upstream-07ecb7cf/Mage.Sets/src/mage/cards/a/AshioksForerunner.java",D2F7A02F54330E1A6CA8438285EEAAA30C9117A7C7938E13430ACCFE9DEAB5AB,1705
"source/upstream-07ecb7cf/Mage.Sets/src/mage/cards/a/AshioksReaper.java",99F57C75D80D67DD5C2D5C1F4FE38EA2F11C6361FC2AB5CD57129C12640ACF60,1239
"source/upstream-07ecb7cf/Mage.Sets/src/mage/cards/a/AshioksSkulker.java",621486885ED3B461EBD4411106C33DB74294B9C86CA0032DD1E4AF00C4E81EDF,1158
"source/upstream-07ecb7cf/Mage.Sets/src/mage/cards/a/AshiokWickedManipulator.java",F6A9527A347CB8C7AB26AB160E52FF32E50FFED3FB0C654D34F2E214325C3CF2,4752
"source/upstream-07ecb7cf/Mage.Sets/src/mage/cards/a/AshlingFlameDancer.java",37D8AF41A7CD371ABDACAA397652F26F5032897E4EB08D68F0A380013D3B3B24,2700
"source/upstream-07ecb7cf/Mage.Sets/src/mage/cards/a/AshlingRekindled.java",9656F47A36FD0DFCD016E640E58F2B827A4051966BD7260C415857BE2EDF3336,3573
"source/upstream-07ecb7cf/Mage.Sets/src/mage/cards/a/AshlingsCommand.java",983A7A57166AF1429A0032A1645446A51C2E5D7274CB6A605A66B35FD99567D0,2165
"source/upstream-07ecb7cf/Mage.Sets/src/mage/cards/a/AshlingsPrerogative.java",1B8B1BBD38D4576742CCDD4EB51E3B00EB3844D8B88168A2EE57F210C223A917,3050
"source/upstream-07ecb7cf/Mage.Sets/src/mage/cards/a/AshlingTheExtinguisher.java",B282C6F36D8E981246C894D84D677413177D30BBB882C5880A834ED78F3D563F,1787
"source/upstream-07ecb7cf/Mage.Sets/src/mage/cards/a/AshlingThePilgrim.java",DDAB354B67A6E203B2BAFAE0BFDA1A2E85A34DF9349FD4F74B309BC1B182CB3C,3126
"source/upstream-07ecb7cf/Mage.Sets/src/mage/cards/a/AshmouthHound.java",30CC7E8BAB4B408F4CFB9347C310B4B5F7D9108DD1119F5EC878AB45491ECDE1,1143
"source/upstream-07ecb7cf/Mage.Sets/src/mage/cards/a/AshnodFleshMechanist.java",E372D8551C1BE1725120DCA996313985658361E936785420C245FB173D40A0B3,2558
"source/upstream-07ecb7cf/Mage.Sets/src/mage/cards/a/AshnodsAltar.java",A037C7F588077916866D20FEA44A2F3A0A0D7F01B6DFB3E24FA502E8E6D1AD75,1172
"source/upstream-07ecb7cf/Mage.Sets/src/mage/cards/a/AshnodsBattleGear.java",C3AC4A9C22BBCB75C44CC8276FAE77ABE66141A2E1DC81F6019E02795C03AB1D,1821
"source/upstream-07ecb7cf/Mage.Sets/src/mage/cards/a/AshnodsCylix.java",EEE2C89F313E0D5D101FC82EF7A2571A7A033331DB6AFF3F111285F07C219BE2,2858
"source/upstream-07ecb7cf/Mage.Sets/src/mage/cards/a/AshnodsHarvester.java",AA19453F230BC978A438EAD91A684D6187631FB451E5B90EC8227A900EE29549,1398
"source/upstream-07ecb7cf/Mage.Sets/src/mage/cards/a/AshnodsIntervention.java",85BB6D0FF7D93A23FCCEDB0267E9F113EEDEA5E8857238D1C8608372AAD402B9,3054
"source/upstream-07ecb7cf/Mage.Sets/src/mage/cards/a/AshnodsTransmogrant.java",EBF3B3804F8A94F9823D72BDD06F4F066EA1B429368C51830AF58A2380A1B174,2101
"source/upstream-07ecb7cf/Mage.Sets/src/mage/cards/a/AshnodTheUncaring.java",31AC8A5931D951F24AC312AC7AB33F184314CFF12B803BA350FF1FA3A5885D5F,3391
"source/upstream-07ecb7cf/Mage.Sets/src/mage/cards/a/AshPartyCrasher.java",FAFB46677BD7075C5AFB2AAB1B69F6B605D66960121762603B4DBE50AE10FDEC,1881
"source/upstream-07ecb7cf/Mage.Sets/src/mage/cards/a/AshrootAnimist.java",D02C4930CD515A91F67BB5880DB020E3CED176AC03C279E829BFC719018F705D,2075
"source/upstream-07ecb7cf/Mage.Sets/src/mage/cards/a/AshZealot.java",FA964030453CBE60E781F96C830CCB528E25F79575FD7D57974723523A507BF9,2681
"source/upstream-07ecb7cf/Mage.Sets/src/mage/cards/a/AsinineAntics.java",0CF7AAD83AB8AAAA53EBEECC43057278132DC4B8339A5010D21E38E78008BEDB,2200
"source/upstream-07ecb7cf/Mage.Sets/src/mage/cards/a/AsLuckWouldHaveIt.java",6830B3C01447CF7180D3E7E1B2C7F9EE83971D4E7FBED17F8822E9F6249470D7,4283
"source/upstream-07ecb7cf/Mage.Sets/src/mage/cards/a/AsmiraHolyAvenger.java",53F0067BC6CAB7E4E3AE480B51520B3300A86B0B58E4F3A986BE3E86FE01F748,3322
"source/upstream-07ecb7cf/Mage.Sets/src/mage/cards/a/AsmodeusTheArchfiend.java",238844B019EE51B3D9ACF5472E132A7259E31B4A104D29162B687F5D3BF7FAB2,6188
"source/upstream-07ecb7cf/Mage.Sets/src/mage/cards/a/Asmoranomardicadaistinaculdacar.java",7D2ADFAE45E4501E7261581F48190588B22AD16FF3AECD9F51D0B1A1D85EDE17,4337
"source/upstream-07ecb7cf/Mage.Sets/src/mage/cards/a/AspectOfGorgon.java",06BA9BD5CD8ECF1842BE649419F9821258DA946458338D32C7666ADE4D48A6BA,1911
"source/upstream-07ecb7cf/Mage.Sets/src/mage/cards/a/AspectOfHydra.java",05F9FF613BD1648D8CE1A71470D6097B5D4E35C5C525B7076C3B48469E066F7E,1237
"source/upstream-07ecb7cf/Mage.Sets/src/mage/cards/a/AspectOfLamprey.java",71C35EA5A19EF9EB17CF92287FEEE8E8B649516D94D5D6883F21FE42C1F7C5D2,2081
"source/upstream-07ecb7cf/Mage.Sets/src/mage/cards/a/AspectOfManticore.java",8F7934B1922A9F37BF06BCC35C8BFCE4AB141A7EF0C0B5EAF426D1DBFC18AB0B,2011
"source/upstream-07ecb7cf/Mage.Sets/src/mage/cards/a/AspectOfMongoose.java",1236D5DCEBB59EF280DD5AD7C8DD0C5173A832CD829D6CFEF4D1592DAC29235F,1867
"source/upstream-07ecb7cf/Mage.Sets/src/mage/cards/a/AspectOfWolf.java",F3CF1082172EEA28A9D02FF9F3631BF8EAE7FFDC8309C7A8AA43B2C9DF1473BD,2952
"source/upstream-07ecb7cf/Mage.Sets/src/mage/cards/a/AsphodelWanderer.java",8BEDB009ABCBF50321E290349C42E00249E88D64AA53CD565681D8F660ED6748,1131
"source/upstream-07ecb7cf/Mage.Sets/src/mage/cards/a/Asphyxiate.java",D1D32E1EA7F3CBB109994E9A9CB04D3A67BC83E15C16E23761ACFE70F5F5EF36,1150
"source/upstream-07ecb7cf/Mage.Sets/src/mage/cards/a/AspirantsAscent.java",4846581BD52874708D65C49CEF028216B402C34E22AE46778EEEF5CA8A6F6E0A,1417
"source/upstream-07ecb7cf/Mage.Sets/src/mage/cards/a/AspiringAeronaut.java",1CFFAD8303BE22412C5DD531416FF6FEFA5221C9ECC8C9445D7BCAA081D97579,1317
"source/upstream-07ecb7cf/Mage.Sets/src/mage/cards/a/AspiringChampion.java",FD6F6483CB10BA7C85A4C24905BB34C8A0D78B6D92E9D5B79069A7E33D95AA5E,4106
"source/upstream-07ecb7cf/Mage.Sets/src/mage/cards/a/Assassinate.java",8BA09FC5EC27CEFD1688755ACB3B5DD5E0F02C831EC1FB330E502EAD0567A5B1,1120
"source/upstream-07ecb7cf/Mage.Sets/src/mage/cards/a/AssassinDen.java",F5E7E4CDBC7389C1B8BD6478665B4D7BE21D3F4FFD1308B0FB6C1314AD765D2A,1778
"source/upstream-07ecb7cf/Mage.Sets/src/mage/cards/a/AssassinGauntlet.java",4C6C6A8EA5EC6BB94C5D28C68DE560B59B612379065A183CCE3513516B8A144E,2775
"source/upstream-07ecb7cf/Mage.Sets/src/mage/cards/a/AssassinInitiate.java",2E7E922A84A848A8618CEA0622B9CE1BBE98D918B643104CBEB501E4438D2101,1478
"source/upstream-07ecb7cf/Mage.Sets/src/mage/cards/a/AssassinsBlade.java",566187E1CEE7C21AF01CF701E6EA672246574577704C95F50B3B6A50E699FDD7,2182
"source/upstream-07ecb7cf/Mage.Sets/src/mage/cards/a/AssassinsInk.java",6C637BBAB85008337DBDD7DC389E166C71B94793CD8636F2ACB9C2BABC244BA5,2244
"source/upstream-07ecb7cf/Mage.Sets/src/mage/cards/a/AssassinsStrike.java",7F4AFD560D15284B599CA66F1D5F6DD4E29E8B0A988651CDDADA22E9B9715518,2040
"source/upstream-07ecb7cf/Mage.Sets/src/mage/cards/a/AssassinsTrophy.java",E0E027CAEA5D14DC318D63CDBA2BDF7DFE54E8523F949BCB82F6F06683FDAB48,1430
"source/upstream-07ecb7cf/Mage.Sets/src/mage/cards/a/AssaultBattery.java",EC80F1E04EB0EEFA303E6C1A9F28325768BB3181D695F6DF55CCE50A4AF3458E,1338
"source/upstream-07ecb7cf/Mage.Sets/src/mage/cards/a/AssaultDrone.java",D395797D542354EA1007E255A5C666BAADF140A43DB1E2F05B6BF7EF5AB2C2B3,1164
"source/upstream-07ecb7cf/Mage.Sets/src/mage/cards/a/AssaultFormation.java",854DF903A195D8F77E57F4B3B9E5F078B5D7427E495A248DD9F05CF8B320E7B0,2267
"source/upstream-07ecb7cf/Mage.Sets/src/mage/cards/a/AssaultGriffin.java",0AE9AB1A753BA5EEE5794A3050E2CB1307C2E5AAABD9021C61F31CA8632113CB,849
"source/upstream-07ecb7cf/Mage.Sets/src/mage/cards/a/AssaultIntercessor.java",294B23722C142A9E1597F5BF764499452FC7F92CBF4684DF16F2D4900466AD14,2511
"source/upstream-07ecb7cf/Mage.Sets/src/mage/cards/a/AssaultOnOsgiliath.java",095305783A0F789EA4818DF0C1C1CC90241AB138A706E4F45A4F19FBC19B7D09,1852
"source/upstream-07ecb7cf/Mage.Sets/src/mage/cards/a/AssaultronDominator.java",CF57A9592B362B845AA2D22F8293D231DA634EDDF311659F805DA3D31CDB7645,3869
"source/upstream-07ecb7cf/Mage.Sets/src/mage/cards/a/AssaultStrobe.java",59F08A44554F884D05CF92725DF55D97AF3B5E0409430B7023136956300C5F28,987
"source/upstream-07ecb7cf/Mage.Sets/src/mage/cards/a/AssaultSuit.java",78C707C1BAF093268290763109F822B74D445C93413743D6665DAF045D0B40E6,4879
"source/upstream-07ecb7cf/Mage.Sets/src/mage/cards/a/AssaultZeppelid.java",4C239F7705FB5D5A2FDD9FA1099F437FDCD0A3BF087CF4F136E7663B13634CC3,930
"source/upstream-07ecb7cf/Mage.Sets/src/mage/cards/a/AssembledAlphas.java",B2E9FE908473299B4B0A9E78C15F1D495EA7CF30895353531C78E93A99DB732C,1201
"source/upstream-07ecb7cf/Mage.Sets/src/mage/cards/a/AssembleTheEntmoot.java",9C1D61F2700386A912795D38A5B4362354219CE7856AF904EC559AFCF8E48266,3704
"source/upstream-07ecb7cf/Mage.Sets/src/mage/cards/a/AssembleTheLegion.java",BA0D5D47C00D93C570298380E90DBC55219CDEF457D33AEA4A9401C88E509EDE,1449
"source/upstream-07ecb7cf/Mage.Sets/src/mage/cards/a/AssembleThePlayers.java",CFF06BA2FF2D857446F01F4C9CF6630B7E0C67C2EABD74C6F1D5C181F5D029F0,4513
"source/upstream-07ecb7cf/Mage.Sets/src/mage/cards/a/AssemblyHall.java",0AF2827840CF0A5A497BF79C3D4DB746EB861A930A6D381D45EC6F9A5BB6E7D1,3314
"source/upstream-07ecb7cf/Mage.Sets/src/mage/cards/a/AssemblyWorker.java",71CAA4173AC08532C196BC7E652CB04254E598697CC250D651632B1CFDB1E050,1583
"source/upstream-07ecb7cf/Mage.Sets/src/mage/cards/a/AssertAuthority.java",C7D164958BFBA3E2D560AD01FE907512C4A291D54158887C10808BB88866A59B,1136
"source/upstream-07ecb7cf/Mage.Sets/src/mage/cards/a/AssertPerfection.java",4552EB4CE76C3E5BE7CA90C03A006C98EB0335444593B760717E584C9E4EE545,1326
"source/upstream-07ecb7cf/Mage.Sets/src/mage/cards/a/AssimilateEssence.java",1555C8D36EA021C3EB442118594B70766593121DBF14264CF3B6BDD4F5B82BDD,1481
"source/upstream-07ecb7cf/Mage.Sets/src/mage/cards/a/AssimilationAegis.java",02D021D64F4B6743A4CC3D1CA7DBD60DEE94C7EB9C26C8EF6975D6768AA2D15A,4662
"source/upstream-07ecb7cf/Mage.Sets/src/mage/cards/a/AssureAssemble.java",F1ACD2AA75CE229FC101037845E9DA0630D2EFEA229BB35D9546DC259EAA5281,1980
"source/upstream-07ecb7cf/Mage.Sets/src/mage/cards/a/AstarionsThirst.java",0716F2B8D71CD030C4CD68EF00FF314AC94BD372E79F84D2C2926F1BBBF1F09D,3384
"source/upstream-07ecb7cf/Mage.Sets/src/mage/cards/a/AstarionTheDecadent.java",1EB1DA8A5A1B67BB147637CBA98AA24AAFD4F2D435A877F1C25F798CC19EE494,4132
"source/upstream-07ecb7cf/Mage.Sets/src/mage/cards/a/AstelliReclaimer.java",4F118477A56E92AECE32F121CADEFAEA997ADE3777C9CFE83017A642794E3B64,2961
"source/upstream-07ecb7cf/Mage.Sets/src/mage/cards/a/AstonishingSpiderMan.java",C77EEDD007C6E099D6626A78E4F38BFB7FB83A2E8F2D9C1AB6BB010140B34FEC,2349
"source/upstream-07ecb7cf/Mage.Sets/src/mage/cards/a/AstorBearerOfBlades.java",F41BFA3521782050F9352087C22F09504DE7B8A69069BBD24CCD699380536C77,2628
"source/upstream-07ecb7cf/Mage.Sets/src/mage/cards/a/AstralConfrontation.java",370BB4C95E79C2D5150F3F828EAFF17048FCCE37E13121124C3000720A76E19B,2803
"source/upstream-07ecb7cf/Mage.Sets/src/mage/cards/a/AstralCornucopia.java",9ACFAFA23C89BB9F1B74911F596E4EE7093FADBE5E264F77FC0CE3C7468D8976,3700
"source/upstream-07ecb7cf/Mage.Sets/src/mage/cards/a/AstralDragon.java",4543D9D8D1B5B7005D9E3121FDF7E57EC4B3BD6232F22276AD1312ECD6DF1C70,1916
"source/upstream-07ecb7cf/Mage.Sets/src/mage/cards/a/AstralDrift.java",D3016646FE0C8289D28D0A71222FC1BC0CB27F95B0537C0B654F9BE734A7A795,4573
"source/upstream-07ecb7cf/Mage.Sets/src/mage/cards/a/AstralSlide.java",0195A5CB89DB109C82B9D9DAC2C8CF7F1E0A330EC882F4837D772981C7D2E7E1,2980
"source/upstream-07ecb7cf/Mage.Sets/src/mage/cards/a/AstralSteel.java",E8AE50E010B93F9018DB2C149D555D309F990DBFB773C47F50A58936C1D53060,1010
"source/upstream-07ecb7cf/Mage.Sets/src/mage/cards/a/AstralWingspan.java",3E54BE819A9485FBD12D03109E1CD416350F669906CC169F7376D6FBE68FCE6D,2118
"source/upstream-07ecb7cf/Mage.Sets/src/mage/cards/a/AstridPeth.java",9E5E31F5BA0D2BB65DBB01FDF4B69785B920DCCC627FE492F4A3D2B9408E54E4,1938
"source/upstream-07ecb7cf/Mage.Sets/src/mage/cards/a/Astrolabe.java",FFC45FF88F14D96E1EBDB42B31BD6400A0F0CA1DFC52293E74977D266D98BD52,1706
"source/upstream-07ecb7cf/Mage.Sets/src/mage/cards/a/AstrologiansPlanisphere.java",FBC9AB3D9EA2ED2682332155FE7E91F1E0B74AE17B7652500C633E87CB7F0AD8,2619
"source/upstream-07ecb7cf/Mage.Sets/src/mage/cards/a/AstromechDroid.java",6F3FDFCC3F9F855AE9C441C7CE39A50E088E123ED36052D338706C31D2FCE2B7,2175
"source/upstream-07ecb7cf/Mage.Sets/src/mage/cards/a/AsylumVisitor.java",EF4E9F43D548D519BBFE62A7F9BE52854BF6539DA6BC92B71200173E9D334D57,1991
"source/upstream-07ecb7cf/Mage.Sets/src/mage/cards/a/AtalanJackal.java",B46D33B0EDB63EE77FB2413D3DD04DC20F595090FB1FA9E90FBCC578124711D8,1695
"source/upstream-07ecb7cf/Mage.Sets/src/mage/cards/a/ATaleForTheAges.java",322181C2FCD88F873FBB26F2635AFA09289055291FB8B6134DC1F0C9E8BDDC8A,1205
"source/upstream-07ecb7cf/Mage.Sets/src/mage/cards/a/AtalyaSamiteMaster.java",62B8E6B4375032C9EF7445A4C3E655B22311D653640F64D621B8CF1A6E6AAC99,2568
"source/upstream-07ecb7cf/Mage.Sets/src/mage/cards/a/AtarkaBeastbreaker.java",100AA4C22D34963B70A0F02D70B6F3FAABCA5294F3FEB7AE54BE62EFB92CB6E0,1524
"source/upstream-07ecb7cf/Mage.Sets/src/mage/cards/a/AtarkaEfreet.java",63B797945CB8A0C88D01098E3C87F252E1453350BECCA5638105569CC0949FD8,1565
"source/upstream-07ecb7cf/Mage.Sets/src/mage/cards/a/AtarkaMonument.java",8EFCF82B377965B5358EBF502C102AC44C3AB0D3EAAE798F2E6222EBF3A4AB25,1747
"source/upstream-07ecb7cf/Mage.Sets/src/mage/cards/a/AtarkaPummeler.java",C32F1BE8F10EEB84BEC65EA169A4EAB7C0924D693D4C99790244C70BC5E942CC,1705
"source/upstream-07ecb7cf/Mage.Sets/src/mage/cards/a/AtarkasCommand.java",4503E64F24038557AA065A510E8149367CCF6325E6758A90A9F3B16D6F44672C,2383
"source/upstream-07ecb7cf/Mage.Sets/src/mage/cards/a/AtarkaWorldRender.java",5C2141824876CA9FA0F46A8B92150EB0C04E0BC3AAD3F00A2D0D7BE5BF56E671,2980
"source/upstream-07ecb7cf/Mage.Sets/src/mage/cards/a/AtemsisAllSeeing.java",2414253282D84D78AA19F41768ADA9C577DED13D68E8606B377B1189A4BCD847,3222
"source/upstream-07ecb7cf/Mage.Sets/src/mage/cards/a/AthreosGodOfPassage.java",6C2BCE96BFFBF964B169AE60DAB5E90902C07623D2CDADA86C601B859BBC6F37,5762
"source/upstream-07ecb7cf/Mage.Sets/src/mage/cards/a/AthreosShroudVeiled.java",FEF680F937857F022F41FE89F5B446E22B5C76D97E7E29BC84EB24B54A6EABC0,5404
"source/upstream-07ecb7cf/Mage.Sets/src/mage/cards/a/AtKnifepoint.java",8B02FEE87FBD946197C58489B097E30BFCCCE8D1A81CEBB414CCEE947FA0CDAF,2021
"source/upstream-07ecb7cf/Mage.Sets/src/mage/cards/a/AtlanteanCavalry.java",50C9D3EF8BE1BC88219874655BD4A138890D8735E6FE49467370D05E9B3C1DE3,1294
"source/upstream-07ecb7cf/Mage.Sets/src/mage/cards/a/AtlanteanSkirmisher.java",34FCD761CF310D4CE6C963AA86A17C942F9894134FF33958C59354A07AD87C00,1044
"source/upstream-07ecb7cf/Mage.Sets/src/mage/cards/a/AtlantisAttacks.java",3E40AA025AFF7862844FFC3363DC46AEFE90591163FE906636EF12B37AA99303,1845
"source/upstream-07ecb7cf/Mage.Sets/src/mage/cards/a/AtlaPalaniNestTender.java",EDC4B681DA90013DCC05E54B6434B04F16AC827A7697EEA39A10ABA4C126840F,3672
"source/upstream-07ecb7cf/Mage.Sets/src/mage/cards/a/AtlasSizableStooge.java",E22E16811214D1627ED5D9B7B2D8DB3CEC047D0318FFBC4B9EFDF9C7F60D8F0A,2257
"source/upstream-07ecb7cf/Mage.Sets/src/mage/cards/a/AtmosphereSurgeon.java",F9D298F6D80A69D353FD2F415B73C26AD331F58C05F6AB2C586E8CC1BA96A517,2099
"source/upstream-07ecb7cf/Mage.Sets/src/mage/cards/a/AtmosphericGreenhouse.java",EBF4873D28FFB36FFDFF61265116D6C9FAB390EEDAC44D5EFE1D2F8AD6931846,1695
"source/upstream-07ecb7cf/Mage.Sets/src/mage/cards/a/Atog.java",6844F137458DF5559271F6E64306998FC9412F4F409411ED1DD9F55939627F4B,1177
"source/upstream-07ecb7cf/Mage.Sets/src/mage/cards/a/Atogatog.java",3CC5460546D2698104C69BA32E5E3F74F045FE5647E6BC7BC29377F9A9FA1181,1674
"source/upstream-07ecb7cf/Mage.Sets/src/mage/cards/a/AtomicMicrosizer.java",A0547DE050442414E09B1672302501DA0575AAA910518F33C48792EABFE45E24,1978
"source/upstream-07ecb7cf/Mage.Sets/src/mage/cards/a/Atomize.java",37D576ECFD4AAF8B16B24B57A7D1CFD4F5EFAC3E81313E8F5187B30F9A5FF949,951
"source/upstream-07ecb7cf/Mage.Sets/src/mage/cards/a/AtomwheelAcrobats.java",A3EE85B99554EEF164910FF90789EE47AB9664CE5DF8C845C21DC94BA00AD26F,3653
"source/upstream-07ecb7cf/Mage.Sets/src/mage/cards/a/AtraxaGrandUnifier.java",59FF3B3B12E591BE715BBB7F84F48D8AA110F7DD189C34058CD26EC5E44A9B54,4682
"source/upstream-07ecb7cf/Mage.Sets/src/mage/cards/a/AtraxaPraetorsVoice.java",7480B61DE8255A7B387C0C222B0399BE0B233E11E4E508866665557C0D2EC3AE,1842
"source/upstream-07ecb7cf/Mage.Sets/src/mage/cards/a/AtraxasFall.java",424C5FC5273FCB1AE205EED632183FF6B53A8F09EB9FE74E9D10D649ACB98F83,1563
"source/upstream-07ecb7cf/Mage.Sets/src/mage/cards/a/AtraxasSkitterfang.java",2AACCD23A9CB5267530C2D5BE8014EB7BFE990B846CBB223260679339A85AA7E,2495
"source/upstream-07ecb7cf/Mage.Sets/src/mage/cards/a/AtraxiWarden.java",BA588FBE2309CEF296F0BE99A8AA6244DA2C2BD509B24EC546ECA20516B1041F,1824
"source/upstream-07ecb7cf/Mage.Sets/src/mage/cards/a/AtreusImpulsiveSon.java",2EB735F36FEF9463989B3D75687B78EE39B9BA161B317FC4F2612494FA98F24C,2244
"source/upstream-07ecb7cf/Mage.Sets/src/mage/cards/a/AtrisOracleOfHalfTruths.java",37F85B4EE94F89DE80218721E9DC00A7A581E6D83FCB6D837EC30856977965E3,3975
"source/upstream-07ecb7cf/Mage.Sets/src/mage/cards/a/AtrociousExperiment.java",1A529F9A7989EAF2CB235B9759188BA409ECD517DB2F059EE8C1A832C95F3B9F,1205
"source/upstream-07ecb7cf/Mage.Sets/src/mage/cards/a/ATST.java",EFC395667257FE8966AAFEFAAB9936113E219BDA906F40CB37720F8F8ABF44EE,1322
"source/upstream-07ecb7cf/Mage.Sets/src/mage/cards/a/AtsushiTheBlazingSky.java",12BE2361EAB29DE9A9A4BBDDA0F0FC2A78F7E9DAAFFE083582C3412765C7C0DF,1945
"source/upstream-07ecb7cf/Mage.Sets/src/mage/cards/a/AttackInTheBox.java",8E47677C335412DF70C13A3281FC3829CF0A546701AC15D6BF1A1F1602A6648A,1762
"source/upstream-07ecb7cf/Mage.Sets/src/mage/cards/a/AttemptedMurder.java",0E18FCB469429C230665F66004509C0B9C30F8BAA53C4D9F05710D36165F189E,2982
"source/upstream-07ecb7cf/Mage.Sets/src/mage/cards/a/AttendantOfVraska.java",560371BB896B1FA1CD60D416355FFF34653FDA5C690A5618E09D331151FE37E1,1707
"source/upstream-07ecb7cf/Mage.Sets/src/mage/cards/a/AttendedHealer.java",4CA3CE40CFBC4666EE6DCA41E7E02FF9453778BFCDE541A8C5AE395431002611,2163
"source/upstream-07ecb7cf/Mage.Sets/src/mage/cards/a/AttendedKnight.java",8A3D7E76C9BB31F3DFE4EE76B81E210EDB45D6350666DCACB7E822E421F9EA80,1271
"source/upstream-07ecb7cf/Mage.Sets/src/mage/cards/a/AttendedSocialite.java",468CA67383F87DAFB99FE111D581CC77F296837354E097A02311E81720F54C90,1141
"source/upstream-07ecb7cf/Mage.Sets/src/mage/cards/a/AttentiveSkywarden.java",C1D87D11EE4D4ACF602EA02622373EFE17A7820C4FB77F91E839DFDDDDEF5611,1808
"source/upstream-07ecb7cf/Mage.Sets/src/mage/cards/a/AttentiveSunscribe.java",3A43BD2B3E050685C017C4B0FFA85F293FFC8DDC9C5A43A3B333FE709B18483F,1033
"source/upstream-07ecb7cf/Mage.Sets/src/mage/cards/a/Attercop.java",F27CCCAD74B0AED3E7AE469DCED77DE10065D5D74BED7AC4DF712EE682DC5E21,1274
"source/upstream-07ecb7cf/Mage.Sets/src/mage/cards/a/Attrition.java",09780A2C71A545F2C51AEA7EE6FD93713C46052430519648637511F5C8BE432F,1496
"source/upstream-07ecb7cf/Mage.Sets/src/mage/cards/a/AttumaAtlanteanWarlord.java",AF270B8D59154AF49CED11CBBD12DD90CB96E624159331A8A63BA89EEA900656,1762
"source/upstream-07ecb7cf/Mage.Sets/src/mage/cards/a/AttunedHunter.java",BE1B7CB5CC7F2E4BBBA779251B2241C89D99E321616D458FEDFF65BED865EFCB,1412
"source/upstream-07ecb7cf/Mage.Sets/src/mage/cards/a/Attunement.java",E58CC9841D6FDE98D23ADC441EDDB8E3BCBE97D8D96843C78C543265C301326D,1170
"source/upstream-07ecb7cf/Mage.Sets/src/mage/cards/a/AttuneWithAether.java",3B1EAEC320AF004520868B4B4BD6FDA3BE6A77992602981CF10BBC1EF4B3AF1A,1347
"source/upstream-07ecb7cf/Mage.Sets/src/mage/cards/a/AtzocanArcher.java",BCD996B248C5A06E9B10F13818B0B698788CE2FDADE90F232A8B9E72E65DBC12,1773
"source/upstream-07ecb7cf/Mage.Sets/src/mage/cards/a/AtzocanSeer.java",B590D93ADBA86664E6A26889A50AC345A4DE36AD81770BB8B2EC3F71B9B3810C,1710
"source/upstream-07ecb7cf/Mage.Sets/src/mage/cards/a/AudaciousInfiltrator.java",208C0386C24080442FF1EB965D773F8DBAC0217E487A473538BB82DAEDC06657,1414
"source/upstream-07ecb7cf/Mage.Sets/src/mage/cards/a/AudaciousReshapers.java",55B43884D991BD9AD6B342108864FE9AC8D3566DEF5743C87A0EBE94E8CA125D,3396
"source/upstream-07ecb7cf/Mage.Sets/src/mage/cards/a/AudaciousSwap.java",4A8DCCE4D3EA2BA434A5CCBA30A82FB9309671BA9D975042C17198DDDBEC362D,3285
"source/upstream-07ecb7cf/Mage.Sets/src/mage/cards/a/AudaciousThief.java",6C81CEA300001F53129DA90002DA59D537F98C9EF69B3ED183951A7E32932079,1320
"source/upstream-07ecb7cf/Mage.Sets/src/mage/cards/a/Audacity.java",38483FDA35479F55E9E193E670ACDA13C6367E887242F186A874335B24E4E8BD,2100
"source/upstream-07ecb7cf/Mage.Sets/src/mage/cards/a/AudienceWithTrostani.java",46BFC115CEFAD4DAC0B9450C88F44983A3D455E41F5ED0A0BA0EB339141E1891,1756
"source/upstream-07ecb7cf/Mage.Sets/src/mage/cards/a/AugerSpree.java",13422974FFBEE7ED3ED1F651E215430FCE0F837FCB1578235FF8DEF13A765298,913
"source/upstream-07ecb7cf/Mage.Sets/src/mage/cards/a/AugmenterPugilist.java",FAF54848A683CDEA4D6E23AB9C9BD481FDCD077647C8D618F5B54910A11F315D,4169
"source/upstream-07ecb7cf/Mage.Sets/src/mage/cards/a/AugmentingAutomaton.java",6E0C2CECB343476DEB390F9A6A9052A6CDA7C26D627923595359C2D0D6A6BDD7,1205
"source/upstream-07ecb7cf/Mage.Sets/src/mage/cards/a/AugurIlVec.java",71A0F74FEE08001550DC8A645AA8DEA6CFD24DF9DDE17213D89AA5ADD10D5729,1363
"source/upstream-07ecb7cf/Mage.Sets/src/mage/cards/a/AugurOfAutumn.java",C078105E7C1AAB636DB1F85D927B5D0EA9F958A61100C775475E72EE5755C8DC,2542
"source/upstream-07ecb7cf/Mage.Sets/src/mage/cards/a/AugurOfBolas.java",ABF63AE43912DA8F78A94B8407012491E0ED19038E9ED3F6455034C076424FE0,1433
"source/upstream-07ecb7cf/Mage.Sets/src/mage/cards/a/AugurOfSkulls.java",2EDB2FD14F089260396CFF31B631CD820CDAF60374789EBCE59DB810ADD2D186,1774
"source/upstream-07ecb7cf/Mage.Sets/src/mage/cards/a/AuguryAdept.java",AF11CA3F1AADE2E09E8EC070CDD6037CFAC614B6D2DD2CC120FBF640E13AF0CB,2443
"source/upstream-07ecb7cf/Mage.Sets/src/mage/cards/a/AuguryOwl.java",629925271E24112EB00EB4A64E7DE2DDE62CE8483321ABFB33B8BB4466863DD4,1012
"source/upstream-07ecb7cf/Mage.Sets/src/mage/cards/a/AuguryRaven.java",F9D3ECDE834C0534BBD43233D3FD378DB0AC67E340C58523A7F256A58EFC9D63,970
"source/upstream-07ecb7cf/Mage.Sets/src/mage/cards/a/AugustaOrderReturned.java",140F8CFF2EB0B33D1543ADB22DA5604AE9AE4629F826F44C59048E3857E0A36A,3991
"source/upstream-07ecb7cf/Mage.Sets/src/mage/cards/a/AuntieBlyteBadInfluence.java",745C6FDB8CEFD2644E60E59BB425412953421896A1E9FE91A08844CF1CA1A9BC,3555
"source/upstream-07ecb7cf/Mage.Sets/src/mage/cards/a/AuntieOolCursewretch.java",116D3E4AEA0838D9B86A95B12269C6988C93FFEA1388BDBEDC1DCC007BAAA92B,3742
"source/upstream-07ecb7cf/Mage.Sets/src/mage/cards/a/AuntiesHovel.java",3C3D59F53E005C598EDD76646640BFCF9B6BBD4C95CAD1C2D1B453C7C857905F,1588
"source/upstream-07ecb7cf/Mage.Sets/src/mage/cards/a/AuntiesSentence.java",EC5140FDD2BE88B1352F03EBB8D38C73822364CA23DD2CBD3D3678D6A03D808D,1651
"source/upstream-07ecb7cf/Mage.Sets/src/mage/cards/a/AuntiesSnitch.java",86D323D8AF1E7C18A48F014E89E7FC072BD19AF764C6C5023A3C056205367335,2150
"source/upstream-07ecb7cf/Mage.Sets/src/mage/cards/a/AuntMay.java",F39CE0363BA55135C2D7A5EE7E34CFF6EB23C4DE44426B472A9E61F737C6B22D,2292
"source/upstream-07ecb7cf/Mage.Sets/src/mage/cards/a/AuraBarbs.java",76387D4E0853FAFCE90702B45B4946D65D4910C6385D8A8F2370DD3CB995D4C4,3111
"source/upstream-07ecb7cf/Mage.Sets/src/mage/cards/a/AuraBlast.java",AF7AEC156C6A985DC16DB49AAC6E57D3730BC396E1412F53B263FA8E54E60446,1008
"source/upstream-07ecb7cf/Mage.Sets/src/mage/cards/a/AuraExtraction.java",F48ADDF7E9DD383531965A74C7DD65FEB11D52AD79C65DFDC785198616EA2458,1082
"source/upstream-07ecb7cf/Mage.Sets/src/mage/cards/a/AuraFinesse.java",0DB5539B32F705BDF1EE8CEFB3B93DC0A1E623605C7C4771BC3E7F5B2AE8A5E3,1369
"source/upstream-07ecb7cf/Mage.Sets/src/mage/cards/a/AuraFlux.java",9AA1ECF70BBAD0BCBEB91208690CD50C1D3B7307800C50D3BDE125245D685500,1437
"source/upstream-07ecb7cf/Mage.Sets/src/mage/cards/a/AuraFracture.java",D6458B880FFB5DA458B31BBFC5FDD76DBC61EF017BA9DBE64AD8A767CEB1CDF2,1287
"source/upstream-07ecb7cf/Mage.Sets/src/mage/cards/a/AuraGnarlid.java",DEA3E0CAFF7915D7FC40DC1B11204BCCD7B4456461A6F566F2604F406BFC978C,1697
"source/upstream-07ecb7cf/Mage.Sets/src/mage/cards/a/AuraGraft.java",E9A0532CF105549BBE45EA10567A880FF321CE453BEEC923EBA1770A90DC6F05,4867
"source/upstream-07ecb7cf/Mage.Sets/src/mage/cards/a/Auramancer.java",4AAEC18EB9A81199348D0637B9CE594B2C536E248B35E18FE806C10857DF3C6B,1388
"source/upstream-07ecb7cf/Mage.Sets/src/mage/cards/a/AuramancersGuise.java",3F0DB6B4CB995BB88981FB92A03851D1FE2C61963B836540AEBE4B516BE20F0E,2328
"source/upstream-07ecb7cf/Mage.Sets/src/mage/cards/a/AuraMutation.java",0BBD308D1296C4B77463E1F30848D1B53620770E357FE65A8F096E3093C0B700,1218
"source/upstream-07ecb7cf/Mage.Sets/src/mage/cards/a/AuraOfDominion.java",B445C328A43071C5433191FC5D8876D7BD6DEECDD68E95C0F8D5A3BD0E9C686B,1687
"source/upstream-07ecb7cf/Mage.Sets/src/mage/cards/a/AuraOfSilence.java",6A6804374D55B4957A2E848AAB7DF9EAE502A251AEF3418B5DA0D43058471450,1875
"source/upstream-07ecb7cf/Mage.Sets/src/mage/cards/a/AuraShards.java",356E95F59551C32DD61B7FF7B282D1D6E9C939D6696A51D900536714C0793B4E,1240
"source/upstream-07ecb7cf/Mage.Sets/src/mage/cards/a/AuraThief.java",785F0A37CE865A42A95C977A27AFC2EA25F40B2CB098A505571294A6A8B8A078,1390
"source/upstream-07ecb7cf/Mage.Sets/src/mage/cards/a/Auratog.java",C60A40F0621756422E00F3EB856150CCDF4A7021312D50DD7486444654F63674,1340
"source/upstream-07ecb7cf/Mage.Sets/src/mage/cards/a/AuratouchedMage.java",D21FF078E230DBABA7A1FFCB1543E3C1ED7ED4EEF31BF9C27A4E8EA1A25D920C,3920
"source/upstream-07ecb7cf/Mage.Sets/src/mage/cards/a/AureliaExemplarOfJustice.java",32E2EFF73A10887EFEF1E8043C397BE814B64BB5189944D544791D5B547123A3,3471
"source/upstream-07ecb7cf/Mage.Sets/src/mage/cards/a/AureliasFury.java",271D790766830B5236866332DFCC16833CEE81D8CA999CF06EE57E3000CD2B24,7128
"source/upstream-07ecb7cf/Mage.Sets/src/mage/cards/a/AureliasVindicator.java",84FDD4C9E30E5CACAF2CEAD61A9BF0F82820D2030C921D82D4C90D0D729CBED7,2859
"source/upstream-07ecb7cf/Mage.Sets/src/mage/cards/a/AureliaTheLawAbove.java",29C9301C68814F05FBB5622615C0D1C482B3D1324AD72C60BF6DBFD9A7CB4E7B,3197
"source/upstream-07ecb7cf/Mage.Sets/src/mage/cards/a/AureliaTheWarleader.java",CCBA534FAF078C1E92262F675D79E1BD43061C46299922AEB30E6F2229869E2D,1986
"source/upstream-07ecb7cf/Mage.Sets/src/mage/cards/a/Aurification.java",4607B909BCE5531B29F50E751FCBBDCF3A4C7F40E23A8E1884EF2B99571C2E8A,2675
"source/upstream-07ecb7cf/Mage.Sets/src/mage/cards/a/AuriokBladewarden.java",6D664B0B4434C5FCE2F3B54AFD8B8F65B600CD36B7D54B2110B0993A5DB0DBCF,1530
"source/upstream-07ecb7cf/Mage.Sets/src/mage/cards/a/AuriokChampion.java",02DEC0B94C9C03FDB40CD5CD085ACAA796B90E3C32D5E45B6F8C840E509088B4,1613
"source/upstream-07ecb7cf/Mage.Sets/src/mage/cards/a/AuriokEdgewright.java",5C99F14C0680A740B63FF2CDA151B532611145EC713839FF7B2992B5D2B99B3F,1662
"source/upstream-07ecb7cf/Mage.Sets/src/mage/cards/a/AuriokGlaivemaster.java",CA2FCA4FD46EBF6FAB75E99B118A35EF009077476247C837A5364A7FE0EF2AA4,1870
"source/upstream-07ecb7cf/Mage.Sets/src/mage/cards/a/AuriokReplica.java",8117849B46C81B72ACE41DBECC9CA13EFCF11315FD5F27053EDE4316284ABC11,2438
"source/upstream-07ecb7cf/Mage.Sets/src/mage/cards/a/AuriokSalvagers.java",B9D6A3EB872D46F15FA2765513E2A2072204FB705A09CAAACE4B287C79B0818B,1852
"source/upstream-07ecb7cf/Mage.Sets/src/mage/cards/a/AuriokSiegeSled.java",1FF0EB4AEA721E065C3E2F1DBF279D3F77D81FC06F6DE0E6E9EBBE1D21598658,2144
"source/upstream-07ecb7cf/Mage.Sets/src/mage/cards/a/AuriokSteelshaper.java",5318319CBFBB97EF03491E4FE8481A5D95CD4F04D899B734BBC82A52A4581B0D,2242
"source/upstream-07ecb7cf/Mage.Sets/src/mage/cards/a/AuriokSunchaser.java",87E4A7F6416D46D93DD5A11BFF6D8AFE456C8BA9CE354FE4522063407D459C07,1901
"source/upstream-07ecb7cf/Mage.Sets/src/mage/cards/a/AuriokSurvivors.java",759B24F4F4BD4B4188A33649B57D33D421C8EE6E8AF71F32F849068AD239B6AA,2881
"source/upstream-07ecb7cf/Mage.Sets/src/mage/cards/a/AuriokTransfixer.java",4540F7429404F709BEA89065658C65F0479F41E21BA76C43A00F70179EB3A533,1558
"source/upstream-07ecb7cf/Mage.Sets/src/mage/cards/a/AuriokWindwalker.java",62D16C340BB237F81515231CE76968BB45DF656BE579743F50875BE35B31DB8A,1620
"source/upstream-07ecb7cf/Mage.Sets/src/mage/cards/a/Aurochs.java",4EA80E73B33DF65976E560DFA9FC078BE79ABD7599CF72F4F228D9231957FD50,1806
"source/upstream-07ecb7cf/Mage.Sets/src/mage/cards/a/AurochsHerd.java",00127E0181C1C47A793EF88A54AABD8B75061CF366065FA7C68EC2371C2A18B1,2514
"source/upstream-07ecb7cf/Mage.Sets/src/mage/cards/a/AuronsInspiration.java",0BCF014BEB7276C0749A1735AEDDB5FB5F3CE35DE2128DE5C027E266D840C85C,1154
"source/upstream-07ecb7cf/Mage.Sets/src/mage/cards/a/AuronVeneratedGuardian.java",741EA6B83A4B75A931F1AE0F099C19279C078C556E856ECE65C6070CF3A03416,3295
"source/upstream-07ecb7cf/Mage.Sets/src/mage/cards/a/AuroraAwakener.java",359FBBE713E0FB566371A08FD5D5671D0A7A3EDFE0A71F37229B07586324C947,3509
"source/upstream-07ecb7cf/Mage.Sets/src/mage/cards/a/AuroraChampion.java",1B8BA091C495CEC605E236EDCBB198F9AC60860F2FB124604670E3951EB9AFBF,1829
"source/upstream-07ecb7cf/Mage.Sets/src/mage/cards/a/AuroraEidolon.java",C37A43E7648A2B17CF8FE3CA10FB5B57EAD222045FB4B67E35BF1F0E24ED8870,1928
"source/upstream-07ecb7cf/Mage.Sets/src/mage/cards/a/AuroraGriffin.java",E0B6442D3421FAD4DC70C498F4BE5327A8246C1D1BAFB51D3E32647B2F9883A1,1475
"source/upstream-07ecb7cf/Mage.Sets/src/mage/cards/a/AuroralProcession.java",AEADF010D670E1D7B5C0B99CBFA3568CF28679344509AC4C6CF6D303AA0AFE63,925
"source/upstream-07ecb7cf/Mage.Sets/src/mage/cards/a/AuroraPhoenix.java",25ABD2B3ED40225D06BD28CA107911FD636B589B0B6B0779A5C9535F2DEA7A55,1741
"source/upstream-07ecb7cf/Mage.Sets/src/mage/cards/a/AuroraShifter.java",4377342101F448295AE106E06589567727C849FA6257F923EB41F4E82F4E7A93,5017
"source/upstream-07ecb7cf/Mage.Sets/src/mage/cards/a/AurraSingBaneOfJedi.java",D4750ED25DBE311CDA19DC2698EB95131BDA239C17100479B36102E0076C98CB,4395
"source/upstream-07ecb7cf/Mage.Sets/src/mage/cards/a/AuspiciousAncestor.java",881311EB440A4A3AF0E758B175D8C9CF0704A743F2F7A504C534A907015C66C0,1713
"source/upstream-07ecb7cf/Mage.Sets/src/mage/cards/a/AuspiciousArrival.java",E3C6C32851CD176E697CF4C9F34D39AEE9878E95DD37AFAFD659532E71B24D26,1026
"source/upstream-07ecb7cf/Mage.Sets/src/mage/cards/a/AuspiciousStarrix.java",F0BA189FE76A1AD1D8F606A42135194252B62A4FFB0736CC15E7E7239BEA673A,2949
"source/upstream-07ecb7cf/Mage.Sets/src/mage/cards/a/AustereCommand.java",FBE934FD6C78731BE2C21F40E40A16C96AD6C4B2C596A13E06EC093409B955C3,2170
"source/upstream-07ecb7cf/Mage.Sets/src/mage/cards/a/AutarchMammoth.java",1A5731DAA166C37BC8BF8BA47369BB5F7C5131720B1ACB0AD150B8AEDB46678C,1685
"source/upstream-07ecb7cf/Mage.Sets/src/mage/cards/a/AuthorityOfTheConsuls.java",7CFCDA814517F701A265B60816A9CF03603D7E23EF9FE3DFC682FA3AB9A46F86,1373
"source/upstream-07ecb7cf/Mage.Sets/src/mage/cards/a/AuthorOfShadows.java",3F4BAACFB85940C13CEF479D328D3617050559FCBC22CFD9CEAF6F47F1B1CE1D,3666
"source/upstream-07ecb7cf/Mage.Sets/src/mage/cards/a/AutochthonWurm.java",157FDD34EFF56B524655F4FC643528DC2E90D61FC25152146C4D98127FBF7AE8,1084
"source/upstream-07ecb7cf/Mage.Sets/src/mage/cards/a/AutomatedArtificer.java",ECB721A149338E19BE5F1BE7A80E4BFD43804548CFA4192A1FA4FF6ABFED8BCA,2856
"source/upstream-07ecb7cf/Mage.Sets/src/mage/cards/a/AutomatedAssemblyLine.java",9BCDCA0E288CD7057BA1C440A444602757C69AC2D707788BE3BAC2DA6EF6DA85,1528
"source/upstream-07ecb7cf/Mage.Sets/src/mage/cards/a/AutomatedWarfareSystem.java",9BEED73DBBC17853D5E6A741E5F51DED210660D9DCA4C04F6021B08209D397AE,1555
"source/upstream-07ecb7cf/Mage.Sets/src/mage/cards/a/AutomaticLibrarian.java",F3C6749E988E4D82AEAD697337EC68FA83447154EA99EE157B73EF3CA6BD9F9A,1034
"source/upstream-07ecb7cf/Mage.Sets/src/mage/cards/a/AutonomousAssembler.java",0907A4BE9EC4A720D56814245613725644927DA66C6B3C23BB90B3CF23968C6A,1965
"source/upstream-07ecb7cf/Mage.Sets/src/mage/cards/a/AutonSoldier.java",5EE8DF58EF2BA1447B8E7B62F509F81DAF25F359860C4D1A2E2EECFBD4455D05,2260
"source/upstream-07ecb7cf/Mage.Sets/src/mage/cards/a/AutumnalGloom.java",DECE12FE046B3AD89C6C0B4CC77B1295B4BA7E5A67C6D7522DB25C6BA4E32E70,2285
"source/upstream-07ecb7cf/Mage.Sets/src/mage/cards/a/AutumnsVeil.java",95A9DDE9BE5F09407E15B1D1CD2E178E9D259E288145D886D1EF8017DA43CE5C,1748
"source/upstream-07ecb7cf/Mage.Sets/src/mage/cards/a/AutumnWillow.java",DED74D8325FA4DE6069300235EEA3B8D5EBCA0F8CED005A7AE1FD9629AE6B288,2435
"source/upstream-07ecb7cf/Mage.Sets/src/mage/cards/a/AutumnWillowHarmony.java",3EF41DC5048AB2AF876872A499BA3A8E4D5AA61B1626232C877E15BD3425A480,2108
"source/upstream-07ecb7cf/Mage.Sets/src/mage/cards/a/AuxiliaryBoosters.java",99E44B422B17FFE7CABEB283416160BA910D002CACF63FB6F26C7B84F2DFF44F,1833
"source/upstream-07ecb7cf/Mage.Sets/src/mage/cards/a/AvabruckCaretaker.java",85B12F5303FD65D71CB0E111B9DD59C20A08E726B39458395F61E845069A592D,3084
"source/upstream-07ecb7cf/Mage.Sets/src/mage/cards/a/AvacynAngelOfHope.java",F0F4F9EC9F586462298782D9A91502C00F4BDD425BC73E4E2DDC364A80EB8ED1,1542
"source/upstream-07ecb7cf/Mage.Sets/src/mage/cards/a/AvacynGuardianAngel.java",2795D2CE07897A09B67EB235D86A2C88AB70AB27A5399C6F19FA12AFC9579253,6933
"source/upstream-07ecb7cf/Mage.Sets/src/mage/cards/a/AvacynianMissionaries.java",FE5E4033E23FF631D5816403B62ABA0540B1D392921EAE0543C620A2D152566C,2178
"source/upstream-07ecb7cf/Mage.Sets/src/mage/cards/a/AvacynianPriest.java",271F4585667B1AECE1D17FC1E660C575C284A45F5103B3F28FB96AACC3953A93,1698
"source/upstream-07ecb7cf/Mage.Sets/src/mage/cards/a/AvacynsCollar.java",C735A686DCE32A7C0E31A4AAFE941D78B75954D0AA09583312D30D57AC2DBB75,3426
"source/upstream-07ecb7cf/Mage.Sets/src/mage/cards/a/AvacynsJudgment.java",7C616EF26AFDF6EE9A79AEF93A82F50021E0E19945C6C74CDF78BA5B736C8B4E,2515
"source/upstream-07ecb7cf/Mage.Sets/src/mage/cards/a/AvacynsMemorial.java",ECCB978A6B8CA9D805D7738672FC7E760B48DFE70A76C71AC5A8A8CCDAA16DFA,1417
"source/upstream-07ecb7cf/Mage.Sets/src/mage/cards/a/AvacynsPilgrim.java",E85CD08B6DE483A9F5C5BED1172C3680BA3AFA7E80B1C95F563EA21FA5793261,852
"source/upstream-07ecb7cf/Mage.Sets/src/mage/cards/a/Avalanche.java",66414354A7CE16BBA2AF55B97F5E2FBC05FFE77C4B07091FBF24A1A9CF851A54,1329
"source/upstream-07ecb7cf/Mage.Sets/src/mage/cards/a/AvalancheCaller.java",54093B8F3A25D8FA91159918EA6B492691EFC8061DD7257EEA03CBA22A6A55EC,2223
"source/upstream-07ecb7cf/Mage.Sets/src/mage/cards/a/AvalancheOfSector7.java",D72798BF60A2571E5D3B38292C0DDD33BE01F029F21E3B8224BB584C425F4820,3480
"source/upstream-07ecb7cf/Mage.Sets/src/mage/cards/a/AvalancheRiders.java",33E69E3583B093E64BE72EA17583913AFA356555FFCF0A79267D99EB55CC7B49,1611
"source/upstream-07ecb7cf/Mage.Sets/src/mage/cards/a/AvalancheTusker.java",83816EDE7C46CD3F069E2D97516F0944936EED076FBFCF09946C3C04E72ECED8,1677
"source/upstream-07ecb7cf/Mage.Sets/src/mage/cards/a/Avarax.java",E26D375B53DFEDF30C6AF3C61A9403B7631FA2315AD97495A01D8507780F35DB,1978
"source/upstream-07ecb7cf/Mage.Sets/src/mage/cards/a/AvariceAmulet.java",E044EDFB94C07A8C30E94A0FA2F64AB61E81B8AC663F6507EB2C2554ECED74D3,2496
"source/upstream-07ecb7cf/Mage.Sets/src/mage/cards/a/AvariceTotem.java",56856569B7ACEBB1EEE9A4C9BB9B57D504CF2113013D50AC453B96FF81797C36,1271
"source/upstream-07ecb7cf/Mage.Sets/src/mage/cards/a/AvariciousDragon.java",BFCB3B66DC9FC727AE1852457D8E461C75A64E1219D5E2B3A3E0BA2DC7732EC4,1528
"source/upstream-07ecb7cf/Mage.Sets/src/mage/cards/a/AvatarAang.java",7610DD2E50041B898B3929EE6F8ECD35845105075FE52D626DB0B32A55675114,7639
"source/upstream-07ecb7cf/Mage.Sets/src/mage/cards/a/AvatarDestiny.java",CAC40E30E067461BB1B04CA1C53EF04281EC1A8C6FBAB38C6F36EA704673C1D8,4218
"source/upstream-07ecb7cf/Mage.Sets/src/mage/cards/a/AvatarEnthusiasts.java",9C1051232976CF12AF49349CCBD20E8C33D6D36D94F9DF4509329BFA888CF590,1591
"source/upstream-07ecb7cf/Mage.Sets/src/mage/cards/a/AvatarKyoshiEarthbender.java",7BE9A6EDA7697ABF63E54E9F63F111E284E959D4E27D60D2B8568FE045A9F98E,2211
"source/upstream-07ecb7cf/Mage.Sets/src/mage/cards/a/AvatarOfDiscord.java",743477CB41043BE1D33C80FFA7CF21D2AC50565C5DCDB523C3131B835F5E09E5,1497
"source/upstream-07ecb7cf/Mage.Sets/src/mage/cards/a/AvatarOfFury.java",77D397150CEC8C7F71C994723D46AFDAAC4DCAE149AE1EDE042A6FB323251E8E,2890
"source/upstream-07ecb7cf/Mage.Sets/src/mage/cards/a/AvatarOfGrowth.java",614FCEFCD1CF7734B13457EEE22A11602A4C56AE05A677BC1B0E43A5BC070A04,3954
"source/upstream-07ecb7cf/Mage.Sets/src/mage/cards/a/AvatarOfHope.java",1826ED48145C5A8C89199D0641F0CAA6D62172CC509CEDC0E4ABCF1E04A2163F,2182
"source/upstream-07ecb7cf/Mage.Sets/src/mage/cards/a/AvatarOfMight.java",F029D097D1A3834DE3A14499AFA55AF53B306983285B2A5E17E3D6F653E5C163,2362
"source/upstream-07ecb7cf/Mage.Sets/src/mage/cards/a/AvatarOfSlaughter.java",A5AFDB073E9C4DE486CFD880A567503DBA549CF75F6C7987A17F6C13E4B2E610,1767
"source/upstream-07ecb7cf/Mage.Sets/src/mage/cards/a/AvatarOfTheResolute.java",ADE5BEC8AD4DB10DAEC284C773C840C616C56088B68ED6A8652B47C3688C55A1,1878
"source/upstream-07ecb7cf/Mage.Sets/src/mage/cards/a/AvatarOfWill.java",7B491CB3BAD8A8D44665BA872BAAB47AA0334213066873C06D21A8AAB8669B73,1567
"source/upstream-07ecb7cf/Mage.Sets/src/mage/cards/a/AvatarOfWoe.java",74D0D70ABAB6D58780C752C35944AF5CEC9DB24F47B88724A929757C85A3A3C2,2598
"source/upstream-07ecb7cf/Mage.Sets/src/mage/cards/a/AvatarRokuFirebender.java",6EBD6EBD72BC6F7D5694CB2CD834FFC45F639AD22C1FB7658F47118A0D07B3D2,3358
"source/upstream-07ecb7cf/Mage.Sets/src/mage/cards/a/AvatarsWrath.java",601B00761E55A398916C4876D77567942925B2D343E6760A4DDE8B19C9989DC3,3786
"source/upstream-07ecb7cf/Mage.Sets/src/mage/cards/a/AvelineDeGrandpre.java",F2395CFC35161D91EEF30C337985B0A29A634DA22B52451C91DB799C94CEF12F,2167
"source/upstream-07ecb7cf/Mage.Sets/src/mage/cards/a/AvenArcher.java",ADA634BD27353C9A8EF42EE9191039B893575B55724A0655C2E9865C79734C36,1584
"source/upstream-07ecb7cf/Mage.Sets/src/mage/cards/a/AvenAugur.java",291BA5CE32BD99DC10282F1F7CB33205B11226DDBDFDB8339DDD2572C908D92F,1593
"source/upstream-07ecb7cf/Mage.Sets/src/mage/cards/a/AvenBattlePriest.java",59C369D34746917484C6678093017D88426F41D3EF10DBE616A9065C4FDF95E4,1178
"source/upstream-07ecb7cf/Mage.Sets/src/mage/cards/a/AvenBrigadier.java",E27913F02173323806835933BAC2001D3DD3196160ECCF67535EBF217706EF4E,1774
"source/upstream-07ecb7cf/Mage.Sets/src/mage/cards/a/AvenCloudchaser.java",7F41BB73CE6B8F55CD5D89C8D3514C50EF5A52CB59A8AF8BFD244A2B6C380296,1267
"source/upstream-07ecb7cf/Mage.Sets/src/mage/cards/a/AvenCourier.java",68687FE88DB53043DF9C90A648F617954F9574663A899DDDEB97424862AB1F31,4207
"source/upstream-07ecb7cf/Mage.Sets/src/mage/cards/a/AvenEnvoy.java",A4BA46F2761C362101B0B413E9852FB6EDCDA024D6CBB899BDAECD531D0ACC25,847
"source/upstream-07ecb7cf/Mage.Sets/src/mage/cards/a/AvenEternal.java",9757B09D076ED4A4677EB7A47FCD61752D2CBF5190278B0901F9FC4CEF3FE25A,1186
"source/upstream-07ecb7cf/Mage.Sets/src/mage/cards/a/AvenFarseer.java",D1825B3CC94D5D2B4C7B97DF59AFDB286E3AC8432A4B6ED6E8442F3565B9ED40,1315
"source/upstream-07ecb7cf/Mage.Sets/src/mage/cards/a/AvenFateshaper.java",4A737CA120677D9A722D30E3AAC538156826A997F73780483B3BCC869B7DD061,1588
"source/upstream-07ecb7cf/Mage.Sets/src/mage/cards/a/AvenFisher.java",E7DA6BA7D9C40F78F18E50A64C9A84EE5E8CE580CD4FC811894F2196E79EAF3C,1064
"source/upstream-07ecb7cf/Mage.Sets/src/mage/cards/a/AvenFleetwing.java",3C308BAD051B510BCA680CF5AD995A0DA03EB708712BB1C7D9BBA8C8FFA0A544,956
"source/upstream-07ecb7cf/Mage.Sets/src/mage/cards/a/AvenFlock.java",F512189BD02C9EBC1846F523BF064653E39AFFDC293190037A80A7B46BCDA5CF,1267
"source/upstream-07ecb7cf/Mage.Sets/src/mage/cards/a/AvenFogbringer.java",C234FB0686E9846C60450A791015672015719F4895E7C891991A0B82D06ECE06,1366
"source/upstream-07ecb7cf/Mage.Sets/src/mage/cards/a/AvenGagglemaster.java",02DFA532E78B153F4778FBE3F586DBD22CD461648AC2D2F9EBBA42EC6F977250,1856
"source/upstream-07ecb7cf/Mage.Sets/src/mage/cards/a/AvengerEnDal.java",4AD219D98849D6EA5A683F6616F4D7394BEFE04F3B1211DA410AB563079EAB79,2621
"source/upstream-07ecb7cf/Mage.Sets/src/mage/cards/a/AvengerOfTheFallen.java",70786A0021062ED38EF1F2AF6FDBB25D3DEF6678C99036E07E334C07E8425F7D,1571
"source/upstream-07ecb7cf/Mage.Sets/src/mage/cards/a/AvengerOfZendikar.java",FC2429AA32142A5EB809B2062CDA82382C4DF8F24DB0E42A1420A054781673DC,2152
"source/upstream-07ecb7cf/Mage.Sets/src/mage/cards/a/AvengersAssemble.java",EB449F1A27316A712AB52DA494291953D2D96C2F272F942316F31CBA5AA76BE3,3440
"source/upstream-07ecb7cf/Mage.Sets/src/mage/cards/a/AvengersDisassembled.java",FC9FCE7DCF3D69BD7E1012BE10276348E1AE548D229E8BDC8A75569AEF51B4AC,1617
"source/upstream-07ecb7cf/Mage.Sets/src/mage/cards/a/AvengersHangar.java",9C5A418D0F303CBB477655900F9808A8A81D4E31CADC743D2959ACBBEF5FE95D,1175
"source/upstream-07ecb7cf/Mage.Sets/src/mage/cards/a/AvengersQuinjet.java",F272CC15CF3A6ABDA051D561E93C35A2831E7B9D1E85E5F2B157D3525966CA07,2300
"source/upstream-07ecb7cf/Mage.Sets/src/mage/cards/a/AvengersTower.java",8B2589F50DD8214FF29332C1CB79006DED5B562018ED8E25CFFBDE21302D4DEF,2913
"source/upstream-07ecb7cf/Mage.Sets/src/mage/cards/a/AvengersUnderSiege.java",8E1A8B83DF6D7938165B1025B8A7E7E693FF9137F0C036BE0A6D8F5E032D9CBF,2601
"source/upstream-07ecb7cf/Mage.Sets/src/mage/cards/a/AvengingAngel.java",869062F0FC83E5BA3344F6F41BB7F57C9B210D0E36525CCE023CACAE2512F34A,2227
"source/upstream-07ecb7cf/Mage.Sets/src/mage/cards/a/AvengingArrow.java",E22DBB03CD0FCB963A78A0F5240E675ABF6F03B16FF9772B3635C974142E642E,1687
"source/upstream-07ecb7cf/Mage.Sets/src/mage/cards/a/AvengingDruid.java",95BC5FFD8FB1BA36C757983310EF55B89C140C52CF5AC3E74A1ED2EB558833BE,1428
"source/upstream-07ecb7cf/Mage.Sets/src/mage/cards/a/AvengingHuntbonder.java",4C04C990E2934FAD4D3AA0CCDEAB517A09C5A2D1CA25A436E75E1A9284D7C9F6,1864
"source/upstream-07ecb7cf/Mage.Sets/src/mage/cards/a/AvengingHunter.java",87A1508DE2C05CF4CB1E2CD4A718D20FC9C0D39AF1F9618EAD4695E5A5618636,1278
"source/upstream-07ecb7cf/Mage.Sets/src/mage/cards/a/AvenHeartstabber.java",BE36D9DBCA06AB9E669C5E200BFE0228B23A901636DC3FCD086B6FEE70A8A601,2664
"source/upstream-07ecb7cf/Mage.Sets/src/mage/cards/a/AvenInitiate.java",C3DA5C7317855F813312887282C1A9BD5E5F8B401B734D22F6D3FC72C7C9F9B1,1084
"source/upstream-07ecb7cf/Mage.Sets/src/mage/cards/a/AvenInterrupter.java",DD200F738CACB22A1C4F89A4328F1CBD4E7F25959C33E1471B8204758D36C67D,3278
"source/upstream-07ecb7cf/Mage.Sets/src/mage/cards/a/AvenLiberator.java",74B538B4D3231ED18D25F5F169C1A429EB4DDC796B0731BD75AAF601D0ADE53D,1721
"source/upstream-07ecb7cf/Mage.Sets/src/mage/cards/a/AvenMimeomancer.java",BC248019E04AA1C7F0F5DDAFAF52F33B46CB9F1FBA02EAE724CA0AF3136B21CC,4065
"source/upstream-07ecb7cf/Mage.Sets/src/mage/cards/a/AvenMindcensor.java",4541DA0D160EEEA27BD5771528497B90328FDFEE8F721A2CCB7E55A9E04333E6,2425
"source/upstream-07ecb7cf/Mage.Sets/src/mage/cards/a/AvenOfEnduringHope.java",15D648679E6AEFFFD3D45674173B6D971583CF39753CD84DAFF65E6691BFCDB1,1201
"source/upstream-07ecb7cf/Mage.Sets/src/mage/cards/a/AvenRedeemer.java",660DDBD1DF6B080A35D4E0FEF3DB7053A67DC23B9F015691E39FD122B820382B,1486
"source/upstream-07ecb7cf/Mage.Sets/src/mage/cards/a/AvenReedstalker.java",D8E81349CF20413CDB75680FD0B666BDA6618AC656802151E3FDCD92B1179FF3,1018
"source/upstream-07ecb7cf/Mage.Sets/src/mage/cards/a/AvenRiftwatcher.java",59BE65B92A812B4B2A76EC5AAB957E192BA0F8BAF785E5A94324BBBDB53AF84B,1396
"source/upstream-07ecb7cf/Mage.Sets/src/mage/cards/a/AvenSentry.java",06EBE058C4B88D0BE175EC6769A1EA0C1FADE0236A47046429B7A20606624385,857
"source/upstream-07ecb7cf/Mage.Sets/src/mage/cards/a/AvenShrine.java",820F61D44839AF80D3B76DA083F8FE421AC5700684DF7A654DB919747A89F4B2,3754
"source/upstream-07ecb7cf/Mage.Sets/src/mage/cards/a/AvenSkirmisher.java",9834D55EFA3D504E1B358512A5B356D39256F43E2170137E395D464C6A5EC929,880
"source/upstream-07ecb7cf/Mage.Sets/src/mage/cards/a/AvenSmokeweaver.java",B083D190976B69559AA51CFF474A5DA241D6C25ECAB3B669A429B92F839F4483,1060
"source/upstream-07ecb7cf/Mage.Sets/src/mage/cards/a/AvenSoulgazer.java",F1A4A3409C07EBA11FF76306600256985993E21FCD15ED339BE35BD416088548,2936
"source/upstream-07ecb7cf/Mage.Sets/src/mage/cards/a/AvenSquire.java",5E02CF22AE61AF31781D90C2824AD6B0DE841FE65E3F363F056EFBE8A370AA77,928
"source/upstream-07ecb7cf/Mage.Sets/src/mage/cards/a/AvenSunstriker.java",3ADF262373B80E080F299453DBB99FA82B9EE541F236679BE78E902A8F9D3269,1226
"source/upstream-07ecb7cf/Mage.Sets/src/mage/cards/a/AvenSurveyor.java",2A182065E79055F7E83EBFF6844CE772A2129DC57EECAA7713FB2236034FD377,1710
"source/upstream-07ecb7cf/Mage.Sets/src/mage/cards/a/AvenTactician.java",52BDDE85A163F25431EC9299F4EC17512C499ABF5C6CCEE5638A43BF3128BD84,1159
"source/upstream-07ecb7cf/Mage.Sets/src/mage/cards/a/AvenTrailblazer.java",F1A20F7BCF92B89E41B3AA7E63C4320630E2056F0BFC856B6BC76979B04197C5,1522
"source/upstream-07ecb7cf/Mage.Sets/src/mage/cards/a/AvenTrooper.java",153E45580EA1F54B254C4C08D28FEE392AB144B47A57CC232959696F1C489ECE,1468
"source/upstream-07ecb7cf/Mage.Sets/src/mage/cards/a/AvenWarcraft.java",AFFBD46EC52A82725B6F037FC842A214BD81EAB20687AA3672A74E408FCA70B9,2298
"source/upstream-07ecb7cf/Mage.Sets/src/mage/cards/a/AvenWarhawk.java",79478F7771FED7972A63B1ABF81AB8B4FC1FA39DD1682D15562FDF092DC07A60,1065
"source/upstream-07ecb7cf/Mage.Sets/src/mage/cards/a/AvenWindGuide.java",709756C6B8EA90181662A5C77455F4C64276F8CB3DACE5B8E5BEBA5F140858DC,2281
"source/upstream-07ecb7cf/Mage.Sets/src/mage/cards/a/AvenWindMage.java",19B7FA3D3C2255858586F6FF8DC104DB7D50C3F3170E4966909CBAF772DC7BE2,1406
"source/upstream-07ecb7cf/Mage.Sets/src/mage/cards/a/AvenWindreader.java",F0286C53794FC1CAB21980AF62CE6CFF5CA7CEC1B02D8735EF8F2F04C3FD38D6,2246
"source/upstream-07ecb7cf/Mage.Sets/src/mage/cards/a/AvernaTheChaosBloom.java",C7B4FD4B586364E5439FB8A57466AB8CED869D9C24045791656DD82169034AF0,2280
"source/upstream-07ecb7cf/Mage.Sets/src/mage/cards/a/AvianChangeling.java",4D81F65651C525822D51850427E0FD1DBE9A4E3B9E24885FF24FD6CA543A30B1,930
"source/upstream-07ecb7cf/Mage.Sets/src/mage/cards/a/AvianOddity.java",EDFA25B5014C489693C50A375CB2ADAD1898A460A9D4BA88A315D5121C006677,1583
"source/upstream-07ecb7cf/Mage.Sets/src/mage/cards/a/AviaryMechanic.java",2664A1917DA99270A3F08E5AAC6A6EB2CC9BE27871F054E7C4EED84EBA482928,1467
"source/upstream-07ecb7cf/Mage.Sets/src/mage/cards/a/AviationPioneer.java",C627F4E62A22A62753B23F88A28B2403F8D21ACC8B598BF58364C3E9F5012DB1,1200
"source/upstream-07ecb7cf/Mage.Sets/src/mage/cards/a/AvidReclaimer.java",FB89CEA53D99AFD11347C56886A3753C0D9A755B5E096DC1B5ABD387C228A21A,2019
"source/upstream-07ecb7cf/Mage.Sets/src/mage/cards/a/AvishkarRaceway.java",4B15583E2088181442771BBCBBC106689298FF25C670CF8FEC9BC2D83A77D39B,1526
"source/upstream-07ecb7cf/Mage.Sets/src/mage/cards/a/Avizoa.java",AC067DEC0DD37326AEFBB2A125B90EB2DC96DF67E072E95F22D7F092C27ED678,1526
"source/upstream-07ecb7cf/Mage.Sets/src/mage/cards/a/AvoidFate.java",4A118FAD83BB67C867FF1C5BCE2B8BE31EF5E13453EB1131059EEC6A12E76F41,1372
"source/upstream-07ecb7cf/Mage.Sets/src/mage/cards/a/AwakenedAmalgam.java",46180E61EC0C5210D0612112CCB16E6B1BC6CC02546A082151252B20E13A25FB,1443
"source/upstream-07ecb7cf/Mage.Sets/src/mage/cards/a/AwakenedAwareness.java",D9337FF9B0E96235EE55036FF3B1670C27E69D3AAFB2DCBA644D7693529A1093,2971
"source/upstream-07ecb7cf/Mage.Sets/src/mage/cards/a/AwakenerDruid.java",8AAC66BE34968E3B3B8EE494E43CAA708B9DB73CE1C4C8694EB369FB840EF592,2721
"source/upstream-07ecb7cf/Mage.Sets/src/mage/cards/a/Awakening.java",46F7B9ED97560D4EE39A303BCCF143CD35D439E9A4C10CCDD660441CF6CF103A,1215
"source/upstream-07ecb7cf/Mage.Sets/src/mage/cards/a/AwakeningOfVituGhazi.java",06646F48841B3E064A607A368FA364785FC61373DB4C809253307197386E7922,1919
"source/upstream-07ecb7cf/Mage.Sets/src/mage/cards/a/AwakeningZone.java",7C6517111D7508D859406FD58C80C108AAD637A2CFFB9A85C8675EF351A72B15,1055
"source/upstream-07ecb7cf/Mage.Sets/src/mage/cards/a/AwakenTheAncient.java",A0960FD5AFC63EA3D3446FA24E3042CCD8DD449E00AB87B0F38586BE81E73865,2053
"source/upstream-07ecb7cf/Mage.Sets/src/mage/cards/a/AwakenTheBear.java",91872166C80DB594057A0ED19E79E7B893E1EBCB91E2673032DA7310D6063D07,1386
"source/upstream-07ecb7cf/Mage.Sets/src/mage/cards/a/AwakenTheErstwhile.java",F4400D97F97CC415B30364A9EB8187259C0582DFE4C65635AED0526D88073D2C,2754
"source/upstream-07ecb7cf/Mage.Sets/src/mage/cards/a/AwakenTheHonoredDead.java",3C6E44E883E10362E44938BE8C00B4CA0F1EFFE62C44B47939E8BEA3941C783C,2377
"source/upstream-07ecb7cf/Mage.Sets/src/mage/cards/a/AwakenTheSkyTyrant.java",13C5D6F21494140C57214F602CAFC1661B3AE251CADBA3701F8541A8F4EB6103,2344
"source/upstream-07ecb7cf/Mage.Sets/src/mage/cards/a/AwakenTheSleeper.java",985C221DB20A58CEDBAC235EC359884F9AB310A67EBBE390CB6DB1578700C916,3369
"source/upstream-07ecb7cf/Mage.Sets/src/mage/cards/a/AwakenTheWoods.java",E0F51C07C2DB6F436658CC0314CF2682A1059052AE5EE8375F67C6D6CF5A2F8E,889
"source/upstream-07ecb7cf/Mage.Sets/src/mage/cards/a/AweForTheGuilds.java",697739208698A29CB2029D39C9C8956F681ACA9A150D520EFAE2747F79AA13AD,1163
"source/upstream-07ecb7cf/Mage.Sets/src/mage/cards/a/AwesomePresence.java",0580DF9036186CCEB32EB1479413711A70AA0AC290A649BC8F567CE5EE59F5EC,3488
"source/upstream-07ecb7cf/Mage.Sets/src/mage/cards/a/AweStrike.java",0D965A2C4785A327A4D7F84106A2ADE89C8680167D6DDB60D3599A601AAD7C8C,2440
"source/upstream-07ecb7cf/Mage.Sets/src/mage/cards/a/AWing.java",C570BE023D02C5D08AFFD43CC5F731601663A4D2EB152BF6AD6332D6068DDB28,3560
"source/upstream-07ecb7cf/Mage.Sets/src/mage/cards/a/AxebaneBeast.java",08FE926B22EE914823EBC4EB1A8E2B2E888FFC5C967FF4FE005FE9BCF4D0956C,712
"source/upstream-07ecb7cf/Mage.Sets/src/mage/cards/a/AxebaneFerox.java",15D44370879CB11A0F3AE4F3E14718FB909F24F3A8C53A8B31061701A29D520C,1167
"source/upstream-07ecb7cf/Mage.Sets/src/mage/cards/a/AxebaneGuardian.java",3C1C45C573DB9D69ECD1053D31161D126CDB51D9AFAA64E76F99EF4AAACC0D54,2034
"source/upstream-07ecb7cf/Mage.Sets/src/mage/cards/a/AxebaneStag.java",D2CEC26CE71D5A75E65B8534BCB18C7C22BD169927BC2803F2FC864331A74CAB,700
"source/upstream-07ecb7cf/Mage.Sets/src/mage/cards/a/AxegrinderGiant.java",8AE79D244F5F25BF756A002E96301A177F2C6C5827707226D92DCD393F7CE5CA,772
"source/upstream-07ecb7cf/Mage.Sets/src/mage/cards/a/AxelrodGunnarson.java",1F391622147778CE981F77FAA1975198DC9110A8EDE90201B14D5831BE47D97D,1877
"source/upstream-07ecb7cf/Mage.Sets/src/mage/cards/a/AxgardArmory.java",F4EC6DDEF85E469342E294673A6574D3B36D92814BFEDE507728C215E5768FE9,1783
"source/upstream-07ecb7cf/Mage.Sets/src/mage/cards/a/AxgardArtisan.java",BBB08D885E127FB99FD82E8DA1E9EDE7CBBFFA694444CDD9987D01D6F711F751,2519
"source/upstream-07ecb7cf/Mage.Sets/src/mage/cards/a/AxgardBraggart.java",EACBC5D60A7CA209C7734DEE354E9F0669537BABF3CA769EA8048EEF4B9AAD16,1349
"source/upstream-07ecb7cf/Mage.Sets/src/mage/cards/a/AxgardCavalry.java",F0F6AD2CC9A5E9D7E98E50B31A980734FC1E766540E9F40D41D1227229A2AAD8,1431
"source/upstream-07ecb7cf/Mage.Sets/src/mage/cards/a/AxiomEngraver.java",E09F1FD5E19097A6639609528D11F1B5DF4C13BE46CB238F5340860B766FD91B,1736
"source/upstream-07ecb7cf/Mage.Sets/src/mage/cards/a/AxisOfMortality.java",E5229C0A98D38FE620188955D2CB66338457455F968389B834FE56F7157304E8,1073
"source/upstream-07ecb7cf/Mage.Sets/src/mage/cards/a/AyaOfAlexandria.java",7927886B36453909EAD73FBA2E1C90EA999EAF1F3F707B2514C6ECC32C01EECB,2015
"source/upstream-07ecb7cf/Mage.Sets/src/mage/cards/a/AyaraFirstOfLocthwain.java",B22969BB0312855BE02860D318900767FF2E66F0D205D4C0123935CC12C29C7A,2830
"source/upstream-07ecb7cf/Mage.Sets/src/mage/cards/a/AyarasOathsworn.java",FD512A9F06F5F8DA7B06C1426C22C68D177D1155001014886B05AA08DD0F7291,2588
"source/upstream-07ecb7cf/Mage.Sets/src/mage/cards/a/AyaraWidowOfTheRealm.java",B514274CE72ED1894FAEA4AB51B5C2389FC359C0869F73AF48EF63C79A3BD09F,6071
"source/upstream-07ecb7cf/Mage.Sets/src/mage/cards/a/AyeshaTanaka.java",741C550CEB85A46EF630ACFCC85624A72C651C9D9D0F417ACAE01D1A77CDA717,1923
"source/upstream-07ecb7cf/Mage.Sets/src/mage/cards/a/AyeshaTanakaArmorer.java",4DB2DA0DBE747D014B57094080987860C6D5AE8745B6EE63A298D22FC2649A3A,3001
"source/upstream-07ecb7cf/Mage.Sets/src/mage/cards/a/AyliEternalPilgrim.java",F37B84F049505A5FAC12059A92A6311D5433A650B0DD468923B4C9FC684ED310,2719
"source/upstream-07ecb7cf/Mage.Sets/src/mage/cards/a/AysenAbbey.java",5084CE631518477953F8C6EDD5929397D751B5661F269B8A5CA2BB8AFF74EA5B,1495
"source/upstream-07ecb7cf/Mage.Sets/src/mage/cards/a/AysenBureaucrats.java",56371E655EF041449AC8F9C1A3BCB78BA56E3E8568D2E308D5148D5D92B7D97F,1748
"source/upstream-07ecb7cf/Mage.Sets/src/mage/cards/a/AysenCrusader.java",19F2C5B19CFBBE5B43108ABC50C19B102F501F8CF4621C865F5CF441083DC872,1858
"source/upstream-07ecb7cf/Mage.Sets/src/mage/cards/a/AysenHighway.java",109E46423DC5236CEC8E50CA90E009B7A94C02B96C01EF571A686186A817D94F,1309
"source/upstream-07ecb7cf/Mage.Sets/src/mage/cards/a/AyulaQueenAmongBears.java",8073B6F87E01807EA30F452B488DAA11755C9DEA0C991F608B5C4790094B979D,2549
"source/upstream-07ecb7cf/Mage.Sets/src/mage/cards/a/AyulasInfluence.java",D6417F466D899197D87E4C411CFD276DB233077ED8A4289A959F5277FF26B03B,1136
"source/upstream-07ecb7cf/Mage.Sets/src/mage/cards/a/AyumiTheLastVisitor.java",FB939785059B619454F6B120D74B62962D5A26AB00A04F093CAD738CBB2ABA1C,1221
"source/upstream-07ecb7cf/Mage.Sets/src/mage/cards/a/AzamiLadyOfScrolls.java",DA2171598984F4361B9380636ACEA1441C957DCE26D09A6E9A38B83DD79C8BA2,1678
"source/upstream-07ecb7cf/Mage.Sets/src/mage/cards/a/AzimaetDrake.java",DA4DB7F82E807EB49ECC7755898ED69CAAE599EFFAA1F7B903A65922DA96B5E6,1333
"source/upstream-07ecb7cf/Mage.Sets/src/mage/cards/a/AzizaMageTowerCaptain.java",DFFAA4040894B7CA5FCF690F7CFFDDBBEC47835743B443C44767102DFDE67575,1893
"source/upstream-07ecb7cf/Mage.Sets/src/mage/cards/a/AzlaskTheSwellingScourge.java",969E09027C38EA0F8F9ADFC740B8B0841B5FC84E5193E0BC60CDF4107A604B64,3420
"source/upstream-07ecb7cf/Mage.Sets/src/mage/cards/a/AzoriusAethermage.java",A530B4644E5D4DC2CBAAAAC97D7706AC9DE1A94E8FC395889163AC09E83BF534,2751
"source/upstream-07ecb7cf/Mage.Sets/src/mage/cards/a/AzoriusArrester.java",4FACDE1B53EEA896130C85DAC83C024A3F351CA239C39598B73C0C1E3F139DA2,1285
"source/upstream-07ecb7cf/Mage.Sets/src/mage/cards/a/AzoriusChancery.java",8BDDD50FCBD5926D1E8D3B1F758D85C8154C36876F9F712945E1A18BE067BB00,1606
"source/upstream-07ecb7cf/Mage.Sets/src/mage/cards/a/AzoriusCharm.java",CECF4815CA4AE482E29D779F6B23F4277580364B63FACA694B2584C725D27BAA,1640
"source/upstream-07ecb7cf/Mage.Sets/src/mage/cards/a/AzoriusCluestone.java",9CC9FA8AA22FD965215CDBBB6D17D92848F890431119A365EE4709A088132BA7,1440
"source/upstream-07ecb7cf/Mage.Sets/src/mage/cards/a/AzoriusFirstWing.java",AA92DF08889646133A74D0DA4395DE77A858DCC57CEE225C341FB65DD8338C29,1083
"source/upstream-07ecb7cf/Mage.Sets/src/mage/cards/a/AzoriusGuildgate.java",2167EEC84BA6A910FAF024CF29A60753D8D619386A146EE98498F79E63CFF520,1024
"source/upstream-07ecb7cf/Mage.Sets/src/mage/cards/a/AzoriusGuildmage.java",736A63D76B46022B396C12E83316CD101E72909DF87227AAA8451DCFCEEE107B,1656
"source/upstream-07ecb7cf/Mage.Sets/src/mage/cards/a/AzoriusHerald.java",A76F69AFFFAC57BE77F9FFB72FF58E402B55262CC7C6C29B44D205F753B16902,1583
"source/upstream-07ecb7cf/Mage.Sets/src/mage/cards/a/AzoriusJusticiar.java",10A700D815C21883D7E1AA29B297BDDABE401329708A15FAF17B51D3C655A4DD,1427
"source/upstream-07ecb7cf/Mage.Sets/src/mage/cards/a/AzoriusKeyrune.java",D4506D509977AA43A68779685663D997CC3C3CC6EA62F25F589CF44091E04738,1737
"source/upstream-07ecb7cf/Mage.Sets/src/mage/cards/a/AzoriusKnightArbiter.java",8C02A1348DD0D65764401D56EA95A8BDFE51ABD8F9A36066C68C354B56C52E38,1102
"source/upstream-07ecb7cf/Mage.Sets/src/mage/cards/a/AzoriusLocket.java",D809D1AB938DAC58DA541275C5A680C96F5EC808A5C62E058E394A91CB73D57A,1446
"source/upstream-07ecb7cf/Mage.Sets/src/mage/cards/a/AzoriusPloy.java",BDCCACCB78D430B2860A27961647E7DB2E84C754487DC5C7AE408A39A8FE90B7,1967
"source/upstream-07ecb7cf/Mage.Sets/src/mage/cards/a/AzoriusSignet.java",F333055A41C679B4F06D1A939B2D8767BCB12B95127074BE5FCF992C6E75F06E,1005
"source/upstream-07ecb7cf/Mage.Sets/src/mage/cards/a/AzoriusSkyguard.java",8E769C5AF75F8F9495190FAAB196F513EF71D06749C0A6D8FD7390EAECF7EA7A,1347
"source/upstream-07ecb7cf/Mage.Sets/src/mage/cards/a/AzorsElocutors.java",BCE1AE58FAD6293B59C13909E61700630DC83AE6B18206AEE386C56EC6BDF0EB,3126
"source/upstream-07ecb7cf/Mage.Sets/src/mage/cards/a/AzorsGateway.java",73D173774A4E102DAC3E95C8028AD552C1CE05A8A291245ECCC9FCE72C74EC50,4596
"source/upstream-07ecb7cf/Mage.Sets/src/mage/cards/a/AzorTheLawbringer.java",3DCC531724C9A261C5FA8FDD54E4E3D2178791C50C39C69507CAA37F372D03F4,6551
"source/upstream-07ecb7cf/Mage.Sets/src/mage/cards/a/AzraBladeseeker.java",6F08283A1E3AED02C86A9878E7D5B609428228545E2339DA2EB1F993C2F8E715,3462
"source/upstream-07ecb7cf/Mage.Sets/src/mage/cards/a/AzraOddsmaker.java",762D57B6E1F1AE4F559FAD584FA226825B7BA129587124B863608F98D9D3DDF5,4687
"source/upstream-07ecb7cf/Mage.Sets/src/mage/cards/a/AzraSmokeshaper.java",8FD9A9FDF1081687FD4E258BF261AE882F797C7BA49E368818FABD61839A3D99,1668
"source/upstream-07ecb7cf/Mage.Sets/src/mage/cards/a/AzulaAlwaysLies.java",E6A775E47DDCD0DF65985CA1191051F931A10588EDA7C441E11A451BF6F830AA,1463
"source/upstream-07ecb7cf/Mage.Sets/src/mage/cards/a/AzulaCunningUsurper.java",EFCD6DD5CB21F2BB7589D2E4BAB34142EE37D791451ABC616008F11FC2F4CF80,7925
"source/upstream-07ecb7cf/Mage.Sets/src/mage/cards/a/AzulaOnTheHunt.java",D69A84BB2C9DDDA406269914E977549CA0EAE2ECC171EB3924DAEA9696DA971B,1533
"source/upstream-07ecb7cf/Mage.Sets/src/mage/cards/a/AzulaRuthlessFirebender.java",D3CA24CE79E83B20C420B5E1277118CC13DE92B1B0D73908E214568482FB4CEC,3639
"source/upstream-07ecb7cf/Mage.Sets/src/mage/cards/a/AzureBeastbinder.java",800D86C8DEBD3307162B700551660F43CDA3DCF90B501EE7BC43E9C6F64344E8,3466
"source/upstream-07ecb7cf/Mage.Sets/src/mage/cards/a/AzureDrake.java",DF431BEEE2FFCC226F272EC3FDFE8246100660AE43FA01E2013E48B318EF0844,822
"source/upstream-07ecb7cf/Mage.Sets/src/mage/cards/a/AzureFleetAdmiral.java",D0F376285A0CF70D079B603E0DC137F875485F91B4EC722713D08264AC807537,2144
"source/upstream-07ecb7cf/Mage.Sets/src/mage/cards/a/AzureMage.java",984AEBAE8409080142A619827CFFFCEEA9CEC7D03EE21AE1C479A5249EF60701,1051
"source/upstream-07ecb7cf/Mage.Sets/src/mage/cards/a/AzusaLostButSeeking.java",3DF4EACE4FB6EF82C5079F46670842C950BD433664C4BC791EFE81DC3C810B86,1061
"source/upstream-07ecb7cf/Mage.Sets/src/mage/cards/a/AzusasManyJourneys.java",1346E60B2B58EB872AADAE754F6F48B054B5DCB28D4269FB5AE18D33613B5611,2413
"source/upstream-07ecb7cf/Mage.Sets/src/mage/cards/b/BabaLysagaNightWitch.java",68B5AF75D41DCE86CE1AFCF75BC014451578780CC1FB2957975E99079E85882F,4184
"source/upstream-07ecb7cf/Mage.Sets/src/mage/cards/b/BaboonSpirit.java",DAFA3BB103D5E90307814AF10D487578955089C80D147D172A69E3D1D6A6EC2A,2461
"source/upstream-07ecb7cf/Mage.Sets/src/mage/cards/b/BackdraftHellkite.java",8616EB885071C0FB5A90590BC9EEE83CD8A414F78A63CF849D8308BEE45D8034,3497
"source/upstream-07ecb7cf/Mage.Sets/src/mage/cards/b/Backfire.java",BF23D2B9108C1A8D85C4E4F850E8B5FC9FE920BB935BCE2329F2B8D9502FA682,1672
"source/upstream-07ecb7cf/Mage.Sets/src/mage/cards/b/BackForMore.java",AAB0202F91AB6457F00A710FC09890C8E9557E011C180C02594E4FF7A46BC30E,4082
"source/upstream-07ecb7cf/Mage.Sets/src/mage/cards/b/BackForSeconds.java",25CF17C51AA75829428D649D95CF1836D4F4D18EA569888544C24F522FEAE28B,3695
"source/upstream-07ecb7cf/Mage.Sets/src/mage/cards/b/BackFromTheBrink.java",1DD31D17698A971D4209FCA07E60DAE8D427F1C80FD327D64BD45BDBAF29142B,3167
"source/upstream-07ecb7cf/Mage.Sets/src/mage/cards/b/BackInTown.java",64ADD376E9731AB8AFD1C9ABA254B9C6A002429A3B552073F96E15EBED269BC4,1528
"source/upstream-07ecb7cf/Mage.Sets/src/mage/cards/b/Backlash.java",DCED51E068211C9FD52880404FB22A96F59A6CE342DD213D7695370C74B59AE0,2325
"source/upstream-07ecb7cf/Mage.Sets/src/mage/cards/b/BackOnTrack.java",AE3EDE9929435AB4A0512C2175FF1E470D7616E91FA421419AAF0536679A849A,1647
"source/upstream-07ecb7cf/Mage.Sets/src/mage/cards/b/Backslide.java",4554217E78CDB41976232E27D0096F835D2A5FEAB61BF292E155DD32A702C1B5,2678
"source/upstream-07ecb7cf/Mage.Sets/src/mage/cards/b/BackstreetBruiser.java",0FE4971A6C6B0DB308A02A4EDBB814AB46A868119650BE5FE89FE9B59FFFADE7,2479
"source/upstream-07ecb7cf/Mage.Sets/src/mage/cards/b/BackToBasics.java",683CBAFDDB0711F4F980B24B299A0673AB3557F9E6007ACB7CD268B8A5938064,1052
"source/upstream-07ecb7cf/Mage.Sets/src/mage/cards/b/BackToNature.java",ACAE3341F7B1B5BC1862BDF320044F96625DD0C391AE5DA1D5404BE38C2CFE58,783
"source/upstream-07ecb7cf/Mage.Sets/src/mage/cards/b/BackupAgent.java",04FFD54EA35DAAC15E14262574AFD638E2CBA3D54684D390B85F68CBB78ADEA2,1318
"source/upstream-07ecb7cf/Mage.Sets/src/mage/cards/b/BackwoodsSurvivalists.java",94BDA6895F7C8C63B0B32A8F159A43C521D8CFF3F055C5E035602D00C7A1ED7E,2039
"source/upstream-07ecb7cf/Mage.Sets/src/mage/cards/b/BadDeal.java",31F723A49192D287FA5F7A25686B689A6602056C0A0AA8251D73C0FA5F71F447,1269
"source/upstream-07ecb7cf/Mage.Sets/src/mage/cards/b/Badgermole.java",6542A94DE03CC05F89DF78FA1E70AC55F0C84EA38C5D68CE63413CF2330D11AA,1806
"source/upstream-07ecb7cf/Mage.Sets/src/mage/cards/b/BadgermoleCub.java",CCF98558EF9E6DAB911E2490F54E1D159CFFF0BC95485ACF584D69F67BE478AC,1801
"source/upstream-07ecb7cf/Mage.Sets/src/mage/cards/b/BadgeyMaliciousGlitch.java",7FD84C794276B14330ACEEFD351E12AD76F55E973DCF539F62E139083833E92A,1411
"source/upstream-07ecb7cf/Mage.Sets/src/mage/cards/b/Badlands.java",9D59D0A9D53BC8BDE5F4B98AE4B9DCCBFF34F2CAADFC32A7150C75FA557ED97D,788
"source/upstream-07ecb7cf/Mage.Sets/src/mage/cards/b/BadlandsRevival.java",6B10EBAC4401763FEE55DECB9B9EA532CDEB294905AEB6B1C62808F1782E45FC,1649
"source/upstream-07ecb7cf/Mage.Sets/src/mage/cards/b/BadMoon.java",D0343577C89F0205A9E7D6560AF3EF8E98B4DFB02665F2565B3EEC979C86FC7F,1182
"source/upstream-07ecb7cf/Mage.Sets/src/mage/cards/b/BadRiver.java",174ED9ACC91C659732E0E661F765B1BB815A5194BC51B026EF8D770BCE20C21F,1036
"source/upstream-07ecb7cf/Mage.Sets/src/mage/cards/b/BaelothBarritylEntertainer.java",37C612D5A13F55110B6856C951F9F5F0E43C6A197DAF95A50F4E308D25FC1346,3454
"source/upstream-07ecb7cf/Mage.Sets/src/mage/cards/b/BafflingEnd.java",DA41AFF5E38810B45E43B350AE1EAF57793062553C3034485E9E98EC2236BBAE,2144
"source/upstream-07ecb7cf/Mage.Sets/src/mage/cards/b/BagelAndSchmear.java",AC08AC9A3C3B3D655C156E66866BF141D34FE430F154168E03B067F206B24D3F,2039
"source/upstream-07ecb7cf/Mage.Sets/src/mage/cards/b/BagEndBanquet.java",93714C18BDFA31A5FB00516D5EB1CAC12C769808B8ED31989334211AF385880F,1775
"source/upstream-07ecb7cf/Mage.Sets/src/mage/cards/b/BagEndPorter.java",7E550AA2D31958336AF93C41FE86DF46BD7A4627A77FF6D6E19A49DBCC41A14F,1674
"source/upstream-07ecb7cf/Mage.Sets/src/mage/cards/b/BagOfDevouring.java",9ABDC4F05DA9BF6CB5003A8D4D36B5516536B3556A1A51F01A66C4D8099E7ADD,4450
"source/upstream-07ecb7cf/Mage.Sets/src/mage/cards/b/BagOfHolding.java",33B2008F577B824EE838FE64703055631603222312C320BA93DB401768165493,3974
"source/upstream-07ecb7cf/Mage.Sets/src/mage/cards/b/BagOfTricks.java",2F8BF5A6AE4DA56B1C610D0755D4B819893D8E579C9B8F3F29F0C9D0C2113668,2647
"source/upstream-07ecb7cf/Mage.Sets/src/mage/cards/b/BairdArgivianRecruiter.java",C6DEAC7863CD997343DB9753D7891862A4C3C012E4CD7596E7B1853CC6933B0A,2224
"source/upstream-07ecb7cf/Mage.Sets/src/mage/cards/b/BairdStewardOfArgive.java",124C89D580329459BEFEB8A7451F0973715B8F5F61355A95E7E7D1366E798288,1574
"source/upstream-07ecb7cf/Mage.Sets/src/mage/cards/b/BaithookAngler.java",A0AD27CA5649AF04FB0482BFD51A873179A2B250D75B1739201F454AEC3D5083,1371
"source/upstream-07ecb7cf/Mage.Sets/src/mage/cards/b/BakeIntoAPie.java",89F81A056CC6FBFEE1AA81D000EAD8C6120D5924B221C24CD37FAB218B531BDF,1036
"source/upstream-07ecb7cf/Mage.Sets/src/mage/cards/b/BakersbaneDuo.java",4DB93AE7A7864AEFEBB3D9691DB38A7C78BE691674A816284AE6A66BC4AB1E04,1489
"source/upstream-07ecb7cf/Mage.Sets/src/mage/cards/b/BakisCurse.java",36681AD9DF2A966218CDF3B35DF02F7536355043D977E154D28550B8473BC27B,2082
"source/upstream-07ecb7cf/Mage.Sets/src/mage/cards/b/BakuAltar.java",70FB616F5D2AD7E211444E02C6226C298590D73F0511BE1F58B3174A2A6A29FE,1738
"source/upstream-07ecb7cf/Mage.Sets/src/mage/cards/b/BalaGedRecovery.java",6CD3D6F3BFE0100C5B85CA38C96434A88F200543CE8698BF70DBBEAA1344EE8C,1602
"source/upstream-07ecb7cf/Mage.Sets/src/mage/cards/b/BalaGedScorpion.java",FB51478D81900121935D0ECB873EA34DAE76B673D7FB7A3826776AF5A63DBF72,1510
"source/upstream-07ecb7cf/Mage.Sets/src/mage/cards/b/BalaGedThief.java",FEF368F377E066BD7C744F09D8E2BEB406F380D1153C18B98A41E50DBC8C8598,1758
"source/upstream-07ecb7cf/Mage.Sets/src/mage/cards/b/BalambGardenSeeDAcademy.java",982B4E3036046A8FC036DFC8EC5DF657CB8419E4736FC215BBDF5F37A4F921AA,3971
"source/upstream-07ecb7cf/Mage.Sets/src/mage/cards/b/BalambTRexaur.java",C57B45B23FFEE80F5AC80E060A01C561FE1902A541C628EC835B2477560F2004,1314
"source/upstream-07ecb7cf/Mage.Sets/src/mage/cards/b/Balance.java",22005A17DE28136CC518EC34717AF422D5431356E8BC9E11EF6A32174CA6514E,853
"source/upstream-07ecb7cf/Mage.Sets/src/mage/cards/b/BalanceOfPower.java",A15DDFD1ED98171D9BB24D45130C6D60E794EC1BB8088470E216B1EAC9377A3A,1902
"source/upstream-07ecb7cf/Mage.Sets/src/mage/cards/b/BalancingAct.java",7F5970F53E710574CF272A4F06E5D1B1253D57A708199A16CE2149C76532A2AD,5230
"source/upstream-07ecb7cf/Mage.Sets/src/mage/cards/b/BalanWanderingKnight.java",47F962FB4F80A92FFBBE0C2ECD9E1C6C455E042FD004230589629101D9D046CF,3492
"source/upstream-07ecb7cf/Mage.Sets/src/mage/cards/b/BaldinCenturyHerdmaster.java",236859B3394B438CB373CE998495B4388B5EC16AD7B2D03C0A17428EF86D2737,2531
"source/upstream-07ecb7cf/Mage.Sets/src/mage/cards/b/BaldursGate.java",AB7281235866C691FD6D532558E7B9B3EE1629BE0778ED69A28BE528C00CF20B,2155
"source/upstream-07ecb7cf/Mage.Sets/src/mage/cards/b/BalduvianAtrocity.java",C60285971284B003328085C3111865B663C840291B70648B31A1CE446A6F4811,4054
"source/upstream-07ecb7cf/Mage.Sets/src/mage/cards/b/BalduvianBarbarians.java",E2F1A612E7C0DAF9BADD5DACA5E0F36C4E9225EE3E61DA660A1B8E1D23548156,772
"source/upstream-07ecb7cf/Mage.Sets/src/mage/cards/b/BalduvianBears.java",79C3B13AB933B0A345FD0368D09FF2EBC5DA00958B1C5B209F449C9A0122CC82,719
"source/upstream-07ecb7cf/Mage.Sets/src/mage/cards/b/BalduvianBerserker.java",AE7CFEFB0C9EFF86CACD3FDB3096F406898EFCEA648F1365EFD3E26530965664,1543
"source/upstream-07ecb7cf/Mage.Sets/src/mage/cards/b/BalduvianConjurer.java",E13106058238FB9C848C9A49392B6DB07031766B372016E90C52C7C5F04AEAE8,1590
"source/upstream-07ecb7cf/Mage.Sets/src/mage/cards/b/BalduvianDead.java",0CCE7141A8E73880F32093596E8E34359A1C8592677F60968DA79E350D764C3A,3341
"source/upstream-07ecb7cf/Mage.Sets/src/mage/cards/b/BalduvianFallen.java",E9F10B5F5763285E70F0BCB2A722400A8D5BBB2BFC1C58F3C965C389D7DD61FA,2669
"source/upstream-07ecb7cf/Mage.Sets/src/mage/cards/b/BalduvianFrostwaker.java",246D42E4D4740B5FB909A0A3C919E5B2811EA4ED991F8AA39AF771D6D9B35C4B,2141
"source/upstream-07ecb7cf/Mage.Sets/src/mage/cards/b/BalduvianHorde.java",CA58CC789B3B920333AE5E3E8D15A766D90E4D28A70E44BCFA00AAD7FA2DD2B0,1168
"source/upstream-07ecb7cf/Mage.Sets/src/mage/cards/b/BalduvianHydra.java",BF4B04979F9C0886843E0DEA354A0B7061F191A7535234130FDD44629A6BBBFE,2252
"source/upstream-07ecb7cf/Mage.Sets/src/mage/cards/b/BalduvianRage.java",B30477FB67C3E8CBE4AA48523BEFDAD49E61C83EC9F582EBC48FA00FDEAE2B29,1690
"source/upstream-07ecb7cf/Mage.Sets/src/mage/cards/b/BalduvianTradingPost.java",88E6419FB1C00C557ACB85F37946C8284928DBA0F6CC3E93218179958E7BFC7B,2421
"source/upstream-07ecb7cf/Mage.Sets/src/mage/cards/b/BalduvianWarlord.java",1BCC0218AAD4A4F64E8066C4B284BA46F49FEFC314667A5B760F5BF651A09134,8557
"source/upstream-07ecb7cf/Mage.Sets/src/mage/cards/b/BalduvianWarMakers.java",EA2B7CCBDC79E05F937B4EFD6ED1F85E260D0EABD27ABD0EC980AE1C006D3441,994
"source/upstream-07ecb7cf/Mage.Sets/src/mage/cards/b/BalefangTheUnslayable.java",4F628A492F68920073202B21FCE38BC1D2AD44C8B8E439983A5A627DA85FC25E,3742
"source/upstream-07ecb7cf/Mage.Sets/src/mage/cards/b/BalefireDragon.java",2D1BB4B20FC80CC3B4FA1D1D106B012720A046190E3EC39B4A7D82B057184071,1435
"source/upstream-07ecb7cf/Mage.Sets/src/mage/cards/b/BalefireLiege.java",C32B34CCF4DC609CCD7E05C82CA0F58CB7C0A206D307CB0ECCD26943BB4389F9,2655
"source/upstream-07ecb7cf/Mage.Sets/src/mage/cards/b/BalefulAmmit.java",3A5A8750E3E3DDE444037F395183AE9A5AF89B9A17E206E1159CC5AD4C3257CD,1457
"source/upstream-07ecb7cf/Mage.Sets/src/mage/cards/b/BalefulBeholder.java",3EFF76617E87010CE5391A9DBB38B3F6FDDDB1CFB7A9CDA0BC526D489160B1A7,1963
"source/upstream-07ecb7cf/Mage.Sets/src/mage/cards/b/BalefulEidolon.java",9CA7F4A9A2AE0EEE18C51718F84CC4FEF86C7418ED599D05A9B2227D636FFC5E,1560
"source/upstream-07ecb7cf/Mage.Sets/src/mage/cards/b/BalefulForce.java",B19EF8CE053861C86A2FEB6294AE4912E042FC8F9E9BE1E98F4D7CFC6F82BC9F,1402
"source/upstream-07ecb7cf/Mage.Sets/src/mage/cards/b/BalefulMastery.java",8C610027E6CFA93F057C6566A4115DB11BA06949104C3E3C527CD23521ED2899,2982
"source/upstream-07ecb7cf/Mage.Sets/src/mage/cards/b/BalefulStare.java",68FAA10A9EDDE01775F02D968FF3FF5EE19289E66725E0DE358B5A2569E9414A,2544
"source/upstream-07ecb7cf/Mage.Sets/src/mage/cards/b/BalefulStrix.java",3FAB551E5B54C499181A2AB2183E92D113B074448170F6FA54E493202B089C60,1278
"source/upstream-07ecb7cf/Mage.Sets/src/mage/cards/b/BalemurkLeech.java",9830EA4C11136C760015C089A4CEEC467883ACFC8D9AE489B11C5E99C68FEE0A,1033
"source/upstream-07ecb7cf/Mage.Sets/src/mage/cards/b/BalinLoremaster.java",5AF68FFFAA083BCE248EB11CA50951DAFD7C5140CA41DBFB4D407F7FA6948788,3351
"source/upstream-07ecb7cf/Mage.Sets/src/mage/cards/b/BalladOfTheBlackFlag.java",B597DF5268A4F989AFC4E09B59FCA11E10F13BABE376B7BED23E0F0B8DD25836,2036
"source/upstream-07ecb7cf/Mage.Sets/src/mage/cards/b/BallistaCharger.java",DBE2F810144CA165DD5DB08EBE935B916BE860A0293C030A0C9A8022E1F7F923,1276
"source/upstream-07ecb7cf/Mage.Sets/src/mage/cards/b/BallistaSquad.java",A76616838C6CC4A82076CDCD3D9947F952146606EDA54A258199E1EF7DE665E6,1487
"source/upstream-07ecb7cf/Mage.Sets/src/mage/cards/b/BallistaWatcher.java",D1F782C40AAAF154A8375E8E18C0B28F8BFEED787FE54F8AF3B4C81A1508AD81,3536
"source/upstream-07ecb7cf/Mage.Sets/src/mage/cards/b/BallLightning.java",4AB1A3764EDA417F8D9201A85B14E149D1FD3924BFE994D7BC008462C640965C,1262
"source/upstream-07ecb7cf/Mage.Sets/src/mage/cards/b/BalloonPeddler.java",60B74DA57736094B4ECC11CEBF2C1838A7FEC974CDE413759886A20654611AAB,1652
"source/upstream-07ecb7cf/Mage.Sets/src/mage/cards/b/BallotBroker.java",FFF226ABC6D1883D11CFF3B90089E7589FF632A65999EF75D86A7135A1F76F88,2162
"source/upstream-07ecb7cf/Mage.Sets/src/mage/cards/b/Ballroom.java",11A48A9F117B6653C3BDA7394AA7F527E96E0ADB348FC7CC4FC16E817177126E,1362
"source/upstream-07ecb7cf/Mage.Sets/src/mage/cards/b/BallroomBrawlers.java",36E55E7FDE0AEC33C0AF3651389C248EA6432A684BC22592CDFB14846F245534,1677
"source/upstream-07ecb7cf/Mage.Sets/src/mage/cards/b/BallynockCohort.java",E68EE162875712DCD1395F6C62E8D2F6172DC3F4FAAFB4328DF2695FDE591A25,2246
"source/upstream-07ecb7cf/Mage.Sets/src/mage/cards/b/BallynockTrapper.java",C75BAF673C0A024FD2E57AB00BCB8AFBAC436C93B430AE9449B5169CA55456A3,1734
"source/upstream-07ecb7cf/Mage.Sets/src/mage/cards/b/BallyrushBanneret.java",B1FE897B397E7879C8B59761002579D59516EF5A985ED20C6297471848DB9AEA,1417
"source/upstream-07ecb7cf/Mage.Sets/src/mage/cards/b/BalmOfRestoration.java",0564DD89C8EB6673357CD6AFD2F7F14A23D77A64E600C427FF6BEEAB79BD01DC,1642
"source/upstream-07ecb7cf/Mage.Sets/src/mage/cards/b/BalmorBattlemageCaptain.java",C33148BC34C6B8D87FE6C4DD4AAB9861FE0D4354F8D79A2C30E1C1F4D7214152,2060
"source/upstream-07ecb7cf/Mage.Sets/src/mage/cards/b/Balor.java",2DEDD6622D0F67AC32D0FF731A77F8E5F83F6E4BB9598D7167B9E3D4A9089AFD,4280
"source/upstream-07ecb7cf/Mage.Sets/src/mage/cards/b/BalothCageTrap.java",2F0542E355B87C5C82A1524C78E03EF9B8EA73272A798A96661D38215581F5C5,2471
"source/upstream-07ecb7cf/Mage.Sets/src/mage/cards/b/BalothGorger.java",A9F965B4B2BE387E432B686BA11700D388272BA2845F34AE8DBFBA5C3F899DEA,1482
"source/upstream-07ecb7cf/Mage.Sets/src/mage/cards/b/BalothNull.java",9FBBB0C2EAD50E983A540D4BB7A3F510C0B5872D781D728414BCB77C7AC30A90,1368
"source/upstream-07ecb7cf/Mage.Sets/src/mage/cards/b/BalothPackhunter.java",F612D4511BBA1F7048321AD61115109FF604E47B4E04D15F3D743D19A6D8F4B9,1847
"source/upstream-07ecb7cf/Mage.Sets/src/mage/cards/b/BalothPrime.java",3F8C5DDDC3D9FAA11159763B83392C6D916D369E91177E9803FF547A919E54C2,2604
"source/upstream-07ecb7cf/Mage.Sets/src/mage/cards/b/BalothPup.java",CEF974CF7AAE46C066B7AA0CA245C3EA735E15176C082DD5B01B2C6445F6F1F5,1494
"source/upstream-07ecb7cf/Mage.Sets/src/mage/cards/b/BalothWoodcrasher.java",7918FD2E00F02B5C08FAD7983B8651C22330E2F0265A203B3728D9762124D978,1333
"source/upstream-07ecb7cf/Mage.Sets/src/mage/cards/b/BalshanBeguiler.java",CAB2FFE31CC3C0EDDB0D823BD15EEA3D324EB198373E6DB4DA7356845349DB6E,2853
"source/upstream-07ecb7cf/Mage.Sets/src/mage/cards/b/BalshanCollaborator.java",5C6D9A11ED68E1E96ADE4643EBDD79F8B89D2F3421CC3377745F2FC886DD9588,1310
"source/upstream-07ecb7cf/Mage.Sets/src/mage/cards/b/BalshanGriffin.java",845E94A814526788E7D7BA81E960C2480EE8D63A86A918E348731DCA853810EC,1470
"source/upstream-07ecb7cf/Mage.Sets/src/mage/cards/b/BalthierAndFran.java",15CC9B7B071DA8C58F96B0A02A601AFBEDBA1BED067B6FA185E1E281E287F092,3720
"source/upstream-07ecb7cf/Mage.Sets/src/mage/cards/b/BalthorTheDefiled.java",A5A8CB1C8070A90C9315BF0A823632078DAEE4F1CC03C71D981E9D092858AA4E,3513
"source/upstream-07ecb7cf/Mage.Sets/src/mage/cards/b/BalthorTheStout.java",9B3303BAC139582197A5891273439716D0036D0E047D6B7DF1726130ECA20017,2058
"source/upstream-07ecb7cf/Mage.Sets/src/mage/cards/b/BalustradeSpy.java",75207AA849EE39667DDF5CFDD7287E6790A6560894D4443963856F93311C02E9,2727
"source/upstream-07ecb7cf/Mage.Sets/src/mage/cards/b/BalustradeWurm.java",8DD949AFC6845F0B1B9C12F23A6ED7AE53647FA74FE3E83531FC02495CBB8A4B,2111
"source/upstream-07ecb7cf/Mage.Sets/src/mage/cards/b/BambooGroveArcher.java",704A51859AD8996943274499495CBFCADFDD32C7F1025F5A3CFEF8BE3CEA5463,1551
"source/upstream-07ecb7cf/Mage.Sets/src/mage/cards/b/Bamboozle.java",C4A309A98115CBD853CED70381A26E20AD0164E6E2E9ACFE187B7A2F3089E782,3068
"source/upstream-07ecb7cf/Mage.Sets/src/mage/cards/b/Bandage.java",138529C687EA38E5A0DF702B471C102718F82D185070F8CADD1323345AA4682D,973
"source/upstream-07ecb7cf/Mage.Sets/src/mage/cards/b/BandingSliver.java",66D0E0EA29762DAB947320859B00E47E679BEA3B33636B22C0182E11B75D11E8,1294
"source/upstream-07ecb7cf/Mage.Sets/src/mage/cards/b/BanditsHaul.java",766284765B47560606C9BE1CF2DB6BC9CD6D157A53B28A041C4DFEDD6E445100,1848
"source/upstream-07ecb7cf/Mage.Sets/src/mage/cards/b/BanditsTalent.java",ECAD6484B5466BA49E28E47B59DC1E43AEFF1229C2C0A04ADBAF562540F09158,7074
"source/upstream-07ecb7cf/Mage.Sets/src/mage/cards/b/BandTogether.java",BCB6F1646257CCD06902B2AE7BD5CE3D004E8CF582C7F758057BEFD10B3F10B4,1706
"source/upstream-07ecb7cf/Mage.Sets/src/mage/cards/b/BaneAlleyBlackguard.java",1B8CC80701C2449D307266CC6F681350D25618D1F332C040AE540CE832247B6C,772
"source/upstream-07ecb7cf/Mage.Sets/src/mage/cards/b/BaneAlleyBroker.java",62C2F4F06B7D4C3F81C61AFFBC3F39A2E0AAF35A64964521F2C0CE9F45298113,7251
"source/upstream-07ecb7cf/Mage.Sets/src/mage/cards/b/BanebladeScoundrel.java",44A1C5EC8B2162A9E99935B35600E9FF6DCD92929369E3A7615969017303AE56,2949
"source/upstream-07ecb7cf/Mage.Sets/src/mage/cards/b/Banefire.java",AB89255A47B4925AFC487CAF41CDF5DC398FB950D5985A8AD8B7795C60D430EB,4358
"source/upstream-07ecb7cf/Mage.Sets/src/mage/cards/b/BanefulOmen.java",677BA0746F6530F7AEA823AE43F8B0A2D8E762A75840D92EF85C4B9C4351A237,2194
"source/upstream-07ecb7cf/Mage.Sets/src/mage/cards/b/Banehound.java",045932F496C5D48AD8A747931314CFB64AD3E85095F7D73C65021431F998061B,973
"source/upstream-07ecb7cf/Mage.Sets/src/mage/cards/b/BaneLordOfDarkness.java",4A1FD7CBA6BCB600390C8E49EB20A89252DDC125FC783158ABACA5F4D077449F,5073
"source/upstream-07ecb7cf/Mage.Sets/src/mage/cards/b/BaneOfBalaGed.java",995C1AE02F12953E0BB9712AEB77382A388740B0EFBA2F1BD27561A4077D8DEF,2347
"source/upstream-07ecb7cf/Mage.Sets/src/mage/cards/b/BaneOfProgress.java",E3869C92C19ED29B8E514610074103D89703C50C2DEC42BAB6C608B70A74E8C1,2686
"source/upstream-07ecb7cf/Mage.Sets/src/mage/cards/b/BaneOfTheLiving.java",3BD481815A2A3E183B4534BA574B2E4D8CFB3C2213CBCB54A8CB9A0F532FD8AE,1710
"source/upstream-07ecb7cf/Mage.Sets/src/mage/cards/b/BanesContingency.java",598B1D66471CFC006DEDEC984CB4D6C5869BBA36EDB35BEBB37AF999375F60FF,2730
"source/upstream-07ecb7cf/Mage.Sets/src/mage/cards/b/BanesInvoker.java",05A5787BDF307525D3FE359C12049360EA483B5DB7F141D6D5850A7555569D3F,1646
"source/upstream-07ecb7cf/Mage.Sets/src/mage/cards/b/BaneslayerAngel.java",9D5CF6BD2D71DF37F88998ADFF4BFA05545C7FC3268A2B6A9EF53B67B6E6C39F,1547
"source/upstream-07ecb7cf/Mage.Sets/src/mage/cards/b/BanewaspAffliction.java",858B6888FFFD42A6DA75D6A06FE5AA86C2C2613F474C6A2706510D622ABE466D,1817
"source/upstream-07ecb7cf/Mage.Sets/src/mage/cards/b/BanewhipPunisher.java",98E4FAA2F7A8631A8A17C1ABAC5DBC2DBF2ACB1C91E81710D7BECC961C7894EA,2267
"source/upstream-07ecb7cf/Mage.Sets/src/mage/cards/b/BanisherPriest.java",F414225CD0D51FD08B6699D05BD2DB29A20E5A98B126C1F258ECF8AC1894E4D2,1312
"source/upstream-07ecb7cf/Mage.Sets/src/mage/cards/b/BanishFromEdoras.java",CBB1B6EE851FD16290DBDC1810F94D0247505B00BAFFA9044FD592B87FD93F39,1791
"source/upstream-07ecb7cf/Mage.Sets/src/mage/cards/b/BanishingBetrayal.java",412506F064109758CA5580B65589AA11D9F23E6ED6098C398DA67C4DF4BC405E,1021
"source/upstream-07ecb7cf/Mage.Sets/src/mage/cards/b/BanishingKnack.java",D8E75C95F794F10D4663AF3122EC389D85C474B8440EBBC01C51CF4D5DD54EE8,1625
"source/upstream-07ecb7cf/Mage.Sets/src/mage/cards/b/BanishingLight.java",CE7B8C7F6DE79C910F52695A682B082AC2143D0AE7ED3D72BB61CB6591268FF6,1176
"source/upstream-07ecb7cf/Mage.Sets/src/mage/cards/b/BanishingSlash.java",204362A8440FD0A1191DAB4CD8DBEC43400C24F574537DCDD2FC9E6FE1883E31,2283
"source/upstream-07ecb7cf/Mage.Sets/src/mage/cards/b/BanishingStroke.java",6663CE0EDC1F2B540167E0CFDFD6049B50696661BBE06E994D36B6BF3D64065C,1425
"source/upstream-07ecb7cf/Mage.Sets/src/mage/cards/b/BanishIntoFable.java",57698C52E23DCCA4FFB4B0EF21BE34786D0C37411B02562C9DABED93890A37DF,4465
"source/upstream-07ecb7cf/Mage.Sets/src/mage/cards/b/Banishment.java",1CC4B025DFEAA04EE10137A538F6D3E23FEBFDEFCFBFDC236A1042A54E964B51,3604
"source/upstream-07ecb7cf/Mage.Sets/src/mage/cards/b/BanishmentDecree.java",C69D93E6CF17365A71D4609577868B828F9CA4BADD923DDDD82D1BEDBA3C7A3D,1208
"source/upstream-07ecb7cf/Mage.Sets/src/mage/cards/b/BanishToAnotherUniverse.java",29928A3881B77D3F98407E441761E2B37EEFFF7AE1AE9C49E751629C5C7CBD74,1446
"source/upstream-07ecb7cf/Mage.Sets/src/mage/cards/b/BankruptInBlood.java",57E50F9A06BB58AFA59C5DA872E080E36510E8F0758CFD42EFF029B3A64AD7FA,1016
"source/upstream-07ecb7cf/Mage.Sets/src/mage/cards/b/BannerhideKrushok.java",0018937F6D9D59687F579B4087AA1A3A33B26AAB3613FCE9304B1E5627A946FB,1231
"source/upstream-07ecb7cf/Mage.Sets/src/mage/cards/b/BannerOfKinship.java",C31B485018F7C576CB2115EB1E5BA9545ABB9653A94B7391CA42010C6D37BD5F,4245
"source/upstream-07ecb7cf/Mage.Sets/src/mage/cards/b/BannersRaised.java",816DA6AD7DEC24610A14046974E6FC312A670DC79FB0F0827D9BC81F3ADCDD8E,799
"source/upstream-07ecb7cf/Mage.Sets/src/mage/cards/b/BanonTheReturnersLeader.java",A0315F94ACC47588C66B08314D33AD7E2B606D6F6CC9565537A5E9974BB6CA90,3042
"source/upstream-07ecb7cf/Mage.Sets/src/mage/cards/b/BanquetGuests.java",9B356DC06CF28CED6C044B1E961DDB11476B62153907A02757FF69E2B733BDED,2273
"source/upstream-07ecb7cf/Mage.Sets/src/mage/cards/b/Banshee.java",4008C3608BA5A3FF774A543A417094892E356738607E67D2066089F253D45638,1740
"source/upstream-07ecb7cf/Mage.Sets/src/mage/cards/b/BansheeOfTheDreadChoir.java",DDF6BE4C32F08D61B643C73427B6FD0B942894270DBE52D4B10ED5EAE5C34886,1247
"source/upstream-07ecb7cf/Mage.Sets/src/mage/cards/b/BansheesBlade.java",93757F664C8204D02AF4C63AD3526B3EF3B5DE2A88D54BCD0A7624B387E95FC6,1788
"source/upstream-07ecb7cf/Mage.Sets/src/mage/cards/b/BantBattlemage.java",A45F791C3D71BE17837FC9D174BBC7D396B9B575B670754153A2847A7E7CD7BB,1783
"source/upstream-07ecb7cf/Mage.Sets/src/mage/cards/b/BantCharm.java",4C410F739C0C891AC242403A356432BCCBE030C19722F9104D1CA3505FA0FA70,1671
"source/upstream-07ecb7cf/Mage.Sets/src/mage/cards/b/BanthaHerd.java",724595BBF64EDC487BA9D16D96DF78950776C8640B060AC5AC673D62CD268D83,1348
"source/upstream-07ecb7cf/Mage.Sets/src/mage/cards/b/BantPanorama.java",684AA347DD24F0987A5CE8329F9855198C863D44CFC520885C3A843F199CAD8D,2009
"source/upstream-07ecb7cf/Mage.Sets/src/mage/cards/b/BantSojourners.java",694B8AEF92B6B5DA46FB38A386DA0A58F27C2786DFF0E6B42A5D35B62436F756,1659
"source/upstream-07ecb7cf/Mage.Sets/src/mage/cards/b/BantSureblade.java",81C0FB2A4E934A304B9E5B30F57BA86837F495CB368DA967F2242CCC4B8A295A,2343
"source/upstream-07ecb7cf/Mage.Sets/src/mage/cards/b/BaradDur.java",D3208F3C6465F7EE2434A49031849853CDDF2CE7042CBD6449DC5DC53CA4A9A9,1989
"source/upstream-07ecb7cf/Mage.Sets/src/mage/cards/b/BaralAndKariZev.java",6F32E2B7ABF7EC69C8BFE33E5AD387A55268D724F71A9DB8107FE17AF2054BD4,5301
"source/upstream-07ecb7cf/Mage.Sets/src/mage/cards/b/BaralChiefOfCompliance.java",45B3AEA1AAD143305C390D9923B31E49E81E0FB6E2C2884790214D27517A0A71,1893
"source/upstream-07ecb7cf/Mage.Sets/src/mage/cards/b/BaralsExpertise.java",88419FE6C563A4F679A710D97D6921789589FBEDC640E806293AB839B810E706,1819
"source/upstream-07ecb7cf/Mage.Sets/src/mage/cards/b/BarbaraWright.java",43BF7358DBD78BF3A4C8A1C7BE64829E9975F852E1FB564A417446457FB9734E,1200
"source/upstream-07ecb7cf/Mage.Sets/src/mage/cards/b/BarbarianBully.java",B587D39B409D441E211B471FA3856ADC0107CC7768EA939FBF04C90D2801E137,2766
"source/upstream-07ecb7cf/Mage.Sets/src/mage/cards/b/BarbarianClass.java",FC19EB21BDF5986D7F17DD3CA4A913D46B4431DAA6E7AC1D0EC1B0B47543583F,4092
"source/upstream-07ecb7cf/Mage.Sets/src/mage/cards/b/BarbarianGeneral.java",B5196611877C4E1F1F03DB862F811E1A1DF719C92F18D25D11EC4369B2757D9C,905
"source/upstream-07ecb7cf/Mage.Sets/src/mage/cards/b/BarbarianHorde.java",80D1A15A02F5560214FFA7C9ACA4B95EC1DE7040DA1A5C63C3F01842984CD965,758
"source/upstream-07ecb7cf/Mage.Sets/src/mage/cards/b/BarbarianLunatic.java",A283B7BCDA32135AF47AC44B86A5A24CF4B50E23E8BCBB0EF1836C0EDA047287,1441
"source/upstream-07ecb7cf/Mage.Sets/src/mage/cards/b/BarbarianOutcast.java",2D4FE71D4FE396F8BA5F76AD0802E082BA3E253A2CB14232D492FE1F0BFF69FE,1546
"source/upstream-07ecb7cf/Mage.Sets/src/mage/cards/b/BarbarianRiftcutter.java",C747B88DDEEBB6FD90D7E6F161717C0D8404022C9FF9760F5911FC3AF12611BD,1464
"source/upstream-07ecb7cf/Mage.Sets/src/mage/cards/b/BarbarianRing.java",BF773A92EA83DDBC431FD13A752A74D2CFC629EE8FFBAF4449F068D0215BDAD2,1976
"source/upstream-07ecb7cf/Mage.Sets/src/mage/cards/b/BarbaryApes.java",626E1D19DD55E2993046C5647AB8F494FDE9FEF31BE70576EB98440EC2006C36,700
"source/upstream-07ecb7cf/Mage.Sets/src/mage/cards/b/BarbedBackWurm.java",ED34D93FB46715BEC36BB914C4A2988E94DC5389403B9275387D85AB38CE0067,1832
"source/upstream-07ecb7cf/Mage.Sets/src/mage/cards/b/BarbedBatterfist.java",B8476631CA65E440E7AC1306E6DB57F33EFC8CC487940B8E4B91B581B72178F3,1123
"source/upstream-07ecb7cf/Mage.Sets/src/mage/cards/b/BarbedBattlegear.java",4F3ECCF39F03AD057DA2883A0F3E137EFDF28D0DE11F17BA9304D4C7DD938243,1246
"source/upstream-07ecb7cf/Mage.Sets/src/mage/cards/b/BarbedBloodletter.java",A72AC1E5E9871FDB4778A738DAD9BE3910365A41273287F03F2FB4BAECA99826,1719
"source/upstream-07ecb7cf/Mage.Sets/src/mage/cards/b/BarbedField.java",88D4084F4DAC7A5A18FFA296EC7B7AFC7100BA3EC4A47DE0D4E0A1B16B0ABDE4,1924
"source/upstream-07ecb7cf/Mage.Sets/src/mage/cards/b/BarbedFoliage.java",A4264E9E68E49CE81D184164221EF8F9036B67148696D53BB2B8DFE35B30B901,2047
"source/upstream-07ecb7cf/Mage.Sets/src/mage/cards/b/BarbedLightning.java",CA30D1DA0EB939D365C46138035A2413179E442D0608A8CEE531B556C0C314EA,1317
"source/upstream-07ecb7cf/Mage.Sets/src/mage/cards/b/BarbedServitor.java",A4E475B1FEA0E2AC877E8E870039F5AC1719084B974FD731D57BCA4E7552307F,2305
"source/upstream-07ecb7cf/Mage.Sets/src/mage/cards/b/BarbedSextant.java",7E2AA6369E9C063935CA91078133A5377F92D53C37182D926968A83270B1ADCF,1655
"source/upstream-07ecb7cf/Mage.Sets/src/mage/cards/b/BarbedShocker.java",8A284872045914A6D1317C170828CE54838F4E0EECFC91A69D404A6717E1088C,2322
"source/upstream-07ecb7cf/Mage.Sets/src/mage/cards/b/BarbedSliver.java",121E2F6A84B6DFF68E306B4C947E48BC76E5FB614620D53F02EEAFE3B48C2059,1422
"source/upstream-07ecb7cf/Mage.Sets/src/mage/cards/b/BarbedSpike.java",537760A82D4ED94410FCC7849E1CF535B10B80B18AAD12E57972600D7F07230F,1693
"source/upstream-07ecb7cf/Mage.Sets/src/mage/cards/b/BarbedWire.java",204C39E057135DE675127C02F1547EB8F77DB140083469E0463DB75D60258C8A,2173
"source/upstream-07ecb7cf/Mage.Sets/src/mage/cards/b/BarbflareGremlin.java",8B99564034F806471B63160B9B2A90689794DA49735C60F87E096A7912D34582,2875
"source/upstream-07ecb7cf/Mage.Sets/src/mage/cards/b/BarbtoothWurm.java",7F2980404FB6056F971C154C462584F16B1CE5D9374580E7CFB895B43D6F4F14,715
"source/upstream-07ecb7cf/Mage.Sets/src/mage/cards/b/BardClass.java",3FDDF7A70A427E1C9FFAEA615A893AE26E920BB26D6059D3B929006EE10222EB,4453
"source/upstream-07ecb7cf/Mage.Sets/src/mage/cards/b/BardHeirOfGirion.java",3FD534FF94ED0111BEEEB272377CD7428967DA4ECF7EC6A720C849DAFDDD799D,1758
"source/upstream-07ecb7cf/Mage.Sets/src/mage/cards/b/BardKingOfDale.java",7B535AB4DD7B853A109EEB5743C36A8E3861E4E5B0ABAC95C3AB71399F6DECF8,1881
"source/upstream-07ecb7cf/Mage.Sets/src/mage/cards/b/BardsBow.java",AF30D73B31B51DCD85CA4F69AD2EBFC6F12180EC004D790EF832F03C451987BF,1819
"source/upstream-07ecb7cf/Mage.Sets/src/mage/cards/b/BardsCompany.java",ECB4E99726124C25DCBBDDF8C87901727BCD0F2E5715AB2022E9B557685CE183,2044
"source/upstream-07ecb7cf/Mage.Sets/src/mage/cards/b/BardTheBowman.java",61B484D27192A930DCC8D14436EE906BCB8099B68FDA6780E0EE1C11D07C7D67,1846
"source/upstream-07ecb7cf/Mage.Sets/src/mage/cards/b/Bargain.java",684056E6FFE1020CD94FB2EE82563C7717616B7852AE478340AD37806EB2151C,959
"source/upstream-07ecb7cf/Mage.Sets/src/mage/cards/b/BargainingTable.java",926C99CAE2C7A77E9BDF499DD7C2A60C188CBB2907AAAE54B48E505262B78545,4128
"source/upstream-07ecb7cf/Mage.Sets/src/mage/cards/b/BargeIn.java",F393B0176E497A9780313EB242286770164B355B03A26F5A405B953B053DD20C,1705
"source/upstream-07ecb7cf/Mage.Sets/src/mage/cards/b/BargingSergeant.java",EC751D46BC2DA801CB933D00E274421DB76F3B1245C5A970727056ABD1E16093,1003
"source/upstream-07ecb7cf/Mage.Sets/src/mage/cards/b/Barishi.java",3B71FFA9F42795B59BE63F2A8B55B8E943EC8E53AD2D0C09612B590ED1762398,2178
"source/upstream-07ecb7cf/Mage.Sets/src/mage/cards/b/BarkchannelPathway.java",95CA60E8BF6B46990C12BA110FEB16836E52FE8E68A60FC2D0CC4D7783C77165,1156
"source/upstream-07ecb7cf/Mage.Sets/src/mage/cards/b/BarkformHarvester.java",F9BE9E704E4C2B148EBCB0E1837BE5213D26FF2CCB4E672A0328449309094351,1545
"source/upstream-07ecb7cf/Mage.Sets/src/mage/cards/b/BarkhideMauler.java",24731513E7AE8755B9EF6D266E83DF1408B3E685763320F23D017E5E3C9D3584,888
"source/upstream-07ecb7cf/Mage.Sets/src/mage/cards/b/BarkhideTroll.java",EAD3C1CFA65B7DB7AFC17F03165FAAC318E1D29D1EB71058794C574D1B85EBCF,1764
"source/upstream-07ecb7cf/Mage.Sets/src/mage/cards/b/BarkKnuckleBoxer.java",C072E24269251A183E2F0B97A52BA51426E7C0CC3F75779D518D8B5EA6268C7C,1289
"source/upstream-07ecb7cf/Mage.Sets/src/mage/cards/b/BarkOfDoran.java",55171363BE47DD1149ECAF786F3E5A2C3306778F2C65942949FF7ED03173D2FD,1979
"source/upstream-07ecb7cf/Mage.Sets/src/mage/cards/b/BarkshellBlessing.java",FDBCF9084372783A707FDA11122F169A6465419A6B91175D150613ECFF08BF37,1095
"source/upstream-07ecb7cf/Mage.Sets/src/mage/cards/b/BarktoothWarbeard.java",F80E259E6F34E58745DF89857EE9197235FCE7635A338E063E3F1E41FE40E9E1,843
"source/upstream-07ecb7cf/Mage.Sets/src/mage/cards/b/BarkweaveCrusher.java",BCA571248F237EFAA2A57EE1AB3EBDFE4E7E4E81B3FA7F51608E09BBADFD9F7A,893
"source/upstream-07ecb7cf/Mage.Sets/src/mage/cards/b/BarlsCage.java",7F93B540B4E97F42892CC972B9675B3938E9843D5E55A0EE440D88948FC1AEEE,1138
"source/upstream-07ecb7cf/Mage.Sets/src/mage/cards/b/BaronAirshipKingdom.java",7F218A0588961ABE61092BCA393488343FDB2B119B390B817F4E358E4E5E40AC,1020
"source/upstream-07ecb7cf/Mage.Sets/src/mage/cards/b/BaronBertramGraywater.java",2DF712498CDCE47CAB90174E1977C17FE5668C844FC08471F444063EAB39B2FF,2365
"source/upstream-07ecb7cf/Mage.Sets/src/mage/cards/b/BaronHelmutZemo.java",3F45C53DC0CBB9E4A9298839ACA05FD3CD6C3255D15E4F96B2F815A2B4D922DA,6849
"source/upstream-07ecb7cf/Mage.Sets/src/mage/cards/b/BaronSengir.java",2BB7467B7F2E67F7C7FA87A1B244B6132CF6E688EAC233F6B72540233A1FE57A,2103
"source/upstream-07ecb7cf/Mage.Sets/src/mage/cards/b/BaronStruckerHYDRAOverlord.java",C8AEFF5F8845777E7D7AAC2A682E319B00492D9C706384D72D3FACE497D0BA4B,2258
"source/upstream-07ecb7cf/Mage.Sets/src/mage/cards/b/BaronVonCount.java",13BD5D60D621043B03A943EB91B2CAA29069C72D65C63BF6DBD327C7F0E73DB1,10472
"source/upstream-07ecb7cf/Mage.Sets/src/mage/cards/b/BaronyVampire.java",70EFD09CFC26DE7BEB830B1B08CBA9C2EBEA2141AF04A0DB7D889EEAE47F5352,742
"source/upstream-07ecb7cf/Mage.Sets/src/mage/cards/b/BarrageOfBoulders.java",526C00BB5C22EE2A591EA65F13E4F1683D1535AFD4F2C52DE990E12950819FCD,1838
"source/upstream-07ecb7cf/Mage.Sets/src/mage/cards/b/BarrageOfExpendables.java",741F977E5F9B0296777E4BFBAE77ED41FBD262DAEA1DF1024FE8A7867A464BDF,1383
"source/upstream-07ecb7cf/Mage.Sets/src/mage/cards/b/BarrageOgre.java",7FBB1CC18201BE8061BDF370784CC8FFC235C7A3AC9F8B7BAE9F72C6B1EC1683,1612
"source/upstream-07ecb7cf/Mage.Sets/src/mage/cards/b/BarrageTyrant.java",B1DDE670EA9AB7DD7457F45277C53CAC6129C6DE152024A481C21348940081F4,2323
"source/upstream-07ecb7cf/Mage.Sets/src/mage/cards/b/BarrelDownSokenzan.java",BF7DA1A0918B8D045D56AE78D72333F591BED5BA391B5606756CD73FBE24158B,1611
"source/upstream-07ecb7cf/Mage.Sets/src/mage/cards/b/BarrelingAttack.java",4A9B2D08AD2BBC496127B5CECE05FFA0AD6F47472263B4931B96F7E471D91463,2702
"source/upstream-07ecb7cf/Mage.Sets/src/mage/cards/b/BarrelsOfBlastingJelly.java",B5703A6411BEC54B3F1979FA812A0066207D20EFA68246CFE5B49CAB66EAC481,1730
"source/upstream-07ecb7cf/Mage.Sets/src/mage/cards/b/BarrenGlory.java",FF2D81E87AFE7C722C1028C3F8B0FF18FA4DA7AA521DF03B881547FF60F6F875,1653
"source/upstream-07ecb7cf/Mage.Sets/src/mage/cards/b/BarrenMoor.java",C5683BFB8017021EECC2E82FD3A7CB840C2DC39BD91665BEE3DAF07F0C922357,1006
"source/upstream-07ecb7cf/Mage.Sets/src/mage/cards/b/BarrensteppeSiege.java",9373E6CE02F6D257A2418E67FF6199ED14D30EE62F24170C8DA505B4152B404F,2302
"source/upstream-07ecb7cf/Mage.Sets/src/mage/cards/b/BarrentonCragtreads.java",41204F5F446BDDC01B7F4697CDC519CBB17490B85D9F3EFE2908530648F0C29B,1460
"source/upstream-07ecb7cf/Mage.Sets/src/mage/cards/b/BarrentonMedic.java",EDBED2BF27D79DA589FD711A36AB48236BE409E60C6E74AB8BC35542BB29E131,1727
"source/upstream-07ecb7cf/Mage.Sets/src/mage/cards/b/BarretAvalancheLeader.java",B812719E9ED177BA56032972B40E23E5A206A4B40EC6EFB65C5CB59ADF2E5BDF,2348
"source/upstream-07ecb7cf/Mage.Sets/src/mage/cards/b/BarretWallace.java",28B201D9DAF856D6C90910A534D590D4D4B1143198EE75E2CC511CD1BC00B645,2284
"source/upstream-07ecb7cf/Mage.Sets/src/mage/cards/b/BarricadeBreaker.java",A606F03CFD91D8387274F41B12276B0BDC66CB811C2AB02C339601EB60EA7447,1200
"source/upstream-07ecb7cf/Mage.Sets/src/mage/cards/b/BarrierBreach.java",D6FAB6902FACF2BF8EF27F34C9BA69EACE14D0096E924CAA4B571ACD4285FA2C,1120
"source/upstream-07ecb7cf/Mage.Sets/src/mage/cards/b/BarrierOfBones.java",08201DF1A5366995ABF936ED4F93FE7546ED98EBD538A19DA682BEFF00FE7D69,1195
"source/upstream-07ecb7cf/Mage.Sets/src/mage/cards/b/BarrinMasterWizard.java",966D48A728F6F0718205C45AF772C57AA56C9872C68D6E86E2A6F58326DACF25,1567
"source/upstream-07ecb7cf/Mage.Sets/src/mage/cards/b/BarrinsCodex.java",CA85CF3E7CA3C64D458A026BC8058396F9D3A0ECF70B916219BE295E1604B477,1785
"source/upstream-07ecb7cf/Mage.Sets/src/mage/cards/b/BarrinsSpite.java",E737F0E0E2E3EAF84A9994E1D38BEA4576064B68FE15006EB32213CAA698E821,3432
"source/upstream-07ecb7cf/Mage.Sets/src/mage/cards/b/BarrinsUnmaking.java",7088480A0EC0B492BAB0A2E43384091F3745B8063DE9352AC706A1B059B51324,2426
"source/upstream-07ecb7cf/Mage.Sets/src/mage/cards/b/BarrinTolarianArchmage.java",D71F0DAA9FF3A67BA9A7B8465896F9DF22606B2065F7BF02551C64833510ECE5,3736
"source/upstream-07ecb7cf/Mage.Sets/src/mage/cards/b/BarroomBrawl.java",D6CFD627EB1309A4B19EE90B9D86FE380BEF72BC3A155770595E115EC4CEE53E,3487
"source/upstream-07ecb7cf/Mage.Sets/src/mage/cards/b/BarrowBlade.java",690DF404234611C274B40823FA57CD7F0CD03AA67FE2B7BBD573C9EFF232C5F8,1601
"source/upstream-07ecb7cf/Mage.Sets/src/mage/cards/b/BarrowGhoul.java",603394FD25F053013A41CA9780C11198034E4ED7A7C2B10CF98D637F98FB4D41,1185
"source/upstream-07ecb7cf/Mage.Sets/src/mage/cards/b/Barrowgoyf.java",83356CC6F50263050316EC2AED6675BD826326CA329972CFC42F0E12F55EC06A,2340
"source/upstream-07ecb7cf/Mage.Sets/src/mage/cards/b/BarrowinOfClanUndurr.java",5274AD6C06120DAB37E27C46B06AC18A40CCAE9DDF7A34AEA424F94E61FD6EEF,2948
"source/upstream-07ecb7cf/Mage.Sets/src/mage/cards/b/BarrowNaughty.java",8AE1D2314C12DB2AA00DF1B8FE76C2959D3DE6F9D94DBA20817FD1DBC9623FE6,2356
"source/upstream-07ecb7cf/Mage.Sets/src/mage/cards/b/BarrowWitches.java",024F0B6282B5030AD8F87AAAAB73F6ADAEB32614A3E948A2799CACBF097D5656,1510
"source/upstream-07ecb7cf/Mage.Sets/src/mage/cards/b/BartelRuneaxe.java",EEA8A6771679F8180E5AF91BA44FA998329AB70BFA4470C8B7A51D147E33D696,2654
"source/upstream-07ecb7cf/Mage.Sets/src/mage/cards/b/BarteredCow.java",E6D6C0B37A6B52FB79EAE546623E9C21053CC987492D334B5EE833A89B29ABDE,2032
"source/upstream-07ecb7cf/Mage.Sets/src/mage/cards/b/BarterInBlood.java",039D600937E83DF5AF71A68292812CE9104467B159D67A5ED16B62B88AA8B69E,796
"source/upstream-07ecb7cf/Mage.Sets/src/mage/cards/b/BarTheDoor.java",D1DF6AE51442E6836EAADBCE58A88D123383B5C23E6359F2962E2CE8AD9CEFF4,785
"source/upstream-07ecb7cf/Mage.Sets/src/mage/cards/b/BarTheGate.java",C59459C9536BDCCB1C4DC26CA568F14D8CD7728B89690DDE209BC2DE06521642,1450
"source/upstream-07ecb7cf/Mage.Sets/src/mage/cards/b/BartizanBats.java",C7180301AF94664ED026E84A4B238E34ACCF6F64C7DA263ECF4B3A13E9B6AD34,830
"source/upstream-07ecb7cf/Mage.Sets/src/mage/cards/b/BartolomeDelPresidio.java",02C0470F4D019ED0CD8A50D48E5563073126AE5B513A0C9077EA473D32DAF0F5,1478
"source/upstream-07ecb7cf/Mage.Sets/src/mage/cards/b/BartzAndBoko.java",100B42B7B3A9B98B531A1DA1E8EE9C7F7B0E5A766C221A840F99387E38290C9C,2733
"source/upstream-07ecb7cf/Mage.Sets/src/mage/cards/b/BaruFistOfKrosa.java",9F41F30DAFF0C214D65E951703A8C02FF2E20A783106AC056446DD04C625AE60,3606
"source/upstream-07ecb7cf/Mage.Sets/src/mage/cards/b/BaruWurmspeaker.java",E4F7FC28A4EFB01EBDC7357467C85914A868AA7CD0909FDA57C1C295C873CE86,3418
"source/upstream-07ecb7cf/Mage.Sets/src/mage/cards/b/BasalSliver.java",CE900095327A0F9A4E9887AFE0F607ACB7FF2A3D39E002F5605AEBFF1AE42A27,1634
"source/upstream-07ecb7cf/Mage.Sets/src/mage/cards/b/BasaltGargoyle.java",DF5FB6B67187B448E63AABED4D35CFF8E75EEFFE5172297E4AD12B54C5006A7A,1380
"source/upstream-07ecb7cf/Mage.Sets/src/mage/cards/b/BasaltGolem.java",E75B6724FE4065C485D8CFDC0B8BB26FFD984DCE1B6C66E1FF00C86AE25BE200,3313
"source/upstream-07ecb7cf/Mage.Sets/src/mage/cards/b/BasalThrull.java",1CA2AA0FE76C2869DE3417569C9219A6213436F4DA9CA73679D0835DD5B98FE7,1179
"source/upstream-07ecb7cf/Mage.Sets/src/mage/cards/b/BasaltMonolith.java",DF7237F035D1A4B4DF0812491B7BEFB8128DD47A7FA8B3FCFE08B446A733A5F4,1431
"source/upstream-07ecb7cf/Mage.Sets/src/mage/cards/b/BasaltRavager.java",F883FAF1A97CE6A059F206B627958F8B6B8A383B5AD006865243868C60EFE07F,1610
"source/upstream-07ecb7cf/Mage.Sets/src/mage/cards/b/BasandraBattleSeraph.java",8B32F534440C044121582804C46272060314F1D2EAA8EE069105EFC408DCFD71,2761
"source/upstream-07ecb7cf/Mage.Sets/src/mage/cards/b/BaseballBat.java",2854310D09A2C06291E3FBBEDB6E6BB5F73A6DFD8E5CE00A3928C9F582A4AF18,1630
"source/upstream-07ecb7cf/Mage.Sets/src/mage/cards/b/BaseCamp.java",BAF47C6590AFEBAD27A623DADEDE9D3E719DDAF9A8FFDF7976DF0FDF6D41C2A3,2593
"source/upstream-07ecb7cf/Mage.Sets/src/mage/cards/b/BashfulBeastie.java",ACDB59137AA6560C3E4DE946A416507D48CECE1DC117F4A724CBD7B530AEDACC,979
"source/upstream-07ecb7cf/Mage.Sets/src/mage/cards/b/BashToBits.java",FBA99C3FC6073DCD9EB824EF287C88B0F20C3DD08448C37292BB3954C756FEA9,1121
"source/upstream-07ecb7cf/Mage.Sets/src/mage/cards/b/BasicConjuration.java",BE48CCD03D174A724B0716F20702C3E89B52D053381644DA72C6F9C6E0EC73D5,1296
"source/upstream-07ecb7cf/Mage.Sets/src/mage/cards/b/BasilicaBellHaunt.java",E82026653A474129AD129CFF2AC712E1AF1F695BAECEF66A7DD090DF34C54CD7,1355
"source/upstream-07ecb7cf/Mage.Sets/src/mage/cards/b/BasilicaGuards.java",0FCDB99C34CD8E509201F451AF0B7DF6FA7AD70BCEB37F399A4EAF227EAC3F29,1087
"source/upstream-07ecb7cf/Mage.Sets/src/mage/cards/b/BasilicaScreecher.java",653E7A3D23BD80AB2913A2F82207C554695268090E81C84C227FA3408B1579B5,1080
"source/upstream-07ecb7cf/Mage.Sets/src/mage/cards/b/BasilicaShepherd.java",3EE0827258706561EC0C927FFC5E4EE7AFC166ED84D8B608E00E34224A31886C,1361
"source/upstream-07ecb7cf/Mage.Sets/src/mage/cards/b/BasilicaSkullbomb.java",A1FFBA634A0DA7B724E8A64A75508945B272468958199508EAD1830DA8EB2D57,2267
"source/upstream-07ecb7cf/Mage.Sets/src/mage/cards/b/BasilicaStalker.java",47992719DCE8E214C633305D93E6C4724D0BA5B30A619C3F35D5CE01A2A510E6,1616
"source/upstream-07ecb7cf/Mage.Sets/src/mage/cards/b/BasiliskCollar.java",DCFEF03630ECEE50C181366E4C51B4D51D7CA013D1D7E4AD37A5A6FFE4334622,1515
"source/upstream-07ecb7cf/Mage.Sets/src/mage/cards/b/BasiliskGate.java",779707507B729E9623762E1D8F293C1D079A984462276812D22608CDB6D9AA21,2072
"source/upstream-07ecb7cf/Mage.Sets/src/mage/cards/b/BasimIbnIshaq.java",A6841B284D49981A662BE184736F4100C7E20AB2649DC96BF99F9C41AFB3D52C,2228
"source/upstream-07ecb7cf/Mage.Sets/src/mage/cards/b/BaSingSe.java",4327B6F16E75EBA037FDDAA39ED0F250DAA82DD3D3A4549B44DF992BEB60FCCE,1678
"source/upstream-07ecb7cf/Mage.Sets/src/mage/cards/b/BaskingBroodscale.java",A7D5D69D36F9334DC032F4F84D7A7226CECD0D83E0C9338EFB281A85033C96B3,1541
"source/upstream-07ecb7cf/Mage.Sets/src/mage/cards/b/BaskingCapybara.java",A38D26E65BD50F3862D714C17A5821437495A4462B8671C927AD969F0CBA83FB,1526
"source/upstream-07ecb7cf/Mage.Sets/src/mage/cards/b/BaskingRootwalla.java",8E7E1825AE633459CC38844952F4F75E710A56D3DC61731D2E01F133243E9BED,1421
"source/upstream-07ecb7cf/Mage.Sets/src/mage/cards/b/BasriDevotedPaladin.java",3CA44106E39F8D82EEB7E88DD528CD89789A4840B0039BFBA8B71D93B53F3D50,4300
"source/upstream-07ecb7cf/Mage.Sets/src/mage/cards/b/BasriKet.java",DC73A5E6EDB1408346FA590D1C8421BF14855D5BAF323986F820D229A5046B66,4197
"source/upstream-07ecb7cf/Mage.Sets/src/mage/cards/b/BasrisAcolyte.java",F93EF4657EA99CEB9CE69C2E0C131321066563C0BF650E77D3FC30C644044A7D,1699
"source/upstream-07ecb7cf/Mage.Sets/src/mage/cards/b/BasrisAegis.java",29EF615BC6D8CE4646EBE862FDA061231395AFA13242BF557CF0A944C50ACD94,1662
"source/upstream-07ecb7cf/Mage.Sets/src/mage/cards/b/BasrisLieutenant.java",D05EBA47890B1EB887AD5C03A286721DB1805719C228715E9C3E485EE685A7F2,3104
"source/upstream-07ecb7cf/Mage.Sets/src/mage/cards/b/BasrisSolidarity.java",E1439F1783E35A72E889ED348B7A01859CA936D9A655914064368141B605F0EF,931
"source/upstream-07ecb7cf/Mage.Sets/src/mage/cards/b/BasriTomorrowsChampion.java",DBC1B8871480C5E9401731050FBEDDBDDE6C7103CFA62D14B4E1796476FECDE7,2663
"source/upstream-07ecb7cf/Mage.Sets/src/mage/cards/b/BassaraTowerArcher.java",41E9092D28614838853F60DE0681AF041F68CBDEB05192D9ACA973C6491F1EA8,1000
"source/upstream-07ecb7cf/Mage.Sets/src/mage/cards/b/BastionEnforcer.java",791F83379117E216A277662378058B2D322D96AEF7F0B821C31C14EB4F146999,754
"source/upstream-07ecb7cf/Mage.Sets/src/mage/cards/b/BastionInventor.java",E1163D8A54BC710B3B70D7BD94F363A99032139B4FF3FA0A4733B23D895B2E09,1002
"source/upstream-07ecb7cf/Mage.Sets/src/mage/cards/b/BastionMastodon.java",22E3BA78D982B36B805322A776B94B1A1A523C35A8C274062F3495B96C6EBE87,1322
"source/upstream-07ecb7cf/Mage.Sets/src/mage/cards/b/BastionOfRemembrance.java",A1323C43B533C573DA12C1B7EFC84D5B37CA8C7FC52550479E6131592F7B2DD0,1610
"source/upstream-07ecb7cf/Mage.Sets/src/mage/cards/b/BastionProtector.java",57177D1A8438D7F0F7A02BCB19224541B7100EB9B4DABC7BAEBA2D48494743D5,1872
"source/upstream-07ecb7cf/Mage.Sets/src/mage/cards/b/BastPantherGoddess.java",5276CE124324303E292DB4E817AC74C5ACEBFF635A8C2F0A7AFB88EC91B31682,2766
"source/upstream-07ecb7cf/Mage.Sets/src/mage/cards/b/BatColony.java",3C1EFCDF129163654ACE6E65489267C5F4310F6155E58AED288C72D21DF3B71B,5627
"source/upstream-07ecb7cf/Mage.Sets/src/mage/cards/b/BatheInBacta.java",40E8B468AC2AB21112904E37D3BC3BA1733665A58CE404004657425A4F299E61,1334
"source/upstream-07ecb7cf/Mage.Sets/src/mage/cards/b/BatheInDragonfire.java",17336571DD7EFC1649E7C2CF65A9C830CF76FE709F54DC5A79FCB38606A98222,886
"source/upstream-07ecb7cf/Mage.Sets/src/mage/cards/b/BatheInLight.java",C3A4F0D5B3747CD88557A2601872DFB118AA0C54BB44A404F6CC48076B9B0FF0,5456
"source/upstream-07ecb7cf/Mage.Sets/src/mage/cards/b/Batleth.java",92584107A1AFA9105464927AE9878A449BB47503DB4A148C98804C5094E61D4F,1515
"source/upstream-07ecb7cf/Mage.Sets/src/mage/cards/b/BatonOfCourage.java",5FCA4F7739AB561FBCC38A6BC6E5D3E35C7F410BECFDB14C77252073827B681E,1505
"source/upstream-07ecb7cf/Mage.Sets/src/mage/cards/b/BatonOfMorale.java",CE6E921D021DDE6AE2DE087C27928123A5C3A65AEFB2CEE62C5BE6B23BD6542D,1218
"source/upstream-07ecb7cf/Mage.Sets/src/mage/cards/b/BattalionFootSoldier.java",F0A41FCC3022C4257691DF4F756CFD0DE2822F6AED8A5A561CE847C74B325B8F,1661
"source/upstream-07ecb7cf/Mage.Sets/src/mage/cards/b/Batterbone.java",22FF3CE044092F1BC93681959B4045C7C909FC4702AF223173978E264B221DC4,1960
"source/upstream-07ecb7cf/Mage.Sets/src/mage/cards/b/BatteredGolem.java",140610E4D4B10DE97CAC66B3EE53B9A4ED66557E5417C54B2196C7034F8F670F,1477
"source/upstream-07ecb7cf/Mage.Sets/src/mage/cards/b/Batterhorn.java",09506525D8A183DE4E40CD43E7FBC0245BD7197BA2F05EE77BC443F847D9E2BE,1179
"source/upstream-07ecb7cf/Mage.Sets/src/mage/cards/b/BatteringCraghorn.java",C2C6E6C79F449CC7CCD965A1A7AAE496E73AD592DD12AA6EDF2ACBAFE46B8A30,1093
"source/upstream-07ecb7cf/Mage.Sets/src/mage/cards/b/BatteringKrasis.java",3FCFD33FC7A357BD1D21F01A7CF6907FB955354C0A30484FBE6A7B8C9A13EBB6,1123
"source/upstream-07ecb7cf/Mage.Sets/src/mage/cards/b/BatteringRam.java",23E032CF1818A6AC107156700CC5391A1BFB83E5FA8F4D2313CBF4CC7CC2A2A2,2124
"source/upstream-07ecb7cf/Mage.Sets/src/mage/cards/b/BatteringSliver.java",4E7E49717E86EE01AB284FCF58CC6C68278F6C439A80D287CFC82DB1C775C71B,1386
"source/upstream-07ecb7cf/Mage.Sets/src/mage/cards/b/BatteringWurm.java",DE433378A98A3221CDB354992EFC04BD23AD5B2494669A6E2FF3F7A5A9B0C3F9,1165
"source/upstream-07ecb7cf/Mage.Sets/src/mage/cards/b/BattershieldWarrior.java",BDD45B04371A4DD9EADA6E3B96FA2B066610820B57F3C965397F0225435027AE,1157
"source/upstream-07ecb7cf/Mage.Sets/src/mage/cards/b/Batterskull.java",6769CA9247D5F12802F91D67EAC46163CD04A017DAE33C98E319B0A34B74713B,2025
"source/upstream-07ecb7cf/Mage.Sets/src/mage/cards/b/BatteryBearer.java",5145B350A975CEF200489539E0682FDEC4515AD6BCA52884F57492310850615D,2220
"source/upstream-07ecb7cf/Mage.Sets/src/mage/cards/b/BattleAngelsOfTyr.java",EDB1F2A3C01F3149307A3334F7AECBA0708B270134CE9043720829CA9DE77ED2,4583
"source/upstream-07ecb7cf/Mage.Sets/src/mage/cards/b/BattleAtTheBridge.java",FF3C76C5938C53A59734AE0AF03946FC6B278C073CACFBEA1B9332CAA6A0F1B9,1621
"source/upstream-07ecb7cf/Mage.Sets/src/mage/cards/b/BattleAtTheHelvault.java",6A217A289A60CA541E88F9F1368D344E5F595268E0804684A7910A6C1DC32046,2680
"source/upstream-07ecb7cf/Mage.Sets/src/mage/cards/b/BattleBrawler.java",CD715B83BAAFFA381B9D8C538770597BFB579DF0E11D812A016339945E9C6077,2350
"source/upstream-07ecb7cf/Mage.Sets/src/mage/cards/b/BattleCry.java",404384B98BDD3098FF2B8C9024CA88593F0CE81D37EFE4060701B415DB0FD80F,2532
"source/upstream-07ecb7cf/Mage.Sets/src/mage/cards/b/BattleCryGoblin.java",64A2D92B704E4F95852D8EE6931247622D1E054FB42CB250F2DF7A4DA367DF23,2284
"source/upstream-07ecb7cf/Mage.Sets/src/mage/cards/b/BattlefieldButcher.java",132BF5569E63EFF56840393A4AA5897B225A3B754EF0F77F56834CDDD0472534,2463
"source/upstream-07ecb7cf/Mage.Sets/src/mage/cards/b/BattlefieldForge.java",0CCB2FF89B6C9375169EA4106341F20AE9B04B215160F45B10D560A5BC802783,1162
"source/upstream-07ecb7cf/Mage.Sets/src/mage/cards/b/BattlefieldImprovisation.java",AE0B296C786CD7268C6D3CFB16FBC2EEC6AFF0499BD38EFCE298D4934362E9F0,2999
"source/upstream-07ecb7cf/Mage.Sets/src/mage/cards/b/BattlefieldMedic.java",654A7B830FE037158FFE6203F224C49B379449F4169345C4B28AE12816B3F858,2166
"source/upstream-07ecb7cf/Mage.Sets/src/mage/cards/b/BattlefieldPercher.java",595E9B5007CC443CEF971296E625C64813CA6174834468A12F7203023D8F8F20,1490
"source/upstream-07ecb7cf/Mage.Sets/src/mage/cards/b/BattlefieldPromotion.java",3E9ED4A717D72380C0D7F46286BDA24800A8BAFEA5FB89C5E4D3BE5DB9AF7D1A,1528
"source/upstream-07ecb7cf/Mage.Sets/src/mage/cards/b/BattlefieldRaptor.java",8F6AE803E839B1A028868CCF006DEB642C4FFD7C4E912D4AD92E351209AE0B77,990
"source/upstream-07ecb7cf/Mage.Sets/src/mage/cards/b/BattlefieldScavenger.java",172E5CA843FDD1424D60F673E5CEF8924E462D381F000C60F1429C729C16528A,1246
"source/upstream-07ecb7cf/Mage.Sets/src/mage/cards/b/BattlefieldScrounger.java",EC425929ACD140710745A3A24554DFA12AB52FC63A3F970A0463E017E4E67A33,3185
"source/upstream-07ecb7cf/Mage.Sets/src/mage/cards/b/BattlefieldThaumaturge.java",8CF4777D5462FC7F2244A44CB17AFC899394B83DFE8C97FED5DA50AC1C084726,5296
"source/upstream-07ecb7cf/Mage.Sets/src/mage/cards/b/BattleflightEagle.java",92C9E85DB12FD2D705275262E6C8E8431348A340F2EC39BE6AE473C7009C8EF6,1722
"source/upstream-07ecb7cf/Mage.Sets/src/mage/cards/b/BattleflySwarm.java",EDD4914E22AF751463CBF69A712E6A7A0971DFBA1EBD8CDDF8D74E513E2D5D35,1376
"source/upstream-07ecb7cf/Mage.Sets/src/mage/cards/b/BattleForBretagard.java",21CC271B9D6FDD66D0BEC5BD8544CB3EDF2AE5B656159930E1AD406827F5893C,5656
"source/upstream-07ecb7cf/Mage.Sets/src/mage/cards/b/BattleFrenzy.java",8B5B25B83E3B8FA83B9ADEF6142CB2354DB58A56730B3D6627C2B7B064D38405,1553
"source/upstream-07ecb7cf/Mage.Sets/src/mage/cards/b/BattlefrontKrushok.java",5CB11033DA6C4577210B3F4081EC8FC191D54B2DC87BEEB7418F6BEAD134BE49,1554
"source/upstream-07ecb7cf/Mage.Sets/src/mage/cards/b/BattlegateMimic.java",7125F588FDFB754FDF76B36749651D70CF82298D0789602704F95DE0D0443D5B,2016
"source/upstream-07ecb7cf/Mage.Sets/src/mage/cards/b/BattlegraceAngel.java",5BF4129028851221FD130C7C47F700A2157C96EB2AB7BC3C2AFBF13F38579507,1611
"source/upstream-07ecb7cf/Mage.Sets/src/mage/cards/b/BattlegroundGeist.java",D1585452094FFE3652EA285025E09CED0A7F60B97F474DCBB7D5EF6824621199,1433
"source/upstream-07ecb7cf/Mage.Sets/src/mage/cards/b/Battlegrowth.java",76AC79E96736DD8482B8461E1C417A20D34EB609062C33760EC58E73550F3D3C,917
"source/upstream-07ecb7cf/Mage.Sets/src/mage/cards/b/BattleHurda.java",89842ACF383E26CD04AF8DE10AFBFE9AEFE699B4C46D005404B540E5CA5044F4,813
"source/upstream-07ecb7cf/Mage.Sets/src/mage/cards/b/BattleHymn.java",54B2DE37C5B0002583E1D6AAC42AEA472CDC47FE018CD5230FCEA23F081A6C96,831
"source/upstream-07ecb7cf/Mage.Sets/src/mage/cards/b/BattleMadRonin.java",BA43617EC7BA442496D14273E83F0644F5BE9E9B3AC1207EFC31D55FCE9BF729,1106
"source/upstream-07ecb7cf/Mage.Sets/src/mage/cards/b/BattlemagesBracers.java",8555575495F30939DFE7B45D794E804A43DEE79B066AFE528BBCBA7CCA5823DB,2460
"source/upstream-07ecb7cf/Mage.Sets/src/mage/cards/b/BattleMammoth.java",B17B7D1B3236E47FC937C6EC8648F08E785585F78C2C75742F6C37399C83E9FB,1573
"source/upstream-07ecb7cf/Mage.Sets/src/mage/cards/b/BattleMastery.java",2D32FAC6D5AAF42B0BBBBCE24391B95886AB753CFCA276453F5233F9D4334590,1400
"source/upstream-07ecb7cf/Mage.Sets/src/mage/cards/b/BattleMenu.java",B314FF41196F56B8CE3CBFE965B7E8297F63A30BAD61230A95DFE96AD57A9F9D,2181
"source/upstream-07ecb7cf/Mage.Sets/src/mage/cards/b/BattleOfFrostAndFire.java",C2E2C3A381CB86014B311798A304552772BAD6BE660172E2457FAD66E7F0808B,3484
"source/upstream-07ecb7cf/Mage.Sets/src/mage/cards/b/BattleOfHooverDam.java",8C1EE45D8704CDBFF61621BDBF5A34F8E4C57C48A48ECE589E6B00B888031C91,3027
"source/upstream-07ecb7cf/Mage.Sets/src/mage/cards/b/BattleOfWits.java",1B0A53BC8A5FD17F2B0572AD3F3092172B791D36D737EB39A104E3243ACCA190,1683
"source/upstream-07ecb7cf/Mage.Sets/src/mage/cards/b/BattlePlan.java",946D8C7BE227C7DE4C9DFAD9BB4313735C641DE10F456E209306112B9D07D248,1314
"source/upstream-07ecb7cf/Mage.Sets/src/mage/cards/b/BattleRageBlessing.java",8934BD9BE9286A5DEDA3AF519C91C6D544DCC9BF034213E763794DAF4CFC2AEA,1295
"source/upstream-07ecb7cf/Mage.Sets/src/mage/cards/b/BattleRampart.java",09E9F9962B1E1FECD2EF2E22FB03CF3F9C75786F1235B4D9E6934BDD1FB79590,1524
"source/upstream-07ecb7cf/Mage.Sets/src/mage/cards/b/BattleRattleShaman.java",BFC2E62F741A10D5E20722EC1465A536F04721FB513B2FA92997C1772D53E89D,1357
"source/upstream-07ecb7cf/Mage.Sets/src/mage/cards/b/BattleScarredGoblin.java",AF285DA160B1B05119738AF71B9FC83A95162C2A8D8A359D1F30875353F5CBD8,1516
"source/upstream-07ecb7cf/Mage.Sets/src/mage/cards/b/BattleScarredSurvivalist.java",C61A4325892672903E2C2B0EC128A3732175571F6B086DE661D557070351566A,1419
"source/upstream-07ecb7cf/Mage.Sets/src/mage/cards/b/BattleScreech.java",BB7FEB6F12ACAB1A02DDB5EA8DEEA0C18A4E53810E2B8DB922818E16D60AD380,1604
"source/upstream-07ecb7cf/Mage.Sets/src/mage/cards/b/BattleSliver.java",67009849BA2DF4E65F33507A706E3F18EA8720A42B40E406E1AC95C1CB974ACD,1150
"source/upstream-07ecb7cf/Mage.Sets/src/mage/cards/b/BattlesongBerserker.java",88EA97E834C07EF22E58B84F2FB1F2B381DC8EC6A5A9B70547FE6D90FD40C2DC,1665
"source/upstream-07ecb7cf/Mage.Sets/src/mage/cards/b/BattleSquadron.java",FE25B3BFF707243AFF99FFC6402CB46EEE7C9EF867B4C1ABE7AF71D851548BFF,1429
"source/upstream-07ecb7cf/Mage.Sets/src/mage/cards/b/BattleStrain.java",675059EE5C92D14534884A36E1E300E31DA15EDD357B0BF43B3331EC23075DB4,2036
"source/upstream-07ecb7cf/Mage.Sets/src/mage/cards/b/BattleTactics.java",ADEBEF80F764ACFE1EEF2C4F48B77CA699ED2BAC0781064EB422DE433697B6D5,1369
"source/upstream-07ecb7cf/Mage.Sets/src/mage/cards/b/BattletideAlchemist.java",C0022D0E4DCB17BAC2A2EA99A3F65A0136C6BC16E2C6A02B63A41A31B81F73FD,2864
"source/upstream-07ecb7cf/Mage.Sets/src/mage/cards/b/BattlewandOak.java",B6E17744B93DD753BB62C0FB8150C58C9C802A9BF5FFAFD5549D7F68981CDBB2,1838
"source/upstream-07ecb7cf/Mage.Sets/src/mage/cards/b/BattlewingMystic.java",6D30353FABD23E1A1B3A29B90128C3B5AB04FA00170A521F483C0E701B5E8687,1686
"source/upstream-07ecb7cf/Mage.Sets/src/mage/cards/b/BattlewiseAven.java",D3A5FECFF2424ED5AA65504E35967A91FF2910F4A295928B01074DD39563D9F4,2035
"source/upstream-07ecb7cf/Mage.Sets/src/mage/cards/b/BattlewiseHoplite.java",56EC63D69A1B5016D35ABFA65DE6CEEF328DBCC1FE05FF7FA0EE619B2005987F,1338
"source/upstream-07ecb7cf/Mage.Sets/src/mage/cards/b/BattlewiseValor.java",19F232AEE8FF739C25E8EA1605F91E5200DF09CCF192748BBA12314794F7899A,1046
"source/upstream-07ecb7cf/Mage.Sets/src/mage/cards/b/BatWhisperer.java",79F45A3ED16143FCAC8EC1C8E5BBAE4028FFE0696331C437CD96B4178051E3A8,1358
"source/upstream-07ecb7cf/Mage.Sets/src/mage/cards/b/BatwingBrume.java",E3A81DA5A4B93CC1F4F02A1CE1A75F152A7FA457D7A06A1828E502734140B56A,3219
"source/upstream-07ecb7cf/Mage.Sets/src/mage/cards/b/BaxterBuilding.java",7544EB45BA1F54419D88A9F45DE7287788B5FDC626F8EC0C1406929DCB0F5E19,2600
"source/upstream-07ecb7cf/Mage.Sets/src/mage/cards/b/BaxterFlyInTheOintment.java",A092DE590718BCE09763B13100E8ED50226FA850D0F34431CBF080D3F34A9C5B,2261
"source/upstream-07ecb7cf/Mage.Sets/src/mage/cards/b/BaxterStockman.java",BF48076FE1735B3F4163BF6275125A8409AC08A40A11E1B7253B24A6B54E9AA5,2594
"source/upstream-07ecb7cf/Mage.Sets/src/mage/cards/b/BayekOfSiwa.java",10F81D608C1F9B39AF6EE6949A8E0AF5630A9DE1162624D80FC260E4C706C406,2238
"source/upstream-07ecb7cf/Mage.Sets/src/mage/cards/b/BayFalcon.java",0E5AE5997808A815349B248735BB4161A98C76515B07C92212EE7DC49EB9A3B4,933
"source/upstream-07ecb7cf/Mage.Sets/src/mage/cards/b/BaylenTheHaymaker.java",0178A954B417293B822FC6C35C324DD89923953A4DBF2057CCC01A2B5F06222D,2831
"source/upstream-07ecb7cf/Mage.Sets/src/mage/cards/b/Bayou.java",356AD0510FE54FE69DC65B95061F919EE6A0AFB40800791A0A3EA37E3CDAA28D,762
"source/upstream-07ecb7cf/Mage.Sets/src/mage/cards/b/BayouDragonfly.java",7357C71DE0485FD54FB2CA6515667D3CE43E86BD1CFE7F9D9BCF147928E465CC,918
"source/upstream-07ecb7cf/Mage.Sets/src/mage/cards/b/BayouGroff.java",2A5030A42450CE9E6E56FC1D7D6BCBE2A360D5CCFD5C411E949C955822B83159,1258
"source/upstream-07ecb7cf/Mage.Sets/src/mage/cards/b/BazaarKrovod.java",BC5CC23DB5324448735C6AB979FDCC7DB84FC3F9A100EBD8CDA2C44A588C2E69,1698
"source/upstream-07ecb7cf/Mage.Sets/src/mage/cards/b/BazaarOfBaghdad.java",808B5309F1ED37C5A7514DDF5DD390C2AB8B7760F1EE77B6C3EC77B69A8FDB1E,917
"source/upstream-07ecb7cf/Mage.Sets/src/mage/cards/b/BazaarOfWonders.java",3BECC6FD550FD6ABD62D45FB7036FE6DA87EF15FC3ADCD47D554505B4CFDCFBB,3485
"source/upstream-07ecb7cf/Mage.Sets/src/mage/cards/b/BazaarTrademage.java",0E3CF0EEE8C8E60723D1D60C0F8F4D0D8EFA15C7E7A1BB8A554CEF73CA89B646,1223
"source/upstream-07ecb7cf/Mage.Sets/src/mage/cards/b/BazaarTrader.java",26D0DB6B49B909E270B59FAF9D8CFA24BA62C58B4B245E4B6DFF3D4590FC5916,1843
"source/upstream-07ecb7cf/Mage.Sets/src/mage/cards/b/BeaconBehemoth.java",6AA53B9E2E60CDE6A10498BF5B01AEB197522BB18FF8FDE8CFAF38CDB650D431,1609
"source/upstream-07ecb7cf/Mage.Sets/src/mage/cards/b/BeaconBolt.java",D67441FDC892335EEEF685E722FF3EE987328FEA12034DF05D395413EB37887E,1674
"source/upstream-07ecb7cf/Mage.Sets/src/mage/cards/b/BeaconHawk.java",328630D8E285ECD69261777AB75A3D294F4EC7C2F492C51C17725419984EA76E,1477
"source/upstream-07ecb7cf/Mage.Sets/src/mage/cards/b/BeaconOfCreation.java",25F953A21CA20E80560D8FC1CADF4EBA93D7CB88388D88E4B710CC7AAFCCB22F,1408
"source/upstream-07ecb7cf/Mage.Sets/src/mage/cards/b/BeaconOfDestiny.java",9B58A5DC1DEA08FFD14B3F758B10D871C75235C1AF0A5FCCC616760389B40E31,3352
"source/upstream-07ecb7cf/Mage.Sets/src/mage/cards/b/BeaconOfDestruction.java",0AB4D3CA26D9035ED0F94111CAFC5E4D2583F5951A9B2D507C4E86E27D8EBBB9,947
"source/upstream-07ecb7cf/Mage.Sets/src/mage/cards/b/BeaconOfImmortality.java",4FB1EB91FDF26982F2AF930D6EA96426AD2C838EBE4B2EBCE5D17467623FC93E,2087
"source/upstream-07ecb7cf/Mage.Sets/src/mage/cards/b/BeaconOfTomorrows.java",0EF13E28C88BD369179E49C519B6FFC4F29603A69ECC1FC4223428CFE19CF2B2,1859
"source/upstream-07ecb7cf/Mage.Sets/src/mage/cards/b/BeaconOfUnrest.java",D1B8BD03EDDEE3B43637DBB68A6A7597FD7D4D1BADC0014A78328B779532B26A,1538
"source/upstream-07ecb7cf/Mage.Sets/src/mage/cards/b/BeamingDefiance.java",04B0500950E889B86112A5550718AFF02AC42B6EEA39FA565010EC5A0467D3C7,1372
"source/upstream-07ecb7cf/Mage.Sets/src/mage/cards/b/BeamsawProspector.java",FB53A7260755634034C733E5EC95E3742EAD55A55DF21FE2929392CC05A64692,1105
"source/upstream-07ecb7cf/Mage.Sets/src/mage/cards/b/BeamsplitterMage.java",4A75BA5A72665737F5A340A2BDFFD2CB586D0DCBD1E6FC69D79066C8FDC09493,7178
"source/upstream-07ecb7cf/Mage.Sets/src/mage/cards/b/BeamtownBeatstick.java",0FD193CF371B954C545DDEBAA74409C8ACA2CEBEAEEE085520992F08473A0EFE,3427
"source/upstream-07ecb7cf/Mage.Sets/src/mage/cards/b/BeanstalkGiant.java",8710CDDFDCA7F09D07C837E05AED5BA384731AA8ACFE130C2C0683ECC5FCABEB,1942
"source/upstream-07ecb7cf/Mage.Sets/src/mage/cards/b/BeanstalkWurm.java",1380B6A84E387A5AE700923E35707457C96F6165FDBC16321110C8A6DDB80A61,1301
"source/upstream-07ecb7cf/Mage.Sets/src/mage/cards/b/BearCub.java",C6DE067254922413DAC0752652BB91769E8538B1BF46EF5078E676EFBA641DF4,679
"source/upstream-07ecb7cf/Mage.Sets/src/mage/cards/b/BeardedAxe.java",CE89A13CCF21173195B630B8C804A20B5A9479F52DB18F9D241F61EC763B4EFC,2207
"source/upstream-07ecb7cf/Mage.Sets/src/mage/cards/b/BearerOfGlory.java",12ABA20CA5BE6D355274FE71BF954385F6D4296CF31D80D1B4609067A0D3447F,1840
"source/upstream-07ecb7cf/Mage.Sets/src/mage/cards/b/BearerOfMemory.java",A6E69DE4BD0EA8FB469A7BD3B97A71817D1FC168E660F6F1338162F44860584B,1976
"source/upstream-07ecb7cf/Mage.Sets/src/mage/cards/b/BearerOfSilence.java",BE00B3EDAEE1502C53169E9233BAC1A73E29B57A840A1E1884AE9C25782025EC,1825
"source/upstream-07ecb7cf/Mage.Sets/src/mage/cards/b/BearerOfTheHeavens.java",97D4E4A9B6E945D11CE745A07F6F5EBDEF4A024BB5D066FBD5CD89A06AC04AC0,1643
"source/upstream-07ecb7cf/Mage.Sets/src/mage/cards/b/Bearscape.java",FD0D557B15DFE3BE6F34F3FA6EC9C1595392C276B3CB7E95B71EB10D6BB40E17,1316
"source/upstream-07ecb7cf/Mage.Sets/src/mage/cards/b/BearsCompanion.java",DEE2A4AD9F5AEF64A7A1F724C94BA14A3B43AA12EC151123B2D62CD8A44D6167,1142
"source/upstream-07ecb7cf/Mage.Sets/src/mage/cards/b/BearTrap.java",72BF891E0B8ABE5E4C887FA05FD22F3CAE206C3B55BF268203870014B724620A,1384
"source/upstream-07ecb7cf/Mage.Sets/src/mage/cards/b/BearUmbra.java",76297A4FEE7AABCA3894116BFC1F832E33A394940D78AC7DB2143E41BE08B2D6,2110
"source/upstream-07ecb7cf/Mage.Sets/src/mage/cards/b/BeastAttack.java",393DED0EC7812BFE36FB414001296E38F1ADDD4BFEA6FDC948E3E7F7CD228842,997
"source/upstream-07ecb7cf/Mage.Sets/src/mage/cards/b/BeastbondOutcaster.java",5087F852EEC74020E48D5B8A7283DDFFA8A96D67228C3F4688E4B232A07F2E1C,1473
"source/upstream-07ecb7cf/Mage.Sets/src/mage/cards/b/BeastbreakerOfBalaGed.java",2322413B6ED62539CA60780819B78E4FC9FE0B4424F9E65856C00B497F823886,1830
"source/upstream-07ecb7cf/Mage.Sets/src/mage/cards/b/BeastcallerSavant.java",A45FF21A9962B6F1D61DE52A59E8F2CE03C9763A2F19F7BB1200FE3E7488EC7C,1272
"source/upstream-07ecb7cf/Mage.Sets/src/mage/cards/b/BeastEruditeAerialist.java",60C6D46FA8988628C76802F6542E4932A6425CB997BAC02FBA29FD642B767A49,3973
"source/upstream-07ecb7cf/Mage.Sets/src/mage/cards/b/BeastHunt.java",53252870D27DAC4BB6CE6126CEF4425B79161F3DCDE266979E5A14359D919E64,786
"source/upstream-07ecb7cf/Mage.Sets/src/mage/cards/b/BeastieBeatdown.java",76C90A12728267BD6E223F4B41484939AB7939A02E8AD38ECD9833C23FC627D7,2507
"source/upstream-07ecb7cf/Mage.Sets/src/mage/cards/b/BeastInShow.java",9680D89C345FB810C9DECF5C8A062D3114D3DA8599E5FBAF34C6CAC5701E9646,823
"source/upstream-07ecb7cf/Mage.Sets/src/mage/cards/b/BeastKinRanger.java",023C5251E6E212D13461B54194B9A7B3710A99CFB2CF653FE3D9965A11E4CF5E,1396
"source/upstream-07ecb7cf/Mage.Sets/src/mage/cards/b/BeastmasterAscension.java",E97F1AAC48F24F2D2BF3E499015F60FADD7BCADF1CD93C203792B63925007C68,2112
"source/upstream-07ecb7cf/Mage.Sets/src/mage/cards/b/BeastmastersMagemark.java",7D811609C2C816C605D98EE5B43D9AE86BB1074072656C3E98712F785803B753,2749
"source/upstream-07ecb7cf/Mage.Sets/src/mage/cards/b/BeastOfBurden.java",16E352444E5A29DA532B6FA5AAE95269A6057292B2BAD067960B8E6ACF0FD55F,1330
"source/upstream-07ecb7cf/Mage.Sets/src/mage/cards/b/BeastriderVanguard.java",091B4463C1E22A95BB1500E20DE0F4C21E0AF9EF96DCB5B2654574BF395CA402,1458
"source/upstream-07ecb7cf/Mage.Sets/src/mage/cards/b/BeastsOfBogardan.java",1A159798568A7BAA70C389FD98E4485372A87ACF4D46C52CFF4BE8E641573825,2034
"source/upstream-07ecb7cf/Mage.Sets/src/mage/cards/b/BeastWalkers.java",FE3C2EDA72131774104AB0B837665E7A37A42AC2BB47DF7ACA42EC806CF19AA1,1299
"source/upstream-07ecb7cf/Mage.Sets/src/mage/cards/b/BeastWhisperer.java",B92389B93D2C709892B07D45DE7FA4FC78B3B31B04E63A4CBA458FC5B0A2DED1,1191
"source/upstream-07ecb7cf/Mage.Sets/src/mage/cards/b/BeastWithin.java",95989A9A5321235DCF99B8E4AD69F4E2D701A0D3F01B8E286CDF9539237C8D06,1073
"source/upstream-07ecb7cf/Mage.Sets/src/mage/cards/b/BeatrixLoyalGeneral.java",97164D62DF24D6982AAB08226C32FA708FF8B7E2A57091FF6461C2D2047307C2,2969
"source/upstream-07ecb7cf/Mage.Sets/src/mage/cards/b/BebopAndRocksteady.java",90EE8963071FF45B4DF2911DA8621B258A39CDACE0719086FAC0619BAA563850,1526
"source/upstream-07ecb7cf/Mage.Sets/src/mage/cards/b/BebopSkullAndCrossbones.java",ADAB935FBD29E3FBF04AF8EBB8C3E1F8E993E80D98F0EC8CF9A18E9A5849CA84,2919
"source/upstream-07ecb7cf/Mage.Sets/src/mage/cards/b/BebopWarthogWarrior.java",8E08341CADB2F98E99AD58974A82EEFF99E3D0222F22F67011EE7F70AB1ACA7B,1740
"source/upstream-07ecb7cf/Mage.Sets/src/mage/cards/b/BeckCall.java",B0E5DB7594B29F59C59292E13D19D904A97642544F239E47E70637E68873E30E,2481
"source/upstream-07ecb7cf/Mage.Sets/src/mage/cards/b/BeckettMarinerImpetuousEnsign.java",288F9C857637F1BD8F315EFF4C0D599B8D0D262E9B8BA911C34AFAA2B6EE0819,2555
"source/upstream-07ecb7cf/Mage.Sets/src/mage/cards/b/BeckonApparition.java",3BD2E92937FD88263B1936841E19E329E31C1F35C69DA2603272C01F9F907BC1,1122
"source/upstream-07ecb7cf/Mage.Sets/src/mage/cards/b/BeckoningWillOWisp.java",1EEC69ACE14DA7886FB4EDE5B59981F958A77756A71F3F2B8E78A0ADA1AD73E6,3972
"source/upstream-07ecb7cf/Mage.Sets/src/mage/cards/b/BecomeAnonymous.java",DA7ECF9D99B22F715EC173BA6DB7759A0E6FE164F3A2503A72AC7648B7766110,2997
"source/upstream-07ecb7cf/Mage.Sets/src/mage/cards/b/BecomeBrutes.java",9065DCB93A5C3CD483C0E4B909CEF401B6AD39410133E84968187BD9A2772371,1418
"source/upstream-07ecb7cf/Mage.Sets/src/mage/cards/b/BecomeImmense.java",AFAADE63F2D6251DABD37D15433C4EFA05DC6D4A9C31DEC1D9E6547DE5593C0F,1110
"source/upstream-07ecb7cf/Mage.Sets/src/mage/cards/b/BecomeTheAvalanche.java",E02488A0A95B2AAC5FDBF08FC466855C9698D0694410F797395EF966BD87C7C4,2243
"source/upstream-07ecb7cf/Mage.Sets/src/mage/cards/b/BecomeThePilot.java",7E364864789519564A8F367D90DCBB5DB2749EA6017D6650CA3B51458FB17695,3757
"source/upstream-07ecb7cf/Mage.Sets/src/mage/cards/b/BedeckBedazzle.java",A878E26FC504687983A8E63ECFDA5340E16AEE775F1746513898E17701A5DCFF,2749
"source/upstream-07ecb7cf/Mage.Sets/src/mage/cards/b/Bedevil.java",91765F1FAF0FCE99252DE54DD4E371F39DAFF758C1A17379603E9E278FFE7D97,1217
"source/upstream-07ecb7cf/Mage.Sets/src/mage/cards/b/BedheadBeastie.java",B1F57DEBB38FABB4FFB6E1564AE52BC0C584787AD8ECE9D14E44DEF1DC66EFF5,1052
"source/upstream-07ecb7cf/Mage.Sets/src/mage/cards/b/Bedlam.java",B3BB64F26EBAED681E17A5996A8DBA46F1FEB2C4CB62599DE0CA486D23B016AD,900
"source/upstream-07ecb7cf/Mage.Sets/src/mage/cards/b/BedlamReveler.java",364516ED331DF51A7B223225450E3978B41D84BB6AEDB90A1B35CA0553DF7012,2318
"source/upstream-07ecb7cf/Mage.Sets/src/mage/cards/b/BedrockTortoise.java",05265956D44003480837C809FA31B45499E018E0EBE175DEF9C889840441D0B8,2246
"source/upstream-07ecb7cf/Mage.Sets/src/mage/cards/b/BeeSting.java",2C7E966BE159498EE4B44CCE14CDFD549985862B86839DD31CD1D3A081138D32,806
"source/upstream-07ecb7cf/Mage.Sets/src/mage/cards/b/BeetlebackChief.java",F9731D66C234F8DED6AABF7BD9DA4FF1EBEE5261586EA3C87A529D384F0EC8E7,1126
"source/upstream-07ecb7cf/Mage.Sets/src/mage/cards/b/BeetleformMage.java",692D44B86ADD19DEF97A170BD67254FBEBA150880B012E0D05590E9C7C919AF7,1657
"source/upstream-07ecb7cf/Mage.Sets/src/mage/cards/b/BeetleHeadedMerchants.java",4154670830DD663D0C356A24F73060CFD525D86AF891A86C3FB377BE44685EB3,1664
"source/upstream-07ecb7cf/Mage.Sets/src/mage/cards/b/BeetleLegacyCriminal.java",AC5DCE94080AB9517101A83DFE4F88BE959F59AB7825FC503ED0BFA615F96086,2162
"source/upstream-07ecb7cf/Mage.Sets/src/mage/cards/b/Befoul.java",D5115E01C2CF85341CF0ECFB6A4EECF7501A98C6AFBDD3103D9D2F3C0FDA7F43,1335
"source/upstream-07ecb7cf/Mage.Sets/src/mage/cards/b/BefriendingTheMoths.java",8313AA373F6CBF94364F630C2D8B8CCD0CD30249336660C3CE231B55E72A3DA0,2503
"source/upstream-07ecb7cf/Mage.Sets/src/mage/cards/b/Befuddle.java",2B9A0D666FDBF89EF4F05827301C8BB6A8D8803E37540828989921ABE5741E0F,1084
"source/upstream-07ecb7cf/Mage.Sets/src/mage/cards/b/BeginTheInvasion.java",84CB27712B567109069D42C0B06D801CB2D47D236582F17952C0F8E43067D21E,2076
"source/upstream-07ecb7cf/Mage.Sets/src/mage/cards/b/BeguilerOfWills.java",A6ECCCC71C451698757067B8889ED72FB79B8BA68CF55DB5243368B567DC3A2A,2524
"source/upstream-07ecb7cf/Mage.Sets/src/mage/cards/b/BehemothOfVault0.java",B836D35A51F7E4C7FDE78E80ADD8E305EAB151472502C0D49B2E69544D420DC1,4228
"source/upstream-07ecb7cf/Mage.Sets/src/mage/cards/b/BehemothsHerald.java",92DF266CE6F5B9AF91670C6BFF846FFEBC2A92B42F08544E726C88CB59CB5AE5,1958
"source/upstream-07ecb7cf/Mage.Sets/src/mage/cards/b/BehemothSledge.java",5E34B005EED47410F61A0F74323B1B3D575F0A17DD371060F8AC29452F91BE83,1601
"source/upstream-07ecb7cf/Mage.Sets/src/mage/cards/b/BehindTheMask.java",B23E3FCBCEB34296264E6853DD745EC1A2825F55A6D6C8C2FDF68505140833D0,2179
"source/upstream-07ecb7cf/Mage.Sets/src/mage/cards/b/BehindTheScenes.java",7F8D9B68E57171B7E7DA7DCB9D478AE70FCA00CADC97210FFB93D8B502F39652,1521
"source/upstream-07ecb7cf/Mage.Sets/src/mage/cards/b/BeholdTheBeyond.java",22942561EE396CB30907C4C9ACB6D3E8B4C9DB11056C87F05353392926DE1036,1257
"source/upstream-07ecb7cf/Mage.Sets/src/mage/cards/b/BeholdTheMultiverse.java",CC26A1DF2676EC6189C7A7CCAA7A9DC0406863470110F00F183C5DA4E250F91B,1046
"source/upstream-07ecb7cf/Mage.Sets/src/mage/cards/b/BeholdTheSinisterSix.java",789D8220C2FE30BD97A89F0DB648B0FA6F613F18EB9BB7B229FC97F8D26EB605,2981
"source/upstream-07ecb7cf/Mage.Sets/src/mage/cards/b/BeholdTheUnspeakable.java",74821B9DB30F2318B66277594C8DCD0C90566E956C646D696924219E01BFD06A,3559
"source/upstream-07ecb7cf/Mage.Sets/src/mage/cards/b/BeifongsBountyHunters.java",9E91C8125C9D20FBF1ABA63A09937B100B932FE628D5DF28891BAD04ADBFA063,2576
"source/upstream-07ecb7cf/Mage.Sets/src/mage/cards/b/BejeweledWarg.java",E207163A947037487B69BCEC41B45469A6172B82AA1ABCF3E827D3FFDF4D550E,1905
"source/upstream-07ecb7cf/Mage.Sets/src/mage/cards/b/BelakorTheDarkMaster.java",378A894D19B57E06051A1AFE525AD75B2E523D438CEDB02795A3A98E0796C429,4460
"source/upstream-07ecb7cf/Mage.Sets/src/mage/cards/b/BelbeCorruptedObserver.java",DE033499A3283B68E14D35FCF2AF02B2CDEA0B7DAD1D467A2EA5DFD932C46EFE,4219
"source/upstream-07ecb7cf/Mage.Sets/src/mage/cards/b/BelbesArmor.java",F3544C51F9600FF9621AAF18D594FCD37A77141F74A5338C7E21998EC785AB20,1464
"source/upstream-07ecb7cf/Mage.Sets/src/mage/cards/b/BelbesPercher.java",4BD43A817393DE730FB2DAFE21B2DEA6188ED2BBAC9E70E68DD243968F8AE0E6,1011
"source/upstream-07ecb7cf/Mage.Sets/src/mage/cards/b/BelbesPortal.java",A159D834BD126C7C5B17A55D8C50B66AF5A0346970A9DEAFD8F043287A2F2CED,1774
"source/upstream-07ecb7cf/Mage.Sets/src/mage/cards/b/BeledrosWitherbloom.java",7C635F36ABED35A65AD0CF5583A3D44987C39E7408D2A719DF4823BC0CA81348,2056
"source/upstream-07ecb7cf/Mage.Sets/src/mage/cards/b/BelfrySpirit.java",991EAE25E5FC8B4024B8ACCB9674BDBF2B0668E5DBB2AC03DD35C901122F31D9,1289
"source/upstream-07ecb7cf/Mage.Sets/src/mage/cards/b/BelisariusCawl.java",459A6EE164A56F11E215F061214F2C39ADB210FE2E2DB958852CBAE78D5508A0,2811
"source/upstream-07ecb7cf/Mage.Sets/src/mage/cards/b/BelladonnaTook.java",A699AC9E11E589BBE77BFD9FFBD2D6980FA184FE2308645C057E963C910C88D7,2752
"source/upstream-07ecb7cf/Mage.Sets/src/mage/cards/b/BellBorcaSpectralSergeant.java",24ABAEAB8331BB697B61796266B0D458DF92482BB94F81D0FC39921B7AD7455B,5057
"source/upstream-07ecb7cf/Mage.Sets/src/mage/cards/b/BelleOfTheBrawl.java",0B6ECC52B1C8EEE436B0B0C092CBCDFE3E5BDD96967E1C30FF7E3E3FE845938E,1475
"source/upstream-07ecb7cf/Mage.Sets/src/mage/cards/b/BelligerentBrontodon.java",958CE082AB634BD880A1B1BD84ABEC33F487454D7FC2F496968F123BDD29BC31,1111
"source/upstream-07ecb7cf/Mage.Sets/src/mage/cards/b/BelligerentGuest.java",9BADB3A523712AD524FA188D145243B066EF9AEDB3D791663237AC31EA5EB2F4,1274
"source/upstream-07ecb7cf/Mage.Sets/src/mage/cards/b/BelligerentHatchling.java",F9D85BB46443EEF459D5F1BBD0F87D27A7AC7A0A72A991B0CB9F18E4431E9A60,2273
"source/upstream-07ecb7cf/Mage.Sets/src/mage/cards/b/BelligerentOfTheBall.java",71D370F429D118EAA5C1FD17E097BFD92A082670DAA4223270056F8828F6814B,2148
"source/upstream-07ecb7cf/Mage.Sets/src/mage/cards/b/BelligerentSliver.java",3C9AC0BDEAF786C7EA9F2BAF532125B07FEFDA3989D787D4C2B0A833E2935EA0,1664
"source/upstream-07ecb7cf/Mage.Sets/src/mage/cards/b/BelligerentWhiptail.java",0169EE45F6FC7F84B630395A8B7C09CBB1CDC364F96083FC565BB9B6D233FDB6,1219
"source/upstream-07ecb7cf/Mage.Sets/src/mage/cards/b/BelligerentYearling.java",7EF19BE970F66C79C90EB24137EC5A25EE45F2DD20E05D9E9BF8FC2BEA7822C4,2904
"source/upstream-07ecb7cf/Mage.Sets/src/mage/cards/b/BelloBardOfTheBrambles.java",3B7C289D5F660DAD4C35F163B07BC3246E6BEB37A5516097660D55240971AF0E,5850
"source/upstream-07ecb7cf/Mage.Sets/src/mage/cards/b/BellowingAegisaur.java",E62446E1DA8986DF87768F62514E593CB05B1F901C700A54DFED519CF008A938,1322
"source/upstream-07ecb7cf/Mage.Sets/src/mage/cards/b/BellowingBruiser.java",2497F2D14D5BAF7E20F8701084045A45F65BC41D67814DF5427FEB745DFE13EC,1385
"source/upstream-07ecb7cf/Mage.Sets/src/mage/cards/b/BellowingCrier.java",A9863A5B6FD1BCDC009FAE69F36EFB191D3A966BDAEB401443638C5CCB327732,1074
"source/upstream-07ecb7cf/Mage.Sets/src/mage/cards/b/BellowingElk.java",1C3FB377D0B3C66608BD54B7E4049943FA92795A58A129583A19A947F37037B7,3566
"source/upstream-07ecb7cf/Mage.Sets/src/mage/cards/b/BellowingFiend.java",83FF0FA16CAF4E34CB56F79DCD156CACB7DCB3E443A4635FE8A9AC719025C784,2436
"source/upstream-07ecb7cf/Mage.Sets/src/mage/cards/b/BellowingMauler.java",CF743E2D8226411664DC2816F9BC0A5B22701134140AB5F80443735D3DB326BC,2831
"source/upstream-07ecb7cf/Mage.Sets/src/mage/cards/b/BellowingSaddlebrute.java",056225CB6261B4592D1BFFBF6BC4705253EE473698B2C1BFC4A12254443CCED8,1789
"source/upstream-07ecb7cf/Mage.Sets/src/mage/cards/b/BellowingTanglewurm.java",4C1DB7B47EE841AFDF25C363C4AEC64BBBB95AF1752E40371D4556119AC76AC8,1547
"source/upstream-07ecb7cf/Mage.Sets/src/mage/cards/b/BellowsLizard.java",2377976A29DAC51D5D47FE47A50B76906B4C781EC439BCE572EF70E4ED9C46E8,1142
"source/upstream-07ecb7cf/Mage.Sets/src/mage/cards/b/BelltollDragon.java",064D7F6B895FDBBB90FB25572658550FD3A979E881AA9E976AAFF6CDECA62173,1991
"source/upstream-07ecb7cf/Mage.Sets/src/mage/cards/b/BelltowerSphinx.java",ED650AA076CEB4EE35DB594BC37DEEF407DFC8EA8ED386E79BC653042AA7766E,1381
"source/upstream-07ecb7cf/Mage.Sets/src/mage/cards/b/Belonging.java",64FDF9A086FC80E73B96DD8787D1EDC54DD816F4D0A76F3C4ECF75FA343B67AF,1362
"source/upstream-07ecb7cf/Mage.Sets/src/mage/cards/b/BelovedBeggar.java",E1214E607705DD156CB3DDC72831A7CFDD524E60A1190E5A07D1ABAED4F5BC4D,1509
"source/upstream-07ecb7cf/Mage.Sets/src/mage/cards/b/BelovedChaplain.java",1A78E770670D300254622DC2DEAD88868095C0E6C860F65E6F2B996663DC835A,1085
"source/upstream-07ecb7cf/Mage.Sets/src/mage/cards/b/BelovedPrincess.java",E2C774FA9369E9E352A7BCB1DE9F9BD7D3E79826DFA68BF058BC10779C265C68,1666
"source/upstream-07ecb7cf/Mage.Sets/src/mage/cards/b/BeltOfGiantStrength.java",8A6FB1478530D39F86C6CA7616BEC0EA88243EBD38ACB86B6EEB941D8F18BAF2,2634
"source/upstream-07ecb7cf/Mage.Sets/src/mage/cards/b/BelunaGrandsquall.java",CD4078205D2B10779BD96759D5BC34D44DD17FA4EE5D4E7508500AA60995E518,3097
"source/upstream-07ecb7cf/Mage.Sets/src/mage/cards/b/BelunasGatekeeper.java",03C9284A7CCE76B03DF7BD4867D9B505955E90293ABAE680D76304EC2111F2A1,1826
"source/upstream-07ecb7cf/Mage.Sets/src/mage/cards/b/BenalishCavalry.java",FDAD43F05E535CB0EB44ED58C909E977F9E62114237BF6F76FAC01150B23196E,860
"source/upstream-07ecb7cf/Mage.Sets/src/mage/cards/b/BenalishCommander.java",E2B0EC8B0BFC5F6B53AF3D68824E689053B8F389FFF5C6E644FB3F64E5B675DE,2222
"source/upstream-07ecb7cf/Mage.Sets/src/mage/cards/b/BenalishEmissary.java",6861A295BCDEF9BC21C0E4E2766BE65503C5C2B8FCAC1951AF1F01C1EB68A8C5,1448
"source/upstream-07ecb7cf/Mage.Sets/src/mage/cards/b/BenalishFaithbonder.java",7DC68D0A71A3261941708AC678EAB589DC5E133451855D8DE96800CB977832B8,1033
"source/upstream-07ecb7cf/Mage.Sets/src/mage/cards/b/BenalishHeralds.java",9D835F365505540B8870456AE47387F9FD7F907BF57A7D231A678B5889E78FB0,1265
"source/upstream-07ecb7cf/Mage.Sets/src/mage/cards/b/BenalishHero.java",7D00BC33B322776CCAA993362A0A9D263EE729CEE4CD2601C5154B22E1D83CFD,870
"source/upstream-07ecb7cf/Mage.Sets/src/mage/cards/b/BenalishHonorGuard.java",B56924E6317A6FF5B61EBED7F8FE71FC034814CA055196F2A4AA8DF17EEAB681,1754
"source/upstream-07ecb7cf/Mage.Sets/src/mage/cards/b/BenalishInfantry.java",8ED4E06F56113FD351AC76EC367DBA08F937B281FE4C5E64BD506913F007FFB5,897
"source/upstream-07ecb7cf/Mage.Sets/src/mage/cards/b/BenalishKnight.java",8DC9399986EBF4B0870A91F99E5490D9B0B17EAEE108E445B662B59C8C503F4F,943
"source/upstream-07ecb7cf/Mage.Sets/src/mage/cards/b/BenalishLancer.java",6A264AD7BB5352C1639ECC41CC94B7A4E97146291F454B15264937A27CF66183,1793
"source/upstream-07ecb7cf/Mage.Sets/src/mage/cards/b/BenalishMarshal.java",FD81EF035418D7BAD3C6BD5611DCEC4F3D1A1259B588718137C75FDCC46D4DB3,1101
"source/upstream-07ecb7cf/Mage.Sets/src/mage/cards/b/BenalishMissionary.java",8FC3F03A0EE8E956C9ABAE5B46D15C70C744922C7FC3A7F6CBB1DBE3AB9F4FCC,1827
"source/upstream-07ecb7cf/Mage.Sets/src/mage/cards/b/BenalishSleeper.java",A84A3622D1D1F74AD940742D398312BA714A65E2C1480FE167ECECE5F23B1028,1428
"source/upstream-07ecb7cf/Mage.Sets/src/mage/cards/b/BenalishTrapper.java",1A4998287F4FC40F9EACE9CF44E568FB9F98FF5DDC394267014C1AE32CB74A81,1402
"source/upstream-07ecb7cf/Mage.Sets/src/mage/cards/b/BenalishVeteran.java",1EA81240EBD50919ACF1C6064CDEF61347E57EAB5FB9B087C6228C2A6E558D80,1004
"source/upstream-07ecb7cf/Mage.Sets/src/mage/cards/b/BenBenAkkiHermit.java",35E33604DC3FB036945273A5C0D726D48392C557921B349128EA41B72C45A267,1746
"source/upstream-07ecb7cf/Mage.Sets/src/mage/cards/b/BendersWaterskin.java",9C40BD883728386423C3F5926C7733540B25111C01314C1A8A65B1F9AF7CDE7F,1030
"source/upstream-07ecb7cf/Mage.Sets/src/mage/cards/b/BendOrBreak.java",17FBCE2569890834CDABA9559F4757495139E8E1B1B17F3BCA2054885B96AD7F,8396
"source/upstream-07ecb7cf/Mage.Sets/src/mage/cards/b/BeneathTheSands.java",1D98F32B46CF3B09072D73A1F5A93ADFAE4A46C5219A661E676AEC81965AC24F,1170
"source/upstream-07ecb7cf/Mage.Sets/src/mage/cards/b/BenedictionOfMoons.java",CAC01ED568696A07E3CC79BBB113919671D4C2875A3B67157C9C2DE037D3C3F2,1643
"source/upstream-07ecb7cf/Mage.Sets/src/mage/cards/b/BenefactionOfRhonas.java",F2A1D83E098D5F19851250174C9CBD5B3E28E390B30213AE650C97EB6A0A2F69,2509
"source/upstream-07ecb7cf/Mage.Sets/src/mage/cards/b/BenefactorsDraught.java",BAE8A25A54EC39C56EAD86A81FFD42D940E6AA976F1080649418DFDFCA432CBB,2602
"source/upstream-07ecb7cf/Mage.Sets/src/mage/cards/b/BenevolentAncestor.java",593BB48BC24FCE2FE0B773E1F49FF7F3DD1845F6403D04B4ED003A1C4C24C399,1454
"source/upstream-07ecb7cf/Mage.Sets/src/mage/cards/b/BenevolentBlessing.java",D20C9216BBD5E82FABF8FD2AC56F769B290D77091EC7FFC958B03A7FBB4DB790,2309
"source/upstream-07ecb7cf/Mage.Sets/src/mage/cards/b/BenevolentBodyguard.java",F7685234C5F33580AB361C750567D39F359244DBF7AC5E9113C831D037DFD899,1495
"source/upstream-07ecb7cf/Mage.Sets/src/mage/cards/b/BenevolentHydra.java",8F0E2B849A19BB9497E55385C2D0310BB789CEA2BC29D1737C2F75921286D7F3,2441
"source/upstream-07ecb7cf/Mage.Sets/src/mage/cards/b/BenevolentOffering.java",F8F4CEC2247659AD83C38DD1367DB77F24E490B5670B82C3763BCF65050014CC,4164
"source/upstream-07ecb7cf/Mage.Sets/src/mage/cards/b/BenevolentRiverSpirit.java",141B7C12CF646B1CB45D540AF7585313DFD7ECCC4CAD15993DF74576CDECA379,1802
"source/upstream-07ecb7cf/Mage.Sets/src/mage/cards/b/BenevolentUnicorn.java",2A3F08C75BD411AE56E6313EE128FD5F90D10DAE05F81A169C2F7CEFB6AFADF0,2666
"source/upstream-07ecb7cf/Mage.Sets/src/mage/cards/b/BenjaminSiskoBesieged.java",105673CA2901B97014B2C704F1AE8D7F196032CC949F55CF9C7F2459C84C0986,1751
"source/upstream-07ecb7cf/Mage.Sets/src/mage/cards/b/BennieBracksZoologist.java",8F68897BED944B93D36C9973CA75F765F5A21CD60637B7CAB3150FC7552CDCA4,1569
"source/upstream-07ecb7cf/Mage.Sets/src/mage/cards/b/BenSolo.java",3250F32C50B4F1C77378C8571B8B214BD75D4CBF0C56F1D9374397AE2DD87CA5,1544
"source/upstream-07ecb7cf/Mage.Sets/src/mage/cards/b/BenthicAnomaly.java",56258BDDB91D1A94A890F6867C6995BDA7AB7B839776557D1D08E712A7FB418F,5288
"source/upstream-07ecb7cf/Mage.Sets/src/mage/cards/b/BenthicBehemoth.java",D74B1CA141118312D936BE17304C1A4B721A7704C633014E4739AEE279F46F27,834
"source/upstream-07ecb7cf/Mage.Sets/src/mage/cards/b/BenthicBiomancer.java",D58C9AA4286442A9C4C4E7AB66CDFFC87A495C520628E4B864CBA19AF0894872,1534
"source/upstream-07ecb7cf/Mage.Sets/src/mage/cards/b/BenthicCriminologists.java",258F34DE8C0E83CEE8CBB50A5929A8D1A7113974B969C0244FE665C3F7B07E84,1491
"source/upstream-07ecb7cf/Mage.Sets/src/mage/cards/b/BenthicDjinn.java",76F88CA83E29797E8F2C9029043C085B3291DD0C0F5B1965D1F79760D5B137ED,1136
"source/upstream-07ecb7cf/Mage.Sets/src/mage/cards/b/BenthicExplorers.java",75B1ED352E1353994A960BFAE8A4524F1FF2AAC9CE5B042C2EC892FA26D8BE97,5731
"source/upstream-07ecb7cf/Mage.Sets/src/mage/cards/b/BenthicGiant.java",ADB8F915903A1077DA059A6E379878E8D0D22C6174C6320A0B41FD402E2A3860,834
"source/upstream-07ecb7cf/Mage.Sets/src/mage/cards/b/BenthicInfiltrator.java",D184AD8393EB0248F8B644228B168B82341DBCF2BF57A0325B3E9384C53BD948,1161
"source/upstream-07ecb7cf/Mage.Sets/src/mage/cards/b/Benthicore.java",F53D589B0CC7BF5800FF180708EC3C5D013F00361CA1D8C818035C934D464C34,2313
"source/upstream-07ecb7cf/Mage.Sets/src/mage/cards/b/BeornReluctantHost.java",5CBBB3FE97356D0884A43722DC5F2718E0DC270604D847F51AB7D222E94193FC,1456
"source/upstream-07ecb7cf/Mage.Sets/src/mage/cards/b/BeornsHospitality.java",BFBB9BF3783AA362E8387DC381CAB8D6803FF9E44FEA2E339E46709D89BAEB5D,2687
"source/upstream-07ecb7cf/Mage.Sets/src/mage/cards/b/BeornTheFierce.java",CA1B5117BA5719AA31D7948D6BF972EEFFFD2B8E61EF6617826C2C5F0B51E55E,3164
"source/upstream-07ecb7cf/Mage.Sets/src/mage/cards/b/Bequeathal.java",8B4A9C84E5B09248F117EF0D9D83CD066EFBC3FF7B7C52041FCBBCD6EC50FADA,1483
"source/upstream-07ecb7cf/Mage.Sets/src/mage/cards/b/BereavedSurvivor.java",C05EC9ADB1527891AEAB29487F7A3DD0F03303268DCA3CE4612FD1E218395139,2518
"source/upstream-07ecb7cf/Mage.Sets/src/mage/cards/b/Bereavement.java",D23E997241C9963CB69DB6D87F58EC1D12CA745A4094106704A8DC972B1773F8,2505
"source/upstream-07ecb7cf/Mage.Sets/src/mage/cards/b/BeregondOfTheGuard.java",E71ED23511AD9882EE0FD25D500960FC940110ECE0359B5E31506B0D1A90F782,2064
"source/upstream-07ecb7cf/Mage.Sets/src/mage/cards/b/BergStrider.java",DBFEC1A5FD5E6753E9345A1CA37F4244372FC2F5B0DC3AFD3151B20C1326CF59,2801
"source/upstream-07ecb7cf/Mage.Sets/src/mage/cards/b/Berserk.java",C2EED9756DE373154CA84CA9AC674184A58F6B2EE61E56BAE8C61DEF8F38108A,6228
"source/upstream-07ecb7cf/Mage.Sets/src/mage/cards/b/BerserkersFrenzy.java",2656E40692EF82209793AF82BC426652F99EE25C975D634BDA364C6269AF3515,3855
"source/upstream-07ecb7cf/Mage.Sets/src/mage/cards/b/BerserkersOfBloodRidge.java",003012D9DDC2F7E83957FC1047FD0DB3067771B45A54CAF923EF682272D844DC,938
"source/upstream-07ecb7cf/Mage.Sets/src/mage/cards/b/BerserkersOnslaught.java",34B098FF36DA3E89A630E3BFAB7C6AD6F5F8A8264CC5B6A0E5AAD399CEA22D18,1089
"source/upstream-07ecb7cf/Mage.Sets/src/mage/cards/b/BerserkMurlodont.java",F24EE0C1D784A22B32DD4A021DB9D231CDD897251BFB684044E08B0B5ECCF965,1505
"source/upstream-07ecb7cf/Mage.Sets/src/mage/cards/b/BertaWiseExtrapolator.java",DE38572575E0F19F9CFF3DF94670DE07D82898DB680C2E582E98335370FC5B34,1987
"source/upstream-07ecb7cf/Mage.Sets/src/mage/cards/b/BeseechTheMirror.java",5F755C5D31F151A36365355FCC40AD2A45EDAE7E292C004F1ECA43572B9EF1D4,3966
"source/upstream-07ecb7cf/Mage.Sets/src/mage/cards/b/BeseechTheQueen.java",E443C5525BB9469BB766610D62332A1D6BCCCD8F8DD900A7567CD6935ABA0FF5,1448
"source/upstream-07ecb7cf/Mage.Sets/src/mage/cards/b/BeskirShieldmate.java",451BFA038731260D0C66BFCF3F4F1008776FD1AF0EEEA4E68D94606C1909C4E6,1139
"source/upstream-07ecb7cf/Mage.Sets/src/mage/cards/b/Besmirch.java",E1084364F93CF4BFB8174732FB2D8970AB540AFD88512855675771D52BF3A1AC,1780
"source/upstream-07ecb7cf/Mage.Sets/src/mage/cards/b/BesottedKnight.java",0C406C2316696E82F2D9784DB9ED2D495596DE5D38013BF6F03A4A4182A2092F,1350
"source/upstream-07ecb7cf/Mage.Sets/src/mage/cards/b/BespokeBattlegarb.java",66DF863E49706CB641FDC9C95721C03F9A704389A05B4A95CAA29B99DC489F3D,2219
"source/upstream-07ecb7cf/Mage.Sets/src/mage/cards/b/BespokeBattlewagon.java",4F8EE0C06537CF665FA5896A1F7D68D3E1BBDE29A8FD04CFDA2D63CC5896D710,2419
"source/upstream-07ecb7cf/Mage.Sets/src/mage/cards/b/BespokeBo.java",B07D4021DFC748644931A915F70521849FF2028023A83164D5FF6D0820FD8487,2157
"source/upstream-07ecb7cf/Mage.Sets/src/mage/cards/b/BessieTheDoctorsRoadster.java",5E1A6FB7CB0EE32D9B0B8B52F5FB084BF4DDBE78DEDC16473B154DD38FABAE19,1961
"source/upstream-07ecb7cf/Mage.Sets/src/mage/cards/b/BessSoulNourisher.java",4D3985C48E03144C3F5494412FF126AE915DD6F615D94D61800C02BD63777FDA,2819
"source/upstream-07ecb7cf/Mage.Sets/src/mage/cards/b/BestialBloodline.java",8D622372C297A8A088EF5AAF94479474109C8CAAB33D47A1817BF5827E9D5CEA,1845
"source/upstream-07ecb7cf/Mage.Sets/src/mage/cards/b/BestialFury.java",A2BEC53F77D2D413AC0277076E3C11AAB8D47A977F6E49FE0F10B9AEC661847E,2805
"source/upstream-07ecb7cf/Mage.Sets/src/mage/cards/b/BestialMenace.java",59FB621705D204C26F5371EDA544B14B81143F6172F9F5107B99FDBE919BAB08,1030
"source/upstream-07ecb7cf/Mage.Sets/src/mage/cards/b/BestowGreatness.java",5F86FC1D5843DC1FCE111A242AC13296CE96257EFB561D3D70BE8D89241534DB,1324
"source/upstream-07ecb7cf/Mage.Sets/src/mage/cards/b/BetorAncestorsVoice.java",573A27922CD599B2AF19864F80360B68E6043B38DEDE328D3A03AE8B7A78BE0F,4140
"source/upstream-07ecb7cf/Mage.Sets/src/mage/cards/b/BetorKinToAll.java",FD32137022E24537E272AA11D90DEE75729B575134D10A73444ADEB307E4FC02,4995
"source/upstream-07ecb7cf/Mage.Sets/src/mage/cards/b/Betray.java",84895B50AAB2458CAF001799F28F6C4A12A0970B75B7BCBB38AEE9C502E9D8B0,1845
"source/upstream-07ecb7cf/Mage.Sets/src/mage/cards/b/Betrayal.java",5CF30BC171576DB308FFE4088CB791FF9AD1B1A6779D4F1D89A6E1E71024FBB0,1658
"source/upstream-07ecb7cf/Mage.Sets/src/mage/cards/b/BetrayalAtTheVault.java",F94E225C1CCE69143BFD2DA6F324EC381CF9CE771711C7C6F5E67E47FDED93E7,2694
"source/upstream-07ecb7cf/Mage.Sets/src/mage/cards/b/BetrayalOfFlesh.java",F296772806EF5A932703D9CB6FCC7BD4866020334BE8F38EC6FE6256F90855CB,1748
"source/upstream-07ecb7cf/Mage.Sets/src/mage/cards/b/BetrayersBargain.java",35B09E6D17937BA2118576419342383E0CBA39AE1E5F45597DBEF0C471350072,1597
"source/upstream-07ecb7cf/Mage.Sets/src/mage/cards/b/BetrothedOfFire.java",6917EF59DBDAEE5AEFFCD9A3FB19DF2973C9E478AC1FE8C137250415E2387C29,2501
"source/upstream-07ecb7cf/Mage.Sets/src/mage/cards/b/Bewilder.java",CE56423DBBCC5CC690DE3FC894C40DD3BFAF24CEE13B79B62C98AE73BE031AED,1075
"source/upstream-07ecb7cf/Mage.Sets/src/mage/cards/b/BewilderingBlizzard.java",DF51221138F8E1E8C81B6A0AE67926B62A738C0C275488C692658E535CF06A0D,1146
"source/upstream-07ecb7cf/Mage.Sets/src/mage/cards/b/BewitchingLeechcraft.java",105FFBDA16A5A06AF0641F8910F4CBE42D9C7F5EAC8BF28C5360805533983AAC,3903
"source/upstream-07ecb7cf/Mage.Sets/src/mage/cards/b/BeyeenVeil.java",F997BAEFF4BA037622F8597573E9A1444725CB5A59FB60C17A50BAF42A8BA375,1443
"source/upstream-07ecb7cf/Mage.Sets/src/mage/cards/b/BeyondTheQuiet.java",25372DE65B3FA4B23F5FF10F1AB802EF13E5CB009727774BC06560D9DCB793E8,1099
"source/upstream-07ecb7cf/Mage.Sets/src/mage/cards/b/BezaTheBoundingSpring.java",2F1C03265D9F8B31FA07244F23BC2F599C7B06264C4F386D64D60DC6C19A1CF2,3616
"source/upstream-07ecb7cf/Mage.Sets/src/mage/cards/b/BhaalLordOfMurder.java",7A5CA4614727B70C95C5D84CE83A1D2062944298E8B19644BB4A469DD625C89F,3232
"source/upstream-07ecb7cf/Mage.Sets/src/mage/cards/b/BhaalsInvoker.java",4F391673A97DF4D7D3200556DE97D156FE7ECD92183FC9E30EC59834F2282887,1236
"source/upstream-07ecb7cf/Mage.Sets/src/mage/cards/b/BibFortuna.java",49B9A871DE61C90C8B73EE3B7A988875A7DDA46EA1D6E9BEF96FDE6A8A259BA7,1743
"source/upstream-07ecb7cf/Mage.Sets/src/mage/cards/b/BiblioplexAssistant.java",658BC05EF5B944A769FE93D4D90DB884E88BFF8AD2B2363EDA3EF92735D78F88,1686
"source/upstream-07ecb7cf/Mage.Sets/src/mage/cards/b/BiblioplexKraken.java",E94D977CEF58AC443F49BC89B78A080FA457283D07183199F5892D2A19807B9E,1838
"source/upstream-07ecb7cf/Mage.Sets/src/mage/cards/b/BiblioplexTomekeeper.java",F13854618B30394D1B09B67198F35598DED4261663088AFC45627D11D22698BF,1528
"source/upstream-07ecb7cf/Mage.Sets/src/mage/cards/b/BidentOfThassa.java",7BF575CBFEB6E6D64D910285A70F21EBFFB381ECEFC7CE0CF76F0FECF0B12E31,1871
"source/upstream-07ecb7cf/Mage.Sets/src/mage/cards/b/Bifurcate.java",54321A048E8EB28795881B0A22931D9B7EAECB2DB10BE96AF394EBE97A92B5D6,2450
"source/upstream-07ecb7cf/Mage.Sets/src/mage/cards/b/BigApple3AM.java",EC3A49264E91A3F54B965334892F7E49BABB849952C656C1DA415A7F302DE718,1784
"source/upstream-07ecb7cf/Mage.Sets/src/mage/cards/b/BigBertha.java",5EC454CA2F3D38974C7CC501B20EF9D8428758A6BF5D237AE8C6FE407F1D693A,1964
"source/upstream-07ecb7cf/Mage.Sets/src/mage/cards/b/BigfinBouncer.java",A16F202B47CD02F9A071223EE915FD01CC402F6AAAFC470A7D039C7CB3C3FCD0,1280
"source/upstream-07ecb7cf/Mage.Sets/src/mage/cards/b/BigGameHunter.java",AD5E6A3760BF8B991ADCB736181B491C1FA0F697177881DA51188B88E6C3C698,1855
"source/upstream-07ecb7cf/Mage.Sets/src/mage/cards/b/BiggerOnTheInside.java",66EB470118EEEE11B2E98078CF66521F121D34D7764736D6F6620C0EB53CF1B2,3854
"source/upstream-07ecb7cf/Mage.Sets/src/mage/cards/b/BighornerRancher.java",C6B1B5C9FEB8FF287D7AB323FDC574C59D2AC6D7746B722A545F163F98D00D8C,2225
"source/upstream-07ecb7cf/Mage.Sets/src/mage/cards/b/BigMotherMouser.java",DBE636D674205BC1F09542524D44EFDEAED97C287C9EB119259138D856DB201A,2100
"source/upstream-07ecb7cf/Mage.Sets/src/mage/cards/b/BigPlay.java",8B4950481A3982CD4688E25D5C0642A02F4A70152481B5F040EAC6A0E0DBACD8,1548
"source/upstream-07ecb7cf/Mage.Sets/src/mage/cards/b/BigScore.java",EA8C618878DA3451613AC741B4360E0DA973C5FD725D90C5DF3C4EB1B6922487,1120
"source/upstream-07ecb7cf/Mage.Sets/src/mage/cards/b/BigWheel.java",2AC98206EDBE721F041E9AD366FAFD5D427FFB792798759C968CB6668A4F7FDE,1403
"source/upstream-07ecb7cf/Mage.Sets/src/mage/cards/b/BilboBagginsBurglar.java",040A0F1E43F32974BE58A92F463CB7C8FB3AF88DF46C3C95E57D545B4CBCE081,1438
"source/upstream-07ecb7cf/Mage.Sets/src/mage/cards/b/BilboBirthdayCelebrant.java",5EA2FEBCE4768EA25838157D433FC8E8B8493BF997DAED7488DC6019F19A12D7,2615
"source/upstream-07ecb7cf/Mage.Sets/src/mage/cards/b/BilboFellowConspirator.java",92861CC708477516730F7F161B8CD1283B15DBD4B11567C49F51D41EC3A6BA9B,3366
"source/upstream-07ecb7cf/Mage.Sets/src/mage/cards/b/BilboLuckwearer.java",03E6C1D23B79918FBF82B2D5F9A445232733DF91D3FE316229AA4C8CC1BAE820,4178
"source/upstream-07ecb7cf/Mage.Sets/src/mage/cards/b/BilboRetiredBurglar.java",6466F44BE0AD457FA97361D41B934C046F75187E3A0077B42798504BBD592A47,1619
"source/upstream-07ecb7cf/Mage.Sets/src/mage/cards/b/BilbosBurglaring.java",7E75F88A7C2303C4F2CA37065E76E1AB4D6EA027195105004B7F554805CCFE2C,1361
"source/upstream-07ecb7cf/Mage.Sets/src/mage/cards/b/BilbosDeadlySlice.java",C96E05C6381B8C931127AC8CC7AF65211EAB44EB27E31D5E2AD904C16B7F3CDA,857
"source/upstream-07ecb7cf/Mage.Sets/src/mage/cards/b/BilbosGambit.java",4DFBC18A56D083E62611404527CF58D7C7480A4031F98C8389285E318A24A291,2748
"source/upstream-07ecb7cf/Mage.Sets/src/mage/cards/b/BilbosRing.java",20EAC2C9A63BE2FA3A180CB3B8DD7B59BEFDFBCFBBACFFAF30A912273A451C3B,2878
"source/upstream-07ecb7cf/Mage.Sets/src/mage/cards/b/BilboThiefInTheNight.java",DCC8B6180AF2345C678089E887FFC543E5FB91F92304F3014ECAB9DFCE9DC88D,4673
"source/upstream-07ecb7cf/Mage.Sets/src/mage/cards/b/BilboUnexpectedAdventurer.java",00D377F929F43B4D07862E45757B34B53E4AB27270C259329941FFEE415E1481,3000
"source/upstream-07ecb7cf/Mage.Sets/src/mage/cards/b/BileBlight.java",9AEC776FF13F753F483BC4E7BE29A60865ADAA4D6B2C089950348E5E0375AE20,2366
"source/upstream-07ecb7cf/Mage.Sets/src/mage/cards/b/BileUrchin.java",9D24C617C7178F92D04FDFC735D2529BBF15D89F2468A8E0F1C6931E016F618C,1206
"source/upstream-07ecb7cf/Mage.Sets/src/mage/cards/b/BileVialBoggart.java",28C6998E31251BB36088878F5A76EB415663C43EA52456B8C75E5D5D29C2F27D,1320
"source/upstream-07ecb7cf/Mage.Sets/src/mage/cards/b/BiliousSkulldweller.java",13E359C2916574B133E23B0AC8A4AF088E879F0EAE190624AD6AA9C7CF4BAB2E,1037
"source/upstream-07ecb7cf/Mage.Sets/src/mage/cards/b/BillFernyBreeSwindler.java",161B114F22912E5E7B73F39F45F85C6B5587FF68678B1395EDA8E03AD3AE83A6,3725
"source/upstream-07ecb7cf/Mage.Sets/src/mage/cards/b/BilliardRoom.java",CC244AD33EA5593423756221EF2EB2DD9E915813C1C9BB8C8936A872E4A6E7A1,1387
"source/upstream-07ecb7cf/Mage.Sets/src/mage/cards/b/BillowingShriekmass.java",C1102BEC3C06C97D5934D49153D808BF5A8C179CCE230D825AB6834A1333B60A,1907
"source/upstream-07ecb7cf/Mage.Sets/src/mage/cards/b/BillPotts.java",93B728E6767D7E6684DB82475DDEA4CE87328DC5B5B5224D2526C0B4ACD2BCDD,4214
"source/upstream-07ecb7cf/Mage.Sets/src/mage/cards/b/BillThePony.java",E15C241F7E5EEA2CDC6A64BCA87CBEA6C5BD036B6A70C5498552F25332FD2541,1907
"source/upstream-07ecb7cf/Mage.Sets/src/mage/cards/b/Bind.java",51140072D44D08D2A914B9D9FBD2EE2CDFFE82B7971EBCE56A90FD3007450963,976
"source/upstream-07ecb7cf/Mage.Sets/src/mage/cards/b/BindingAgony.java",30BF9A54414EDC9FF20C5A1E53F12DDFD6C71CF136F6176595E77C32B10D2F4A,1489
"source/upstream-07ecb7cf/Mage.Sets/src/mage/cards/b/BindingGeist.java",D8D1BC58CB4108C91D6A336D85E425D459F369F2A08C909542974D8ABAF06236,2633
"source/upstream-07ecb7cf/Mage.Sets/src/mage/cards/b/BindingGrasp.java",90A91F32DC82FD30C9DA0E5394A57250A8046AAC28E891E1329A9FF9121338A1,1988
"source/upstream-07ecb7cf/Mage.Sets/src/mage/cards/b/BindingMummy.java",E96DD63AEDB59759171FE022E51D25EBEEBB1D56C339B266959C70A233C8A9FE,1673
"source/upstream-07ecb7cf/Mage.Sets/src/mage/cards/b/BindingNegotiation.java",908E5C44E6DA6F90E5CA26ACDF7AC03BB74565976AE39D03B30CC9B7EB0FC59A,3939
"source/upstream-07ecb7cf/Mage.Sets/src/mage/cards/b/BindingTheOldGods.java",273C25A8C20729981A212F9A0F857CECBCD9F2FF8FC4E8DBD217A8C7EF3412AA,2353
"source/upstream-07ecb7cf/Mage.Sets/src/mage/cards/b/BindTheMonster.java",6E0A2A05BCEC170A6CBCB67E9B5406336F49B5AC752D076E7D5BD53B7AB3FF5A,2992
"source/upstream-07ecb7cf/Mage.Sets/src/mage/cards/b/BINGO.java",7EA25DF9F4DD334AD10660A54CAE13FC701A1C2B89E98A417DA625F1E06DF1D9,6665
"source/upstream-07ecb7cf/Mage.Sets/src/mage/cards/b/BioAssetAllocator.java",7AF5EBD65F0C53AD65BC2BFB29A9D729D79B99C243BAD5D66CC8D858C40D0FE8,1660
"source/upstream-07ecb7cf/Mage.Sets/src/mage/cards/b/BioengineeredFuture.java",165FEA26B8625B2D1C346AD461CA293FECBF7D3B4FE45A5A4CE143B24310635D,4685
"source/upstream-07ecb7cf/Mage.Sets/src/mage/cards/b/BioessenceHydra.java",0D4E50D41913BBD86560734FBA7E1E026F58C5CE5E532A69F68799109F36BBF5,4438
"source/upstream-07ecb7cf/Mage.Sets/src/mage/cards/b/BiogenicOoze.java",D1D5C80F1A5783A87ECEB027890E392A0F00858DF8B3D9048443A00FAA393DE0,2147
"source/upstream-07ecb7cf/Mage.Sets/src/mage/cards/b/BiogenicUpgrade.java",4F2F6DAF7B0B7A0B5CBFF2C5A41F4E67B4AAD23F30C4E5E805E2B256CF63AE22,2472
"source/upstream-07ecb7cf/Mage.Sets/src/mage/cards/b/BiolumeEgg.java",968C89F6D700336711BDEB9152873914908D7B2AEFF13480698F235ED6BD5946,3835
"source/upstream-07ecb7cf/Mage.Sets/src/mage/cards/b/BiomancersFamiliar.java",8F046F1074D01EF8227EA9F4F346E89CC7CCB2A245C694A688C1D5EF0D0A4713,4711
"source/upstream-07ecb7cf/Mage.Sets/src/mage/cards/b/BiomanticMastery.java",F6F5C5785F99EB500D30D9B202859AD048A3C842B9DB8CA9269AE2C1C85EF37F,2223
"source/upstream-07ecb7cf/Mage.Sets/src/mage/cards/b/BiomassMutation.java",BE530016A01FFFB85C957DECFBE075357C95F9C336393200719ADD194C0A2BA2,1123
"source/upstream-07ecb7cf/Mage.Sets/src/mage/cards/b/Biomathematician.java",FE203F1F025D8530BE2D2CCD511354AB2CF6C270E7157FECC1E19C4B3BE37508,1665
"source/upstream-07ecb7cf/Mage.Sets/src/mage/cards/b/BiomechanEngineer.java",5C68F698FC00F9758DAB8D0E011BAA42F8ADEC4FC44412EDD2BF9BB63F706474,1695
"source/upstream-07ecb7cf/Mage.Sets/src/mage/cards/b/BionicBlow.java",70543993A7679D0C797E8EEF7B92EA2D8DC71FAF912A1D6324A59E6FABDEDD2D,1603
"source/upstream-07ecb7cf/Mage.Sets/src/mage/cards/b/Biophagus.java",6DF7EC790A03B847993677D1AF966CC71344CB3175557D0A53F3E0CDF4059CD5,2418
"source/upstream-07ecb7cf/Mage.Sets/src/mage/cards/b/Bioplasm.java",5870BC55B4E6D414D87E37B8FCB69587C0A823E35D139EAC7E37A1222AEA383F,2578
"source/upstream-07ecb7cf/Mage.Sets/src/mage/cards/b/BiorganicCarapace.java",65FF05720C2DC8EEAD7249796DB073E034C3A5FAEAD30D4407A8CA694814315F,2316
"source/upstream-07ecb7cf/Mage.Sets/src/mage/cards/b/Biorhythm.java",B5048BD64BEF69299571873EB9C6D92B5DB6E970468C1F38A87F4C3D4A0CEC49,2002
"source/upstream-07ecb7cf/Mage.Sets/src/mage/cards/b/Bioshift.java",905657F1AA1A41C0F4BA189DC8EE948367BC8B9675E5C0D8CE746D0C44CEEFEF,4714
"source/upstream-07ecb7cf/Mage.Sets/src/mage/cards/b/BiosynthicBurst.java",66D19C91183075BF30945ED0342A7FEAC220AC77AC0C78346C9067460BD1A5FE,1799
"source/upstream-07ecb7cf/Mage.Sets/src/mage/cards/b/BiotechSpecialist.java",79664CF51BD8438A7B4B74A13CC4CA407A3FFC82FB777CA73A440D751D2A03D6,1692
"source/upstream-07ecb7cf/Mage.Sets/src/mage/cards/b/Biotransference.java",8AE5E03F8ECE53442F24A374936F3785E698979993ABB81E590C5A9E6EF1DD76,2594
"source/upstream-07ecb7cf/Mage.Sets/src/mage/cards/b/Biovisionary.java",D9B09E40678A38072319A0204CD7353B0C36C5ABC7AAD8B3653A7B76F49AE26D,1861
"source/upstream-07ecb7cf/Mage.Sets/src/mage/cards/b/BiowasteBlob.java",F94A9E4791CF898CA5B79DF4AF8248FB8628B27AE210136D2F53E5B7E4070B44,1668
"source/upstream-07ecb7cf/Mage.Sets/src/mage/cards/b/BirchloreRangers.java",43CFCA8F93436B7903874E9EE88B5BAD02E7F89EB0D6D0CE8D330DB74F8DD20A,2886
"source/upstream-07ecb7cf/Mage.Sets/src/mage/cards/b/BirdAdmirer.java",CDD74E2F6DE2235AA9C09EE8FE17DC8B83B4C2F4B8DF90BD38710B639E822178,1443
"source/upstream-07ecb7cf/Mage.Sets/src/mage/cards/b/BirdMaiden.java",93F2E364A96A71A274B7F765EADEBFE3BB83DD031D3E5E69B6ED55D4BD1DD459,811
"source/upstream-07ecb7cf/Mage.Sets/src/mage/cards/b/BirdsOfParadise.java",69CB8CFC98BA1268A0990288A7765B95F267EFEBAB9638DEBF6A599B8B77D87A,954
"source/upstream-07ecb7cf/Mage.Sets/src/mage/cards/b/BirgiGodOfStorytelling.java",646A2BC0A1154E18E1290B885839E40E433CF30D7FE9233799FD38FF9E121F1D,3677
"source/upstream-07ecb7cf/Mage.Sets/src/mage/cards/b/BirninZanaPlaza.java",A428C421F9047D4B9BA42DEB17C3C00F889E3EB5FA0C28818271B5A5F93DBDDC,1175
"source/upstream-07ecb7cf/Mage.Sets/src/mage/cards/b/BirthdayEscape.java",A09863F50EE9BA1754C1C5B59B88A298B1C8E03CD82B2AA9C21EA7BBE9F4881A,878
"source/upstream-07ecb7cf/Mage.Sets/src/mage/cards/b/BirthingBoughs.java",4608139177FA2FC63C282601A81F395D93DFD415DC6D4CB99A885EBC19A049BA,1163
"source/upstream-07ecb7cf/Mage.Sets/src/mage/cards/b/BirthingHulk.java",BE27539B6F4DAD601A47689B79E7D8525A2DF9A3A02435F05C47F29DA9F22D75,1740
"source/upstream-07ecb7cf/Mage.Sets/src/mage/cards/b/BirthingPod.java",AE6C7BA71C7699D1763F58032D82A247A8E2669AD04A05B497D7ACD5A617D8B2,3857
"source/upstream-07ecb7cf/Mage.Sets/src/mage/cards/b/BirthingRitual.java",FF9B2D8004AA3786FE4D74FFE84C56812293ACD7CBA22AE3FA6FEBF0503CF8A8,5067
"source/upstream-07ecb7cf/Mage.Sets/src/mage/cards/b/BirthOfTheImperium.java",A3E2D31489CE40688AF3C14803F8E07BEA103437E5447A363FAE82FEA094EB96,3722
"source/upstream-07ecb7cf/Mage.Sets/src/mage/cards/b/BishopOfBinding.java",5477F3C4C107C61468A9BE20E23690C255FBD5D5206DD4369469913CD5FEF21C,4389
"source/upstream-07ecb7cf/Mage.Sets/src/mage/cards/b/BishopOfRebirth.java",F88F366E18C5C7AF49BB2DC00944069393ADE8274BF5FE4EB73CDF57EAE45BD8,2084
"source/upstream-07ecb7cf/Mage.Sets/src/mage/cards/b/BishopOfTheBloodstained.java",A5F936A856EA354EBC14271CF6F91EBAA3B74AF1F2135367A6597E33DCA8D360,1777
"source/upstream-07ecb7cf/Mage.Sets/src/mage/cards/b/BishopOfWings.java",97D52732379EF6C8CEC4F191213EC1086E80705691242C44229E772CDF9D1873,1818
"source/upstream-07ecb7cf/Mage.Sets/src/mage/cards/b/BishopsSoldier.java",861E97445465AAB79F499EFEE0FDF7C2A029A9A15510AA217EA25CC9ABAB076F,905
"source/upstream-07ecb7cf/Mage.Sets/src/mage/cards/b/BismuthMindrender.java",8D25AFDD24203C48DA4E33108149DAB6ECD0D046051E21EA882DD2C69F23944B,4918
"source/upstream-07ecb7cf/Mage.Sets/src/mage/cards/b/BisonWhistle.java",4446141EAB625DF21BE8CA5D14A373BD7873B6F02DBEE221740EB8E8D84FD5E0,3444
"source/upstream-07ecb7cf/Mage.Sets/src/mage/cards/b/BiteDown.java",35198172C4AF59BA6022A1EAA85D91D43B7682F3537AAF0053278B15683B6D7F,1451
"source/upstream-07ecb7cf/Mage.Sets/src/mage/cards/b/BiteDownOnCrime.java",EC8695D7763BD6B4AC934AD72EDE3EB9E96AFAC5D661AB8DE33E513F451C55E4,2659
"source/upstream-07ecb7cf/Mage.Sets/src/mage/cards/b/BiteOfTheBlackRose.java",A2EA00124EC2F875B0B94C6EEF950588FB5136182152055C97AE2A789C56891C,3109
"source/upstream-07ecb7cf/Mage.Sets/src/mage/cards/b/BitingPalmNinja.java",94C02D7573BA3DDDC00947E3E55DC1F8ED50C693FE01F0FDA369C655F6E85880,2310
"source/upstream-07ecb7cf/Mage.Sets/src/mage/cards/b/BitingRain.java",2E4A885B9551C0E7CC09E82DCAF57AEC3DB8ED3E7880D8178ED4BB7E55C6A338,968
"source/upstream-07ecb7cf/Mage.Sets/src/mage/cards/b/BitingTether.java",8D59502A0AFDD394AE47732E472DD694CA9D97FE7671FF6DD3978EBDE0A53719,1781
"source/upstream-07ecb7cf/Mage.Sets/src/mage/cards/b/BitterbladeWarrior.java",254E07ACC928B499EBCBF0705153B1D09D16B0AC843071C98F406A9E7C61D4F6,1732
"source/upstream-07ecb7cf/Mage.Sets/src/mage/cards/b/BitterbloomBearer.java",9966CB773BB7A2D6AAD603A2BAF3D2EC771B3D8F0B2C3887750880C919154100,1654
"source/upstream-07ecb7cf/Mage.Sets/src/mage/cards/b/Bitterblossom.java",A8ECA5A59AA243B97354B9DB06DAF632FAFC1BDA1661F2D7C65E3EA5A21C544D,1263
"source/upstream-07ecb7cf/Mage.Sets/src/mage/cards/b/BitterbowSharpshooters.java",2CCD2534F30249B597FE347C6FCFB21D840EBB88A34652D70AE25E0BD1F1E972,1071
"source/upstream-07ecb7cf/Mage.Sets/src/mage/cards/b/BitterChill.java",5E2D07C96F72B7425F6FCDDEFA5AB2BB4393E4DA00C18DF7EB808A0436FBA53F,2123
"source/upstream-07ecb7cf/Mage.Sets/src/mage/cards/b/BitterDownfall.java",F91D3BE6EF6F63F7BEBEA03EA522DCC4F1BB715F9C824C85147F01A3529703AC,1744
"source/upstream-07ecb7cf/Mage.Sets/src/mage/cards/b/BitterFeud.java",E2DB42B731A8FD14D16627F3A155A7C943CADC36B76E92C50532AC76A7857C14,6292
"source/upstream-07ecb7cf/Mage.Sets/src/mage/cards/b/BitterheartWitch.java",3BE444A4DC1AF96A0B1F9379B3EAC3119CC25A9492F53E6C1B85DF802E22AE5B,3193
"source/upstream-07ecb7cf/Mage.Sets/src/mage/cards/b/BitterOrdeal.java",2F9FA3FC7B357AE063FF582DD86CB3B553549F1EBE12015D71C5C27778D1894E,1036
"source/upstream-07ecb7cf/Mage.Sets/src/mage/cards/b/BitterReunion.java",C79C748DE7EE65B2F42A18632339C3E5214F5800EB8D00C14BC62B1FE5976D44,1863
"source/upstream-07ecb7cf/Mage.Sets/src/mage/cards/b/BitterRevelation.java",A254802BAB5A97AF66311ABEE111799961A144B270E83FE952E65E930D1A5B3C,1082
"source/upstream-07ecb7cf/Mage.Sets/src/mage/cards/b/BitterthornNissasAnimus.java",85831DA802D257DA8F97B811A48DC6E26224C14AA0C430063CDF0DC806AB6BD8,1817
"source/upstream-07ecb7cf/Mage.Sets/src/mage/cards/b/BitterTriumph.java",6BA57941E022562D6D63583D904B52006D2AB31414064B9377FC29E1BA287DBA,1320
"source/upstream-07ecb7cf/Mage.Sets/src/mage/cards/b/BitterWork.java",BA9094CA9A9B3757C62D46271923C710895C37051DF52FAE30F88E0D46AC631B,2203
"source/upstream-07ecb7cf/Mage.Sets/src/mage/cards/b/BituminousBlast.java",B89BAA51D9AED4885E349F28D793761A39875FDC38C3735F78BF724894050E56,935
"source/upstream-07ecb7cf/Mage.Sets/src/mage/cards/b/BjornaNightfallAlchemist.java",9F83D0923A83CC2EC9DBB4E40A3906ECD6377FC915F4602910989BD2992B88DD,1904
"source/upstream-07ecb7cf/Mage.Sets/src/mage/cards/b/BlackbladeReforged.java",6DE2C00138FC26BAE25282D1E56F70BE56F06DE3E26768AA2419761EB787F3C1,2108
"source/upstream-07ecb7cf/Mage.Sets/src/mage/cards/b/BlackbloomRogue.java",EC240841DD1BEA4F6A2B6F5C186D404FDB158A0325CDC6503E52B93380D7A487,2269
"source/upstream-07ecb7cf/Mage.Sets/src/mage/cards/b/BlackCarriage.java",8E65148D534DB05CEF9B0C56469A70E13B8A9D503E7BC8265752B9AA3634269F,1740
"source/upstream-07ecb7cf/Mage.Sets/src/mage/cards/b/BlackCat.java",EB5DAFD6DC897DA37E0FEAC90F0C4ACF7DB83DA136E5982B549248163EF09422,1151
"source/upstream-07ecb7cf/Mage.Sets/src/mage/cards/b/BlackCatCunningThief.java",35D6BBDCC3C4A96EED2BA37873104E1BBA90A844213E76A8A37449890D525417,3786
"source/upstream-07ecb7cf/Mage.Sets/src/mage/cards/b/BlackcleaveCliffs.java",8A3720D14D561705ADB28A55C2BBAFED8108A980A9D416F1C95268A8656135A6,1615
"source/upstream-07ecb7cf/Mage.Sets/src/mage/cards/b/BlackcleaveGoblin.java",62CB1B3B9D5F26D0627A60998840C51EE1B52DF6CDFB7D56912550163D6610B2,972
"source/upstream-07ecb7cf/Mage.Sets/src/mage/cards/b/BlackDragon.java",1094261F6220932B5C6DBA5B1415AF4E52083F13CB96ED83CD5AFF1D257C80DC,1418
"source/upstream-07ecb7cf/Mage.Sets/src/mage/cards/b/BlackDragonGate.java",15535B10F2B96BC49A63EBA837457EED5FD5A2065C7B74B592DE0D989CDCA137,1601
"source/upstream-07ecb7cf/Mage.Sets/src/mage/cards/b/BlackKnight.java",0B3395934A25C17099E718AEA92BC840358976726433BDB55401B53D7EEF6A20,996
"source/upstream-07ecb7cf/Mage.Sets/src/mage/cards/b/BlacklanceParagon.java",6D16F084F23276CA58014CAC4148A5D1FE8D3683ED627F6093B4D59B972682DA,1868
"source/upstream-07ecb7cf/Mage.Sets/src/mage/cards/b/BlackLotus.java",6704EA708CFCF16754A990CECC578E2E3D971C5654CAF71BFD53A7C1AD5D9BEA,1075
"source/upstream-07ecb7cf/Mage.Sets/src/mage/cards/b/BlackMagesRod.java",165C77937BA7282410BEA0B993B90B4DAF0A8A0BCE548CC4112A997406AE3D48,2380
"source/upstream-07ecb7cf/Mage.Sets/src/mage/cards/b/Blackmail.java",084A4AF8F04359BCE6B4197C43A083B4E826988149F9D63F8FDED43A50F91548,896
"source/upstream-07ecb7cf/Mage.Sets/src/mage/cards/b/BlackManaBattery.java",59A3D78B3836D113CF4FA334C3A04F77B1CB7B90EFB7EDFE4F5432CCE887EE0A,2219
"source/upstream-07ecb7cf/Mage.Sets/src/mage/cards/b/BlackMarket.java",7477792CFC7E061022BA96C0BE3AD2DF1D3E32B1C33D2CA345D50238E0CE36BF,2363
"source/upstream-07ecb7cf/Mage.Sets/src/mage/cards/b/BlackMarketConnections.java",C680CA911AC51ED02A731F97E77FEB88EC4F8E3119FFB0FAF8D698A4FBD586AE,2152
"source/upstream-07ecb7cf/Mage.Sets/src/mage/cards/b/BlackMarketDealer.java",96325A18E9E7DDD351AF1EB7361E36EA3703304F1A6E2545BE2ACE464FED389E,2404
"source/upstream-07ecb7cf/Mage.Sets/src/mage/cards/b/BlackMarketTycoon.java",75184D319027CB17FD6A27289B7883CD4537D052A1DCBC46636191F3D2AE09CF,2143
"source/upstream-07ecb7cf/Mage.Sets/src/mage/cards/b/BlackOakOfOdunos.java",0B40588F5D05F4355BD98F6FC1E523A0AF3005926780B1D7C1E971093C767AEE,2080
"source/upstream-07ecb7cf/Mage.Sets/src/mage/cards/b/BlackPantherClawsOfBast.java",167B5696052E0BE79D370FE34FB9D1B29F3546C5B16282DFB27847C1C2AD43AD,1537
"source/upstream-07ecb7cf/Mage.Sets/src/mage/cards/b/BlackPantherMostDangerous.java",008601D75401F5CA7D560E831DB798FED6F87AE25A64DC28E0770FC4E450BF05,2652
"source/upstream-07ecb7cf/Mage.Sets/src/mage/cards/b/BlackPantherVanguard.java",674FAA2B58D333EDF2BE0660D0D9F4B490C75605B3CE37D8AEBA702221E16A4C,2155
"source/upstream-07ecb7cf/Mage.Sets/src/mage/cards/b/BlackPantherWakandanKing.java",716184F0042DE9D1E92269D3DA4BA2F137A08B2148680F0BA12D7671E6B78808,4653
"source/upstream-07ecb7cf/Mage.Sets/src/mage/cards/b/BlackPoplarShaman.java",A13E9A8E1E5BBD389207993AB327265090DB76379E118C8A45FFE1ADFECD5BD2,1412
"source/upstream-07ecb7cf/Mage.Sets/src/mage/cards/b/BlackScarab.java",05DB969E3C7809EC11515D6C9800072339A7C376FAB1E83B8CB95F4B94DB9030,2723
"source/upstream-07ecb7cf/Mage.Sets/src/mage/cards/b/BlacksmithsSkill.java",DFB530DACA73F21003EDA74F53CB0D1EE129F7568E93DCC9F83E203112FA1ED7,2505
"source/upstream-07ecb7cf/Mage.Sets/src/mage/cards/b/BlacksmithsTalent.java",41928E97FB5F971987F386A6A99710062B3592263BC9C86798022175A746A229,3714
"source/upstream-07ecb7cf/Mage.Sets/src/mage/cards/b/BlacksnagBuzzard.java",650C892E37B82C32A9D3416DABE1A48A4423FF32D7878F5FB6EEF9523CFDF05C,1694
"source/upstream-07ecb7cf/Mage.Sets/src/mage/cards/b/BlackSunsTwilight.java",AE379B5EBE1996E1C1539EFEB9F8F7AFFFAD1D91261BFAA2EEB67605EFE3EE49,3314
"source/upstream-07ecb7cf/Mage.Sets/src/mage/cards/b/BlackSunsZenith.java",D6CD309527828B3F704E9597B807194D1B1E77651B5036699821FF88E5D82747,1965
"source/upstream-07ecb7cf/Mage.Sets/src/mage/cards/b/BlackTomCassidy.java",514FEDE2C1D5DD1DFAA52B9C6608FDC5E07AC0F1D532CE81FD4A020DFD2CD48C,1835
"source/upstream-07ecb7cf/Mage.Sets/src/mage/cards/b/BlackVise.java",A871619652FCB517F0FDFD6985720941C2B737BF0AD05D1D8B24196CEF70E6FA,3141
"source/upstream-07ecb7cf/Mage.Sets/src/mage/cards/b/BlackWaltzNo3.java",AA71F09BE8D19D9D9BA1EC4DA04ACA3170A409C34B7E04862FB74C1E0E656B9B,1565
"source/upstream-07ecb7cf/Mage.Sets/src/mage/cards/b/BlackWard.java",DD7E8FA99306D4DAE8D8FD2B3938970A36DD7B63DE5FD486E190B3642B4FF90D,1624
"source/upstream-07ecb7cf/Mage.Sets/src/mage/cards/b/BlackWidowAgileAvenger.java",57EA0BF1AA8DA7D93F507FA8D5E305039A709F259FCAB9D39298AF47A02A52EC,1777
"source/upstream-07ecb7cf/Mage.Sets/src/mage/cards/b/BlackWidowDaringOperative.java",5F4A0311DAC9ECB6A75A0F5AE366A03EA98B589600F9EFAD14B875A8FD7A45EE,2314
"source/upstream-07ecb7cf/Mage.Sets/src/mage/cards/b/BlackWidowDeadlyHunter.java",D9AFB2AC2A95FA9F5BE6811EB96F03CB05AB920A13D67AEA0505A7A88DB9473C,2175
"source/upstream-07ecb7cf/Mage.Sets/src/mage/cards/b/BlackWidowDoubleAgent.java",977B4B4AFFEB7E7E1CAFE5715C0A7BFE8C87D8FD64EFF8213F097E1CBC9C63FA,1807
"source/upstream-07ecb7cf/Mage.Sets/src/mage/cards/b/BlackWidowIntelExpert.java",AAAF8780073C2A2241AAAA6621F97B425ED3C0B604D283883ED0AD369713A2E3,1700
"source/upstream-07ecb7cf/Mage.Sets/src/mage/cards/b/BlackWidowNatashaRomanoff.java",EE05356F2494BABDA0D100074ACC95A8B69AF7436DBA609217CA6EB399146D3E,952
"source/upstream-07ecb7cf/Mage.Sets/src/mage/cards/b/BlackWidowSuperSpy.java",C0B64BE337700C48857A7FA9BE2689BA184DA0106190E261A52BE01C0EC8EB18,3604
"source/upstream-07ecb7cf/Mage.Sets/src/mage/cards/b/BladebackSliver.java",64C8B9A95876BEBB59A49ADC326E22E65D401814064DCD22E1576A09603445CA,2192
"source/upstream-07ecb7cf/Mage.Sets/src/mage/cards/b/BladeBanish.java",1AC4275C53D30ADDAA329D30E0761AAB70E83C7D10F02E08034C79A45943661C,1192
"source/upstream-07ecb7cf/Mage.Sets/src/mage/cards/b/BladeBlizzardKitsune.java",CA7B311EAE6BB4B53FAD4D6A64C6A3B0E57F4B9FF911FCBB8039B558DED19817,1067
"source/upstream-07ecb7cf/Mage.Sets/src/mage/cards/b/Bladebrand.java",A780EC5F98A1B4321E852A28EFE5F46132FA0EC5CBF0EBCECA18251757F67737,1211
"source/upstream-07ecb7cf/Mage.Sets/src/mage/cards/b/BladecoilSerpent.java",303485673D2E96AC2DB1A66E88B6EF23F1AE8B78508AE5E57D5CA49DC89545CC,3512
"source/upstream-07ecb7cf/Mage.Sets/src/mage/cards/b/BladedAmbassador.java",2E5DCE7420B564DD4D2B697AED117230AA47F60EC45F7B5CDE916CA45AF0CD07,1852
"source/upstream-07ecb7cf/Mage.Sets/src/mage/cards/b/BladedBattleFan.java",08464C797C72C2401F36E550FB5FFCF59AFAAE63C4394934289A5388C90EE163,1751
"source/upstream-07ecb7cf/Mage.Sets/src/mage/cards/b/BladedBracers.java",94A947E38550820FC678643169C2AE41C76FB5EEFDE2D37E3164CA45D310CD64,1997
"source/upstream-07ecb7cf/Mage.Sets/src/mage/cards/b/BladedPinions.java",7419F91D60E10424D0CB0254F2B179378ECB16D111ED07A5DC0A90470902BA56,1679
"source/upstream-07ecb7cf/Mage.Sets/src/mage/cards/b/BladedSentinel.java",14E38C0CE0494B751A857696A9A50F7AADE520B1672D01FD3CC613C0AE879BFB,1184
"source/upstream-07ecb7cf/Mage.Sets/src/mage/cards/b/BladegraftAspirant.java",2C1316DAB96CD9987EF434483073D383E263D8BA908488EFCCD4A9B05A614F07,3894
"source/upstream-07ecb7cf/Mage.Sets/src/mage/cards/b/BladegriffPrototype.java",B46AB94CFBECF9C936B471EB85AD9E113BF886BB5F62E5454D17AB1585F40656,3115
"source/upstream-07ecb7cf/Mage.Sets/src/mage/cards/b/BladeHistorian.java",64EF9DF5B475F5A60A390BB0236293015F09E78CB889BD223A2A0C2A0467F899,1343
"source/upstream-07ecb7cf/Mage.Sets/src/mage/cards/b/BladeholdWarWhip.java",8EF7125CBE5CA7625C7344FA20503BD3E892068BEF8A12D881F1DE6AA769D206,1975
"source/upstream-07ecb7cf/Mage.Sets/src/mage/cards/b/BladeInstructor.java",67AE9C8DC2A3A05B2E041E5C52150C80434495BD129769039D2D51CA0E1B4684,886
"source/upstream-07ecb7cf/Mage.Sets/src/mage/cards/b/BladeJuggler.java",69D931BE1ABEBAEC47E92E1F7BE6ABC488A57FF2C6506F61208BC291EFE71538,1547
"source/upstream-07ecb7cf/Mage.Sets/src/mage/cards/b/BlademaneBaku.java",AD71FD490279796B23BFC97C4F3CD1ECD38F230193F104D456551B17E0D1F165,2358
"source/upstream-07ecb7cf/Mage.Sets/src/mage/cards/b/BladeOfSelves.java",8CFA81B1EDA361ADEA8418F905BA7F7B579FA0E74ABEFD3782DE6B852F0AA2E8,1534
"source/upstream-07ecb7cf/Mage.Sets/src/mage/cards/b/BladeOfSharedSouls.java",4BCAEC6759E6E56A98AC235816F776F3D4F00A3884D9EE7C7AA82C83E2BCA08D,4959
"source/upstream-07ecb7cf/Mage.Sets/src/mage/cards/b/BladeOfTheBloodchief.java",E4516473B5826AD58C3C55A0AAF6430490723F5F4FBB319280C0964BED9E6479,2783
"source/upstream-07ecb7cf/Mage.Sets/src/mage/cards/b/BladeOfTheOni.java",AA8DEB624413284166DC69EB0DE4EF95FF2FAF388966F1A1CD5D0C1F81877EFE,3410
"source/upstream-07ecb7cf/Mage.Sets/src/mage/cards/b/BladeOfTheSixthPride.java",37884EC5C0ECEB1C2FA7E38AE2DA58392EC21D0C9F59B2221681543CB0DBE207,769
"source/upstream-07ecb7cf/Mage.Sets/src/mage/cards/b/BladeOfTheSwarm.java",01F86FBAD5426BEA2A1DA64B081D519D650F442D9FA9543E1E276CA77FD03D54,1922
"source/upstream-07ecb7cf/Mage.Sets/src/mage/cards/b/BladeSliver.java",54FED2E73F93091A2D12190EEFEB834971F1AA0C1EFF11963E6A604E9473A83F,1131
"source/upstream-07ecb7cf/Mage.Sets/src/mage/cards/b/BladesOfVelisVel.java",037B1E5B5FA3136D1817645E2917B8A0244B59DA4A504D401351FB7C0C33B2FD,1525
"source/upstream-07ecb7cf/Mage.Sets/src/mage/cards/b/BladeSplicer.java",266CB50E5B4DCB8EC1BA055EAAB8FD46EAFAEEFCA358212F160AD357789D75A0,1787
"source/upstream-07ecb7cf/Mage.Sets/src/mage/cards/b/BladestitchedSkaab.java",1A92DF950D9C64160D4F73236B146E99A1A76242298242A2F23E6E871FEB9671,1312
"source/upstream-07ecb7cf/Mage.Sets/src/mage/cards/b/BladeTribeBerserkers.java",F8847C682769B7E5705AA9D5CE40ED3A897BF93E80231BECBC906CC19DBBAE94,1959
"source/upstream-07ecb7cf/Mage.Sets/src/mage/cards/b/BladetuskBoar.java",AC44E0EDEF1082EC3111D19CECB2D66D94C07EECB3259282C30CD9A3C67F7821,822
"source/upstream-07ecb7cf/Mage.Sets/src/mage/cards/b/BladewingDeathlessTyrant.java",8589FA795C49D2C749ECF4CCF36CE6955632498E26600B40CB57EEFF75D9EA8A,1924
"source/upstream-07ecb7cf/Mage.Sets/src/mage/cards/b/BladewingsThrall.java",05315DAA4919B00B81E3E81B6DB7A57DC13C07272FCB16E55FAFA1B412ABBB91,2223
"source/upstream-07ecb7cf/Mage.Sets/src/mage/cards/b/BladewingTheRisen.java",52845CF41A70612E8C17ECC461CF8E4F18AB6914CF8E86FD9D181925F3C1CBE7,2390
"source/upstream-07ecb7cf/Mage.Sets/src/mage/cards/b/BlanchwoodArmor.java",AF17D1C1D209606D4D7A195A2DDA39A8723E11C17325CF3A5A6562AE242F2D8B,1721
"source/upstream-07ecb7cf/Mage.Sets/src/mage/cards/b/BlanchwoodProwler.java",81CC7545B9D7DB56104DD2A15FB55BC50A61CDF24BC3C3B2EDA6393CC6881D4F,1458
"source/upstream-07ecb7cf/Mage.Sets/src/mage/cards/b/BlanchwoodTreefolk.java",E1A0E4908F9135FBC9A94BADB239A07DA5BE60800AA9DB08AA3D7BB4D7A64599,752
"source/upstream-07ecb7cf/Mage.Sets/src/mage/cards/b/BlanketOfNight.java",DB14EEA1319988DCC7E828FAC3A8B17AD9046266DDDEE55A62D55883A7DAC74C,893
"source/upstream-07ecb7cf/Mage.Sets/src/mage/cards/b/BlaringCaptain.java",28BD8F5D69FFC4BC1DD85F54471169B7358D6568E0C55CC90CD51B3C17D1DB32,1739
"source/upstream-07ecb7cf/Mage.Sets/src/mage/cards/b/BlaringRecruiter.java",ADAAD16041FE4A6A97B0F458D229AC7BAE0B381A2503AE9C6B5775AB2024A115,1466
"source/upstream-07ecb7cf/Mage.Sets/src/mage/cards/b/BlasphemousAct.java",214009AD2AE874AC6C59CAAB055618F02235BCFA7A5A68C9FE4CD436B2DEBACF,1940
"source/upstream-07ecb7cf/Mage.Sets/src/mage/cards/b/BlasphemousEdict.java",072029E457FF6C34D768F6FC39479ECD7C29BF462E01843630C653EA698E67A9,2079
"source/upstream-07ecb7cf/Mage.Sets/src/mage/cards/b/BlastedLandscape.java",32623C83FA094470FB3A14AC13D2F33CF4E3C332A1850C0E1EAB89E2C55736AD,824
"source/upstream-07ecb7cf/Mage.Sets/src/mage/cards/b/BlasterHulk.java",1BB317FABFDE0B3D0500BC15D166103AB538B773CB74FB5B5373925EF2A31FEB,2887
"source/upstream-07ecb7cf/Mage.Sets/src/mage/cards/b/BlasterMage.java",F270832904FDDF336BAB43AA8EE24C9B6A3643D7BF06920E70BBABD745000161,1618
"source/upstream-07ecb7cf/Mage.Sets/src/mage/cards/b/BlastfireBolt.java",FE2AC39CA840EB1EF716BAE12578D22A42375297527EE7742895050B83F81920,1152
"source/upstream-07ecb7cf/Mage.Sets/src/mage/cards/b/BlastFromThePast.java",135F56DF43387C2E9713B04D6423A75571F1C188ED6A27C1B30224B1F11A80A1,2023
"source/upstream-07ecb7cf/Mage.Sets/src/mage/cards/b/BlastFurnaceHellkite.java",9D301579E6BC6D7B24C2244DF88DE5C50755B35BF7549C71F9A93A1A32039998,2579
"source/upstream-07ecb7cf/Mage.Sets/src/mage/cards/b/BlastingStation.java",8366B3E516DBA2DF5316CB67CF1F70441D5A82EF7C741C92D92D410649A5E242,1705
"source/upstream-07ecb7cf/Mage.Sets/src/mage/cards/b/Blastoderm.java",1857578400AB6831FB4E8D60DB439ACDAB4587AB896FE99BECFA71362A7C2649,937
"source/upstream-07ecb7cf/Mage.Sets/src/mage/cards/b/BlastOfGenius.java",2ACDC31FA5155982263F02B3BD559FCEABC7827DB64056BD9CE76EA43EFCBDC4,2994
"source/upstream-07ecb7cf/Mage.Sets/src/mage/cards/b/BlastZone.java",C538EC45517F612FC917CD3B25BDADE4386E473A43C5B532E95ABC96CEC000B6,2573
"source/upstream-07ecb7cf/Mage.Sets/src/mage/cards/b/BlatantThievery.java",3B62C7159B058E189E0015B4891C328C6A2580FFC132A984C1716F7875245D14,1325
"source/upstream-07ecb7cf/Mage.Sets/src/mage/cards/b/Blaze.java",2CD0A59A0CB8BC4DE493CF0D88AC2CB7A642665E34ADD00A2AAC4C714EDFFB07,846
"source/upstream-07ecb7cf/Mage.Sets/src/mage/cards/b/BlazeCommando.java",F0A24B72E22DA490EF16B952EC8625DE6F1F6028CE97AF900BDBD47F95F227E8,1361
"source/upstream-07ecb7cf/Mage.Sets/src/mage/cards/b/BlazemireVerge.java",5CF272799A65344942BB7B1853B8D96096439B1DE7050042E518A1393C69D12D,1908
"source/upstream-07ecb7cf/Mage.Sets/src/mage/cards/b/BlazeOfGlory.java",81A417F57C00E7485E2429CCA17CE999224337485C319876C16FB6DE2BEFAC70,3056
"source/upstream-07ecb7cf/Mage.Sets/src/mage/cards/b/BlazethornScarecrow.java",3BF1191CED6A1F90AD90536611078A394B15749D2A7F0181BB7A8BDDC59A0A8C,2697
"source/upstream-07ecb7cf/Mage.Sets/src/mage/cards/b/BlazingArchon.java",45996242DD1C2922ABCF12A0CE18F4C18BD0EA233780DDA5CE844CFCDC93148F,1166
"source/upstream-07ecb7cf/Mage.Sets/src/mage/cards/b/BlazingBladeAskari.java",2EB809F9A39ECD1A9176E1208E18B66CD580CB0DD9192BB85E864D6A773D19AC,1366
"source/upstream-07ecb7cf/Mage.Sets/src/mage/cards/b/BlazingBomb.java",79E0AAB04B9DDE86371D8455F83815F2F627C46F9718D3B9F48AF8F408BEE66C,2245
"source/upstream-07ecb7cf/Mage.Sets/src/mage/cards/b/BlazingCrescendo.java",19A2021A71538F0151AAFDF03AAEE4ED475FA12578B22FAC8AFD5C652F056D11,1240
"source/upstream-07ecb7cf/Mage.Sets/src/mage/cards/b/BlazingEffigy.java",89A7F63C858EE67E5168D9351A9523D9EE662D8D2131AA78AC2F2AF35D4D9158,3887
"source/upstream-07ecb7cf/Mage.Sets/src/mage/cards/b/BlazingFiresinger.java",A808C82A6C7BBFFDB3A5DBEBD6EA8E0590072F3920BA064001DFF16176FFDD1C,1231
"source/upstream-07ecb7cf/Mage.Sets/src/mage/cards/b/BlazingHellhound.java",A7899C83F1F80D770B287E135AD1D04E69195A81BA48E24500151BFC760C03AE,1547
"source/upstream-07ecb7cf/Mage.Sets/src/mage/cards/b/BlazingHope.java",6BEA63A66B85B7B75D1560CC46C799174D1075EDE1EC10EDF03A9DB041B9D092,3348
"source/upstream-07ecb7cf/Mage.Sets/src/mage/cards/b/BlazingRootwalla.java",FB7FBDD0C7FFC8D7C9AC861A0290698EF2E960180BD11EDDBC7D4038DEB3351C,1402
"source/upstream-07ecb7cf/Mage.Sets/src/mage/cards/b/BlazingSalvo.java",E53591F5581386199FBD5F03061BDA3E218D7CB72A7D7C59C02AAD987FD65C8D,2241
"source/upstream-07ecb7cf/Mage.Sets/src/mage/cards/b/BlazingShoal.java",0F503DA132EA9B889DB8D6CFD71DB0D3A30548E4445D8A767FD536576FD3CA25,1973
"source/upstream-07ecb7cf/Mage.Sets/src/mage/cards/b/BlazingSpecter.java",EBCD3E9AAE85916FA0E8E6A3086AC0CAB49D6495E02444CCA877367E2553B61C,1308
"source/upstream-07ecb7cf/Mage.Sets/src/mage/cards/b/BlazingSunsteel.java",4E011302D434D6631646221D0975F6DA946157DB9A64ED4A70F236834406F4CD,4461
"source/upstream-07ecb7cf/Mage.Sets/src/mage/cards/b/BlazingTorch.java",D9153829348415792CBA62E187BAB3C08F6A6138D0A548DB4BBEDB640BDC98BC,3863
"source/upstream-07ecb7cf/Mage.Sets/src/mage/cards/b/BlazingVolley.java",E7368B9F6819FA8A75BFBF6799A19BEAF631BAF187F5030A81A38D62AE22C5D3,876
"source/upstream-07ecb7cf/Mage.Sets/src/mage/cards/b/BleachboneVerge.java",955E056898FFEE6E18C22AC0655679F0380E6958DAD07D074C9DE572B53D89C2,1908
"source/upstream-07ecb7cf/Mage.Sets/src/mage/cards/b/BleakCovenVampires.java",0545C08E4F01BA44D14DFB8E24F31C13FC36EF6F678CE78995C966691BF8CC58,1704
"source/upstream-07ecb7cf/Mage.Sets/src/mage/cards/b/BlechLoafingPest.java",6DFF316C4B760CC7E445399D168FE1738E8D4EE1B30A938CE685DC50FC1BBCBB,1818
"source/upstream-07ecb7cf/Mage.Sets/src/mage/cards/b/BleedDry.java",E8301F449405F2D3B092F890D0C6610444CB128D6F94ADEEE99B2E46FC21ADC6,1092
"source/upstream-07ecb7cf/Mage.Sets/src/mage/cards/b/BleedingEdge.java",7EFF1367E60290402FE2C21D4321A73AD7A4437D7A194FAAA08C5711A05694A3,1129
"source/upstream-07ecb7cf/Mage.Sets/src/mage/cards/b/BleedingEffect.java",49220E7EB097B1017DE79B77D81C60311A2B00ABB8A684885C09127DF62083FB,3598
"source/upstream-07ecb7cf/Mage.Sets/src/mage/cards/b/BleedingWoods.java",8A2A29DD98FF7B8EAD7EC78C6EFDEE193DE050B3B28EF4671AB121EB02C0B416,1067
"source/upstream-07ecb7cf/Mage.Sets/src/mage/cards/b/BlessedAlliance.java",81532A86E472C0F091533478A0DF19B56FF3E811DF629C77C89A7B7202EB1ABB,1976
"source/upstream-07ecb7cf/Mage.Sets/src/mage/cards/b/BlessedBreath.java",36965B30A5650B57738BB35D64A285A28FCC86D5CD66C62F0DFFDF74A5444B05,1271
"source/upstream-07ecb7cf/Mage.Sets/src/mage/cards/b/BlessedDefiance.java",F9C23DD7C6786E74C146F758F30E88485F38FC7A273F037297BE894EE7DE6395,1831
"source/upstream-07ecb7cf/Mage.Sets/src/mage/cards/b/BlessedHippogriff.java",D019C93B7EB3244EE910031972EBDB10F933C3AE8E2817A391CD91CAAB562A02,2299
"source/upstream-07ecb7cf/Mage.Sets/src/mage/cards/b/BlessedLight.java",D5A4867C9513ED71913D2112C91CE32D3C4CB94D6878918E9E9C4D8B672DE403,889
"source/upstream-07ecb7cf/Mage.Sets/src/mage/cards/b/BlessedOrator.java",8952DB9C73386A9D4EE4ED06F8E6F55EEE8F7F1BC7F4A58C05343CCCF80DB84D,1109
"source/upstream-07ecb7cf/Mage.Sets/src/mage/cards/b/BlessedReincarnation.java",CFE7C7B4C22170ADF452CF554181772A5101AF4F78AAA5F3438E04EE139C6331,3526
"source/upstream-07ecb7cf/Mage.Sets/src/mage/cards/b/BlessedRespite.java",3B520B352713A03F5FDDB3A62D8CD35B7F9AEDC16A97317E46B870D611387286,2079
"source/upstream-07ecb7cf/Mage.Sets/src/mage/cards/b/BlessedReversal.java",66CE2068FA164A785F41B3742AD32AC72E86AE427F241C66449DD7B073806AD5,1066
"source/upstream-07ecb7cf/Mage.Sets/src/mage/cards/b/BlessedSanctuary.java",A4E34C57D978FD0897CEB03E77660F59F989C4C0D84746A23EFC62090B8C2873,1814
"source/upstream-07ecb7cf/Mage.Sets/src/mage/cards/b/BlessedSpirits.java",FB6F736FB67707E9D3C8C4C12F03AAD1807A8D8CD3765662B2574EB7E846AD11,1325
"source/upstream-07ecb7cf/Mage.Sets/src/mage/cards/b/BlessedWind.java",2A2A3CDB9CA5ACBDFB2684AE4797DA1364C5CFA73E98D13B6C3729E50B7916C5,819
"source/upstream-07ecb7cf/Mage.Sets/src/mage/cards/b/BlessedWine.java",7CA743314B2CC1B48E56E80CBD29B4BE853C23039E71AB462F853ACA3DA3FCAB,1197
"source/upstream-07ecb7cf/Mage.Sets/src/mage/cards/b/Blessing.java",64B172ADB1E0FCA691C5BA3FAA1FA238BC40D4E8435F54C5CC4321C36FF19ECA,1507
"source/upstream-07ecb7cf/Mage.Sets/src/mage/cards/b/BlessingOfBelzenlok.java",F982AAA24F52E13D8129D3E4CF9D1AB69EE2EC4F6944090F65C440B39C3C2059,1696
"source/upstream-07ecb7cf/Mage.Sets/src/mage/cards/b/BlessingOfFrost.java",1C7528388DB381C91D8278329F798E537BEB82FF31FA63C2E96B8F2DFBAFE53C,3569
"source/upstream-07ecb7cf/Mage.Sets/src/mage/cards/b/BlessingOfLeeches.java",9E1DA3B5CF501D5197613FBC6D591E41FDBA432175266E10FE79C14A0A6C5814,1882
"source/upstream-07ecb7cf/Mage.Sets/src/mage/cards/b/BlessingOfTheNephilim.java",1B4AB023F9BC45E15A6799AAB436C49793718324522F9614717E653E755743EA,2689
"source/upstream-07ecb7cf/Mage.Sets/src/mage/cards/b/BlessingsOfNature.java",A0096F3E94E201953A44DA86D3B15F31AB8233B688B405E6E022E78873E19B4F,1027
"source/upstream-07ecb7cf/Mage.Sets/src/mage/cards/b/BlexVexingPest.java",C8EBDBA96FB1BA7B41FA0A6AB68A773A0811DA8F66617577A10C92F8EB87E8E1,3638
"source/upstream-07ecb7cf/Mage.Sets/src/mage/cards/b/Blight.java",BC96D02452E9B220A8782399C1C63E6673E62A011E5B3A942E4FCE76692205F2,1532
"source/upstream-07ecb7cf/Mage.Sets/src/mage/cards/b/Blightbeetle.java",DC59E6722E91C5C384919B6AB490669C530333D937356CC06033C5B8003499BC,1346
"source/upstream-07ecb7cf/Mage.Sets/src/mage/cards/b/BlightbellyRat.java",FDF83952C1A82E1AA8D80FF3E67228160BF702DB14C8B14F7709A90EF65678C5,1132
"source/upstream-07ecb7cf/Mage.Sets/src/mage/cards/b/BlightBreathCatoblepas.java",789C47071F7453A622AA61337514F440431EBDA806DE10D9D825F4C4CE34CA8C,1883
"source/upstream-07ecb7cf/Mage.Sets/src/mage/cards/b/Blightcaster.java",525C0352B4E1B9BE8FE9789A6DABCFF537B52BC6C48EC59CB703A11209B215E3,1445
"source/upstream-07ecb7cf/Mage.Sets/src/mage/cards/b/BlightedAgent.java",C39FC2B20DCA514C70098FDC18CD0BD8D55423134A39D644EA16F5FF7B6F4116,965
"source/upstream-07ecb7cf/Mage.Sets/src/mage/cards/b/BlightedBat.java",A3EC02B150AAFD52B8CEBF072BD527398652F4B4E042CF9A7A65866C7C0542E1,1336
"source/upstream-07ecb7cf/Mage.Sets/src/mage/cards/b/BlightedBlackthorn.java",11D3400C9FB4503C994F695A0696DAF311E56B4E16AAD69400340A23C8E58D41,1488
"source/upstream-07ecb7cf/Mage.Sets/src/mage/cards/b/BlightedBurgeoning.java",529C2313EF318CF6256128F49D2964E660DC29026B6519190B308A6B88E2FF9B,1789
"source/upstream-07ecb7cf/Mage.Sets/src/mage/cards/b/BlightedCataract.java",0413A63E50AC0388CF1782E87ECB14426AD5009F1F779B551FCD08C79076D0D3,1343
"source/upstream-07ecb7cf/Mage.Sets/src/mage/cards/b/BlightedFen.java",FD9DF0F87E311384086E05101AD5702AACE8F53E22764C0C06121B41FF67CBB3,1520
"source/upstream-07ecb7cf/Mage.Sets/src/mage/cards/b/BlightedGorge.java",EA4C6EACBF4D1920CEE5B46E8A2A99681B1D1F1594CB56CEB17058E32479A47D,1457
"source/upstream-07ecb7cf/Mage.Sets/src/mage/cards/b/BlightedShaman.java",FA15708C7EEA3E6CF5F59FBAF4E20501F614C76E98C671A94E1542DBAF0FE7FD,2261
"source/upstream-07ecb7cf/Mage.Sets/src/mage/cards/b/BlightedSteppe.java",71FE853B5242138FC56AE75165D5EE60C6D0BB394B0A2625F451449E48AD5A17,1551
"source/upstream-07ecb7cf/Mage.Sets/src/mage/cards/b/BlightedWoodland.java",69A1F77BDE4ECB391E388792BDBF17A64E626416A28B7CEC29AC603B5793834A,1636
"source/upstream-07ecb7cf/Mage.Sets/src/mage/cards/b/BlightGrenade.java",9627A45CA576A9BECA02B640C8F03F4CCA45B758E73E51EF7A6F3113F605E85B,1117
"source/upstream-07ecb7cf/Mage.Sets/src/mage/cards/b/BlightHerder.java",DBA76E52625ED2742BF93694F5AD2E1A166DF31BDD1AF6488FC5C08E27B50444,2982
"source/upstream-07ecb7cf/Mage.Sets/src/mage/cards/b/BlightKeeper.java",29CF216BDF079A3FA67D1BA3D5D365FDDFFAD66229621982FFE10CDC64013B38,1745
"source/upstream-07ecb7cf/Mage.Sets/src/mage/cards/b/BlightMamba.java",3B6BEB8EBD725D3F1A2F2DB363F9824AA526009F241B16E75DF3B77BD4DF0085,1152
"source/upstream-07ecb7cf/Mage.Sets/src/mage/cards/b/BlightMound.java",32F486D82E5F87FB359197CD0EE4F2059966EEA6FE8DE7332DA2E03E95029024,2167
"source/upstream-07ecb7cf/Mage.Sets/src/mage/cards/b/Blightning.java",9C156FF8ADB33F302B963422016C06EC01685C75E9982E5C6EE00107FD832890,2071
"source/upstream-07ecb7cf/Mage.Sets/src/mage/cards/b/BlightPile.java",DDC7CA743A9D2A5DC62E9DF639D55641C48BE4DC522D8951168C23B931E252ED,2338
"source/upstream-07ecb7cf/Mage.Sets/src/mage/cards/b/BlightreaperThallid.java",1E231CFDC6E2394D215E6ECB164579E539A9CBB5E1D384EE7BBB99AB2D02A15F,2207
"source/upstream-07ecb7cf/Mage.Sets/src/mage/cards/b/BlightRot.java",1D8E3CB2B72496D8BB8DF1C8AC8C348D348DE37FE3192C00EBF4127D875D0688,912
"source/upstream-07ecb7cf/Mage.Sets/src/mage/cards/b/BlightSickle.java",FEC81DAFD6C8EFE6D21AEF4A407FED68D592959DC90399543EF7915963861787,1393
"source/upstream-07ecb7cf/Mage.Sets/src/mage/cards/b/BlightsoilDruid.java",EA01C5D62BE2633623AEF22E7F0AC9430A59DD88A9BD55F8C5461E5505A1D28E,992
"source/upstream-07ecb7cf/Mage.Sets/src/mage/cards/b/Blightspeaker.java",72976352B6C546075D6D2EB0F0284A89C37CBD816ED2C32FC81D114492419851,2286
"source/upstream-07ecb7cf/Mage.Sets/src/mage/cards/b/BlightsteelColossus.java",A2D7E46B43C61BD0924CE7141F4A64B621FE2080E626EB1ABC08867769F7B943,1640
"source/upstream-07ecb7cf/Mage.Sets/src/mage/cards/b/BlightstepPathway.java",D27C4C09C950E6347DFD982E326CF83D08ED1F7F39DEE2E10AA1FF75677D7CCC,1138
"source/upstream-07ecb7cf/Mage.Sets/src/mage/cards/b/BlightTitan.java",55D658FB540A1DD3CD480216FE398B7350723880FE25708E9A2530A448A46883,2541
"source/upstream-07ecb7cf/Mage.Sets/src/mage/cards/b/Blightwidow.java",113D7D3DC1FF06D20FC0092DD28216FA8F03B446624B953248B6078A2F067B82,946
"source/upstream-07ecb7cf/Mage.Sets/src/mage/cards/b/BlightwingBandit.java",4557E9E57DE703BCA249BB8BAA52072AC3B13374EAA7B1B1313E9F99E5A72067,2038
"source/upstream-07ecb7cf/Mage.Sets/src/mage/cards/b/BlimComedicGenius.java",05809236D6033EC1A2BB81A84080F3C0FF40367D6A1AE2688AE44031E7E6AA58,4071
"source/upstream-07ecb7cf/Mage.Sets/src/mage/cards/b/Blindblast.java",E8712E9ABEB8CF9FE9EDF1095CED6F668040448F1C687BF2ED8F51FDBD8F0AD5,1324
"source/upstream-07ecb7cf/Mage.Sets/src/mage/cards/b/BlindCreeper.java",2C3CD31A593DB840B42B0399482741DC88DBA64749E495A71DE4B51C3CD256AC,1904
"source/upstream-07ecb7cf/Mage.Sets/src/mage/cards/b/BlindFury.java",B5AFED668114B393FA9A4E8D8D0C271ACC106A680CD99F883CD3EF6281765760,2654
"source/upstream-07ecb7cf/Mage.Sets/src/mage/cards/b/BlindHunter.java",4BAA6E442C2EEF95E77B6773B5F28201960BC2B48CD7DE1FBEADE25DE43A28E8,1419
"source/upstream-07ecb7cf/Mage.Sets/src/mage/cards/b/BlindingAngel.java",C8A3CA8D223AF7018FB617E84617574B5F3F37D8F87A9C70D88653CD238C42F4,1327
"source/upstream-07ecb7cf/Mage.Sets/src/mage/cards/b/BlindingBeam.java",C05783E2E2D951B7D3D5D76D2BF2447F30572D9AFD57D36AA4385AF48E677109,4261
"source/upstream-07ecb7cf/Mage.Sets/src/mage/cards/b/BlindingDrone.java",D354DEF96FC0A17A083D06D3AB7138DB13CEBDD794D0D3CD7B7A218221A9CD84,1456
"source/upstream-07ecb7cf/Mage.Sets/src/mage/cards/b/BlindingFlare.java",9CA7E2F8BCD12D194C3CD9E2FB39FA1AFA49F2EA5672707AA12E4715F3678248,1133
"source/upstream-07ecb7cf/Mage.Sets/src/mage/cards/b/BlindingFog.java",AEC11DB364E79F8850CBE0A77B1B86E783C932CBA9BE1A8CA342C609CBB864B9,1241
"source/upstream-07ecb7cf/Mage.Sets/src/mage/cards/b/BlindingLight.java",B49C030E1AFF1E4B71762388AD15E842E42A62F852C2CB8424412DEBE3F93754,1081
"source/upstream-07ecb7cf/Mage.Sets/src/mage/cards/b/BlindingMage.java",C08A53E71E3D8C697259A60CFE0267F642702A2CAD36ADD0E536B8B03345E0E7,1308
"source/upstream-07ecb7cf/Mage.Sets/src/mage/cards/b/BlindingPowder.java",5AD217BE514A8B04466E1C28D40AE2ECDBAF46A050F96D3606CD451ED07BCDCF,1768
"source/upstream-07ecb7cf/Mage.Sets/src/mage/cards/b/BlindingRadiance.java",39719533741E4A56D20BB0B9B399326BF7D31D298E8C2002267EE2ADFCD39CF7,1257
"source/upstream-07ecb7cf/Mage.Sets/src/mage/cards/b/BlindingSouleater.java",44651DAD3DC8B29D41309BC6746F6D082B8A039BEF7635F518CF823048F51555,1398
"source/upstream-07ecb7cf/Mage.Sets/src/mage/cards/b/BlindingSpray.java",CDF666D64D6362B3DA912464461AAC8A66152798CC860A8678E7EAAD2F4BB467,1086
"source/upstream-07ecb7cf/Mage.Sets/src/mage/cards/b/BlindObedience.java",F3076E4363B7D1B026C0354DACB6DF9EB2BAF3876D7F2037BF4177340714EAF2,1282
"source/upstream-07ecb7cf/Mage.Sets/src/mage/cards/b/BlindPhantasm.java",637D94D33D9BB08A642152B1BE54932D6EB31F294E0E71DCDC82612DB9E58649,717
"source/upstream-07ecb7cf/Mage.Sets/src/mage/cards/b/BlindSeer.java",E82C448FDBF652E9443C58AC4100372FDBA93E944FCE7C53D09502F148FC3DCF,1314
"source/upstream-07ecb7cf/Mage.Sets/src/mage/cards/b/BlindSpotGiant.java",5A2A99B1F3EADF146CDBA9BFCBF8B30CCF25DF1E7CFA6B55AF47BF294BDC4E4E,1583
"source/upstream-07ecb7cf/Mage.Sets/src/mage/cards/b/BlindWithAnger.java",E0A5E654D448A712954A2A5A964502F9130CDDA89811D853E477E85998435100,1807
"source/upstream-07ecb7cf/Mage.Sets/src/mage/cards/b/BlindWorship.java",F13A3D60D509715D3F2975E7A04FFB6C8505DE4314B37DE6717C845DA0BCC88E,2285
"source/upstream-07ecb7cf/Mage.Sets/src/mage/cards/b/BlindZealot.java",B3075D635A093CF578322226F9844A68F65E3031C83822E764E9FE55732B975A,1985
"source/upstream-07ecb7cf/Mage.Sets/src/mage/cards/b/Blink.java",2988058369A0078149B4D2994B9AB14DE22A2C63D47C695FFF4F6B5FDD61D961,3255
"source/upstream-07ecb7cf/Mage.Sets/src/mage/cards/b/BlinkDog.java",60DA0B710CC9E68EDFC01945A4E601080F2308867ADA33E20ECDE1ECA53D767F,1203
"source/upstream-07ecb7cf/Mage.Sets/src/mage/cards/b/BlinkingSpirit.java",AE41FE5F7767027F3607843D9DF8F481BEEB12BAA584B1C95F566AB9397D8B0C,1097
"source/upstream-07ecb7cf/Mage.Sets/src/mage/cards/b/BlinkmothInfusion.java",59766D4EA1D5B1B20811AB9F568B41A67BC0266AC010D9558CB971283BAC42E0,949
"source/upstream-07ecb7cf/Mage.Sets/src/mage/cards/b/BlinkmothNexus.java",E46127B42C76D2B20A79B719CD70622DE65A55AF47A55F4732C78526FB87FB34,2338
"source/upstream-07ecb7cf/Mage.Sets/src/mage/cards/b/BlinkmothUrn.java",781F8C72FEF6E62F0084B66275918361B32178DC545AA692D33AE22163F1CC26,2521
"source/upstream-07ecb7cf/Mage.Sets/src/mage/cards/b/BlinkmothWell.java",80BA64062E51168FD533577EB4EB2325CB540D896E27B98597B581D730A4EBF9,1563
"source/upstream-07ecb7cf/Mage.Sets/src/mage/cards/b/BlinkOfAnEye.java",5EC861795E54519AB936B68C40864FE41827955DB0A9EDC6C77AFE6FF2104D62,1426
"source/upstream-07ecb7cf/Mage.Sets/src/mage/cards/b/BlisterBeetle.java",0FD89705B8D14330AABB0F6680BA99AAEF294CC71F8C830D6899929F92D43A31,1169
"source/upstream-07ecb7cf/Mage.Sets/src/mage/cards/b/BlistercoilWeird.java",8A49A983DD3B4070133F63197F404ED9CD66667F021AF0C8A2DE9C8ACD248B44,1417
"source/upstream-07ecb7cf/Mage.Sets/src/mage/cards/b/Blistergrub.java",4F51DDAC04148E6C06CF33B125DD97D6F8823DF1C3AE39CC79090495585FA144,1224
"source/upstream-07ecb7cf/Mage.Sets/src/mage/cards/b/BlisteringBarrier.java",6C4052012EA85FC48E75EFBC8C1BD20B312BD864C6A6247D926FE4543DC305A1,861
"source/upstream-07ecb7cf/Mage.Sets/src/mage/cards/b/BlisteringDieflyn.java",47F5017F01FA58BA196DEAA1DF5C8553AD38CC96D5D99703788924B76EA6104B,1196
"source/upstream-07ecb7cf/Mage.Sets/src/mage/cards/b/BlisteringFirecat.java",02E22D1E32436A43905E12866E2F8F91CB802FA9DB0812304646E63AFADE9EBD,1590
"source/upstream-07ecb7cf/Mage.Sets/src/mage/cards/b/Blisterpod.java",AAF711ACD3C81C8F07CA1A63A85DE05B198B8EA10FB7A227FBEB930A23C26B59,1277
"source/upstream-07ecb7cf/Mage.Sets/src/mage/cards/b/BlisterspitGremlin.java",50C9A91633DB5E6DB5A136E7C88C1ED7240BEE6A026898EBA0CD2078C233526D,1744
"source/upstream-07ecb7cf/Mage.Sets/src/mage/cards/b/BlisterstickShaman.java",D6F0CE95138984EC9962DAEB996EA6DEA3C10D5A05BE3A9F0CD07FDB3E6B58E3,1140
"source/upstream-07ecb7cf/Mage.Sets/src/mage/cards/b/BlitzAutomaton.java",7721B3935A37577D6D8083E654C7ADD95BAB84045891303818B473047FB9447A,1011
"source/upstream-07ecb7cf/Mage.Sets/src/mage/cards/b/Blitzball.java",152063027D27FBC70DA452B4709421492EFE642AC0CFE8D4BDB9CC6B77E3D8AF,3388
"source/upstream-07ecb7cf/Mage.Sets/src/mage/cards/b/BlitzballShot.java",5A144DC1679DFF8D6BF80D7797E0CAF6BDD5ED8C6ADC7A3760B5298D7D76CEE1,1188
"source/upstream-07ecb7cf/Mage.Sets/src/mage/cards/b/BlitzballStadium.java",02453116A92AA8C0F817CDDFFB7F8B73D314D24410EC55B10E869F71D374BED8,3500
"source/upstream-07ecb7cf/Mage.Sets/src/mage/cards/b/BlitzHellion.java",91A090D9BBDF23707597D2A43F3B8AF93504DD57B3AA4E847DDFA41C6E1FF948,1490
"source/upstream-07ecb7cf/Mage.Sets/src/mage/cards/b/BlitzLeech.java",13B6CCC29AF9168681705A9B99BA19785B6F5EFF380E315D71BABE94F53DC4B4,1601
"source/upstream-07ecb7cf/Mage.Sets/src/mage/cards/b/BlitzOfTheThunderRaptor.java",AFECF74EC30406190BB96AC154EB732495244B5E8E84B1AE5BFC369ECA0D017A,1915
"source/upstream-07ecb7cf/Mage.Sets/src/mage/cards/b/BlitzwingCruelTormentor.java",FEFCDB70DA4527F23DEA0A8B26565969FDAC904FC7E848616F289A290441B817,5112
"source/upstream-07ecb7cf/Mage.Sets/src/mage/cards/b/Blizzard.java",97E1BB011EEE77510888AD3C5E8A35EF7602049D566B0330321E3436BA14F671,2169
"source/upstream-07ecb7cf/Mage.Sets/src/mage/cards/b/BlizzardBrawl.java",591AC4976DFE52AC9B7956C166FAEC3255207FB292B9C174F0810C84F3F2F8F5,2971
"source/upstream-07ecb7cf/Mage.Sets/src/mage/cards/b/BlizzardElemental.java",2490E4DB9AC8718BA6C139AFE8DA866779ECD9CDAF439C45F549C29D8DF3A5F5,1187
"source/upstream-07ecb7cf/Mage.Sets/src/mage/cards/b/BlizzardSpecter.java",D01A7ECC387D33791D3FA9C12261687F5E259188438B16C249F130E06AE953BE,2909
"source/upstream-07ecb7cf/Mage.Sets/src/mage/cards/b/BlizzardStrix.java",ED9A5BCF2EDFC184503D47A169AA8F1F189D1A53992DF2CE5E5B113B08BBF93F,2612
"source/upstream-07ecb7cf/Mage.Sets/src/mage/cards/b/BloatedContaminator.java",C6DBF011251FA04EE89446DE59CF9D12E94B2BE8B75D1C786AA471CF7E551E77,1360
"source/upstream-07ecb7cf/Mage.Sets/src/mage/cards/b/BloatedProcessor.java",B9584FB720CA67ACBD9FA174E39167231C09B3A1891703A2CB74ECF979284CB5,2628
"source/upstream-07ecb7cf/Mage.Sets/src/mage/cards/b/BloatedToad.java",37155DBE8BE73D69ED28809C3F5A2944518EB98F328A23081DECFB5284C11AB7,1013
"source/upstream-07ecb7cf/Mage.Sets/src/mage/cards/b/BloatflySwarm.java",33829BF134817A688F69D420DE854DE65B5CCD83F6D1BCB3BF7EB3F0D6E8A5BE,2930
"source/upstream-07ecb7cf/Mage.Sets/src/mage/cards/b/BlockadeRunner.java",F842A81CAA72939377474B4CC10A8A9E34C0E532F72F0F1E4331807D57DECE53,1178
"source/upstream-07ecb7cf/Mage.Sets/src/mage/cards/b/Blockbuster.java",CB2363509FF6473875403A54F759E57D9305ABB511A571BD0092889852F7C180,1420
"source/upstream-07ecb7cf/Mage.Sets/src/mage/cards/b/BloodAgeGeneral.java",3CF218549471297CD64149F8F724D1FF084F3B1E35AEA8A524C4D8F8C4F134F9,1492
"source/upstream-07ecb7cf/Mage.Sets/src/mage/cards/b/BloodArtist.java",CDC2A8104A75107B3398D44232F7A058D924983CF0E06D7CEDC1D049D4A21CEB,1358
"source/upstream-07ecb7cf/Mage.Sets/src/mage/cards/b/BloodAspirant.java",5535DF5F18D950173AFCD5137A8FB03F8CCD8CCEEAC17C7DDAFBDF3907E5CFB5,2371
"source/upstream-07ecb7cf/Mage.Sets/src/mage/cards/b/BloodBairn.java",86882819744571A4007949E63B2B678AD63E0ADCD1634296E2236827C499FDBB,1327
"source/upstream-07ecb7cf/Mage.Sets/src/mage/cards/b/BloodBaronOfVizkopa.java",21DB16365D84E6FA198BB5A2CF3C78CBC437A7BAF5FB6F63F284470376F59D3F,3720
"source/upstream-07ecb7cf/Mage.Sets/src/mage/cards/b/BloodBeckoning.java",F1157FF3BBCD9798877C86C1C743C39728701EE81962799A3546C981AAD67025,1729
"source/upstream-07ecb7cf/Mage.Sets/src/mage/cards/b/BloodboilSorcerer.java",B6B6537699E1E8E9CF4AB4BB729C06F6792AEEE4DBA60F3C0033F877AAEA1C14,1993
"source/upstream-07ecb7cf/Mage.Sets/src/mage/cards/b/BloodbondMarch.java",3FA3C03671A31943FE0931F99F7206877F5840E6CE167B0453C4FE51F290B963,2656
"source/upstream-07ecb7cf/Mage.Sets/src/mage/cards/b/BloodbondVampire.java",2A7A29B0BC737DAE3C9BC2D0D2B810E4DDF5AB53F4D14132AF1F3F442510FECB,1151
"source/upstream-07ecb7cf/Mage.Sets/src/mage/cards/b/BloodbornScoundrels.java",658C2144677EDBB2B99B5B571B6B103B26805DAA3EFAB01B0150135645E43BE3,1537
"source/upstream-07ecb7cf/Mage.Sets/src/mage/cards/b/BloodbraidChallenger.java",86183C3026D55F7F493FA4EA1E04D8F8294311DA80113FA457ED457C24FADBEE,1195
"source/upstream-07ecb7cf/Mage.Sets/src/mage/cards/b/BloodbraidElf.java",85932C7D353B55E411E226A5D113AD7389AEC8F7A5AB45653CCA34544D415F59,952
"source/upstream-07ecb7cf/Mage.Sets/src/mage/cards/b/BloodbraidMarauder.java",AFD382F5C8739F1757C1D39119803A97F4C27B316F769A4F079940FB979B7090,2442
"source/upstream-07ecb7cf/Mage.Sets/src/mage/cards/b/Bloodbriar.java",D0E0591CBE03284027734150F6544B51EB1E4801654DBB881BDC3B078C4917F2,1204
"source/upstream-07ecb7cf/Mage.Sets/src/mage/cards/b/BloodBurglar.java",1B196CA80B4B9DCD9DC13B125A4EF95916E6A596F90204F3B6F309AD8216BF21,1638
"source/upstream-07ecb7cf/Mage.Sets/src/mage/cards/b/BloodCelebrant.java",5449643D035A9311A8C61ABDB334C134806687F69219245EA6FD852025A3C3BF,1182
"source/upstream-07ecb7cf/Mage.Sets/src/mage/cards/b/BloodchiefAscension.java",5F90E72DA2F5B7562578E8911BF77666F8837F56651F67474E41D44233799669,2485
"source/upstream-07ecb7cf/Mage.Sets/src/mage/cards/b/BloodchiefsThirst.java",CE4B338AADB082E1669D75EDC5194B03423728BCBE3210BE552FAFB07FD24557,2111
"source/upstream-07ecb7cf/Mage.Sets/src/mage/cards/b/BloodChinFanatic.java",B37CD7352AAAF4D18DD711164417019A928CBF84A5BBDEC9012A32793F25D6BB,2404
"source/upstream-07ecb7cf/Mage.Sets/src/mage/cards/b/BloodChinRager.java",9642A018FF9534287210503E9267C1EDCCE30A77CE4F016F6B124521A98D2534,1555
"source/upstream-07ecb7cf/Mage.Sets/src/mage/cards/b/BloodClock.java",8EEE84FF5335E2F041F38EB1C9AAEEE926612A32134E4CBE2EF24C9C4F2E5A8C,2793
"source/upstream-07ecb7cf/Mage.Sets/src/mage/cards/b/BloodcrazedGoblin.java",8F5C26FB07BAAC913BB13879B5AF135D768E08210198830A8D5AD19CD70F9DB9,2150
"source/upstream-07ecb7cf/Mage.Sets/src/mage/cards/b/BloodcrazedHoplite.java",A3FD16035B7CBE3CF83DFA923577214D6A6431E88ABE211EE50893A842395BD0,2854
"source/upstream-07ecb7cf/Mage.Sets/src/mage/cards/b/BloodcrazedNeonate.java",4EF38A55C14F96E7AB61FA6D3945A4F6EBD2A38C40C551FAAEA5812796FC1E73,1350
"source/upstream-07ecb7cf/Mage.Sets/src/mage/cards/b/BloodcrazedPaladin.java",676A51630E0C4A0CF66504A0F6976798611D539146CF102CB7DA5B3EFA8E343F,1663
"source/upstream-07ecb7cf/Mage.Sets/src/mage/cards/b/BloodcrazedSocialite.java",745C8EA735CEFB9EC88CBD2C85FA4B2847459E771A40E3403BCC2655E5907A4A,2190
"source/upstream-07ecb7cf/Mage.Sets/src/mage/cards/b/BloodcrusherOfKhorne.java",9BEF393678AA32316933B51DC082F8121CE302F3BB32298BF26475CF3338107F,1461
"source/upstream-07ecb7cf/Mage.Sets/src/mage/cards/b/BloodCrypt.java",7E26EA9457AFA5F6F61F977549D71CB515704BCC467FD4D1E8F4A3FEBE1BD26B,1126
"source/upstream-07ecb7cf/Mage.Sets/src/mage/cards/b/BloodCultist.java",E582C7C49DAF9CA78593C1A6B9D0464F87FD8B5428761590B2E6391AE6A7816F,1670
"source/upstream-07ecb7cf/Mage.Sets/src/mage/cards/b/BloodCurdle.java",AF344E0525671898E0A3E21CEC49378F15AE210D320EF9336F42955B85A13619,2384
"source/upstream-07ecb7cf/Mage.Sets/src/mage/cards/b/Bloodcurdler.java",FC858A787A9C214D6B9740FEFDA70380017BBD65B98D79117A273BCC89F14AD9,2605
"source/upstream-07ecb7cf/Mage.Sets/src/mage/cards/b/BloodcurdlingScream.java",AE453494DFB6BFCA24C48833A0B8115D2C18EC749F3EB9CA2B434609C40AA8CF,1145
"source/upstream-07ecb7cf/Mage.Sets/src/mage/cards/b/BloodCursedKnight.java",4037E8F9D289125ED60AB4F1301C4547EC72D2C1CDC9C91FB1760BA360646D52,2160
"source/upstream-07ecb7cf/Mage.Sets/src/mage/cards/b/BloodDivination.java",976C58A93F4A5F334C9DDE8583297F482ABB96D3CB1AC976AA58D78251D2CF4F,1072
"source/upstream-07ecb7cf/Mage.Sets/src/mage/cards/b/BloodfeatherPhoenix.java",581C34E15392D24D21BBBA69752D182A793A147D7B71D90AB9D27892F4165807,4462
"source/upstream-07ecb7cf/Mage.Sets/src/mage/cards/b/BloodfellCaves.java",A73C1A7AEFE9A4BC9567E58E4C5A341D26CE6C16AC9FD32FD418307491CED1AD,1245
"source/upstream-07ecb7cf/Mage.Sets/src/mage/cards/b/BloodFeud.java",3739DF2E723419DB01CE8A9F35F9878D5ECE3B32102325A503532D37473F23B2,1079
"source/upstream-07ecb7cf/Mage.Sets/src/mage/cards/b/BloodfireColossus.java",BC26516A7B5F2605343B5CB1DDDC5EA8295A28353540C397639F68B18EC301D9,1278
"source/upstream-07ecb7cf/Mage.Sets/src/mage/cards/b/BloodfireDwarf.java",45C6E6B54587CB96E44FF3AEC1325642689CC073E3887BF4D8DCAB7387240645,1651
"source/upstream-07ecb7cf/Mage.Sets/src/mage/cards/b/BloodfireEnforcers.java",BB2D12E43EE828099DA13F6397C77F53335B4847348C870124495DDC0C1971E4,2969
"source/upstream-07ecb7cf/Mage.Sets/src/mage/cards/b/BloodfireExpert.java",9BFA80535C7A838CE04B88840F6FFDFCF923234905D1526E50F467F52B3F3ED6,856
"source/upstream-07ecb7cf/Mage.Sets/src/mage/cards/b/BloodfireInfusion.java",A8B8A26B39F586B13C5750CD3C3E2CC637BBDF8407502376B3C7D30F5324EEAD,2185
"source/upstream-07ecb7cf/Mage.Sets/src/mage/cards/b/BloodfireKavu.java",F08EA8AC4DD81B1CBEFF8E918B5474268425566DAC2DF5C44CFDB0EEB8454204,1315
"source/upstream-07ecb7cf/Mage.Sets/src/mage/cards/b/BloodfireMentor.java",01561699F8B30B02D3300EBC8FD2D1423FEA8A0B9F2CD1356355F5F855C3BFEF,1282
"source/upstream-07ecb7cf/Mage.Sets/src/mage/cards/b/BloodflowConnoisseur.java",3A8AE4B9FE29408B1AC271EA5C15DA1AB467DEF3E2ACE1DF5CABA90FEFAF2DE7,1538
"source/upstream-07ecb7cf/Mage.Sets/src/mage/cards/b/BloodForBones.java",402027DF5250828BA546D5D4EF3349BC603B933C35C582C7EBFFE0F39AEC265D,3197
"source/upstream-07ecb7cf/Mage.Sets/src/mage/cards/b/BloodforgedBattleAxe.java",888B6873869FC51F26CD92FB273DF42D1C2A56F7C5912978BECA3CC76C33EAD0,2676
"source/upstream-07ecb7cf/Mage.Sets/src/mage/cards/b/BloodForTheBloodGod.java",94BBE27DBC02680BDCBD920DC1D2E20951D61900D819645269ACDDEF9202BA1B,2110
"source/upstream-07ecb7cf/Mage.Sets/src/mage/cards/b/BloodFountain.java",8F09FD4B8B3B0AC3153B79941BC0C1147307E6F00D7A7AD6191E4EB4AB9768E1,1846
"source/upstream-07ecb7cf/Mage.Sets/src/mage/cards/b/BloodfrayGiant.java",D53DA7D574EC33750FB942DD017A32E7B8EBBBFCA97A1A7BA56000EED5B33DBF,1112
"source/upstream-07ecb7cf/Mage.Sets/src/mage/cards/b/BloodFrenzy.java",7E8D476EB01FDBEB5D720D6D8FB85137EE5B8214D76DBE842FD804E4E9BD4A94,2827
"source/upstream-07ecb7cf/Mage.Sets/src/mage/cards/b/BloodFunnel.java",A238BEDBA1A7F9E6D70210C50C49E32095F292FE49E387B26CB390E91B1C4133,1923
"source/upstream-07ecb7cf/Mage.Sets/src/mage/cards/b/Bloodghast.java",FFA59B6DB05372083F8286C50C7249757C4C37974094FE4EAC9A76F1A949CF8B,2012
"source/upstream-07ecb7cf/Mage.Sets/src/mage/cards/b/BloodgiftDemon.java",EA94083F7434797EF1A48576A13277CDB2CC01D88E5DABF256FAB34F42B16071,1421
"source/upstream-07ecb7cf/Mage.Sets/src/mage/cards/b/BloodGlutton.java",B4DEAE71FB56BD520EC0660063002785129429465AF17EC66D2BEDED08BA6529,838
"source/upstream-07ecb7cf/Mage.Sets/src/mage/cards/b/BloodhallOoze.java",177AAB306D6454172A6C996AC090612D6FC015634E2C8A685ED6671424E79F5A,3957
"source/upstream-07ecb7cf/Mage.Sets/src/mage/cards/b/BloodhallPriest.java",F88A2C9A529C31ED671B14A1C530B6D3D8F12DF5F38F66EDF66B73B731DD1D98,1625
"source/upstream-07ecb7cf/Mage.Sets/src/mage/cards/b/BloodhazeWolverine.java",9B404A8ADCF879887488534C09334781DFBAA58AE76CAAF111BCA922A79B99AB,1589
"source/upstream-07ecb7cf/Mage.Sets/src/mage/cards/b/BloodHost.java",23183653E2CBAC403B4AAABB3C52A078C1DE1CF08CA5A64ABCC36D8304B89138,1809
"source/upstream-07ecb7cf/Mage.Sets/src/mage/cards/b/BloodHound.java",69DDFCCC49F5459BE456F918486F6DA1E2B75DAEC66C530B1BF17F837CB7654B,1637
"source/upstream-07ecb7cf/Mage.Sets/src/mage/cards/b/BloodhunterBat.java",A4CAB6122C73F68D4A7C9CEA092941B959B1CC5B8EE9B83CA0D45144FE990F13,1421
"source/upstream-07ecb7cf/Mage.Sets/src/mage/cards/b/BloodhuskRitualist.java",D2E84EEDAA09D76850003D34C60AC533E6CB9A93CC76DC060C0BD536C7DB6C5E,1555
"source/upstream-07ecb7cf/Mage.Sets/src/mage/cards/b/BloodHustler.java",CCDD048B718452DD16F84401A0D2EC70E93B646FC77A4FC3F9EE16B1216F9A22,1840
"source/upstream-07ecb7cf/Mage.Sets/src/mage/cards/b/BloodHypnotist.java",3A299F39BDF1354186B26D12B5D00C4E82ED577DC82E643490D6683749ADAD73,1794
"source/upstream-07ecb7cf/Mage.Sets/src/mage/cards/b/BloodiedGhost.java",DB3E44D1D155DC7D738078C8C4E1483A5A8FC55D96E0D80B5E8D982845B00A0A,1126
"source/upstream-07ecb7cf/Mage.Sets/src/mage/cards/b/BloodKnight.java",5006599BA6604FE0AA9C057A533ACF68CF161EF3DD33DFF6B7BF6A613267CE40,1032
"source/upstream-07ecb7cf/Mage.Sets/src/mage/cards/b/Bloodletter.java",E66C977F02056A340A557242B9BF6633107DCF4E6923088D4D37738D4C2AFC9D,3344
"source/upstream-07ecb7cf/Mage.Sets/src/mage/cards/b/BloodletterOfAclazotz.java",088C1DE8290E1F6437F75B867DC4400DD53A563709A8D36E3D1AEA2DD715539C,2515
"source/upstream-07ecb7cf/Mage.Sets/src/mage/cards/b/BloodletterQuill.java",D69EFF718A65E4C789EAB9597DF6193B595246B93CE11E7E11B0FD5346E29199,2036
"source/upstream-07ecb7cf/Mage.Sets/src/mage/cards/b/BloodlineBidding.java",8AE32573CC220C332E1C79395353B2DDECE7C70ADCF2D7E99D2FB57584B89683,2626
"source/upstream-07ecb7cf/Mage.Sets/src/mage/cards/b/BloodlineCulling.java",A373E682747FC891B85967EEC0DE56DDCF511DD8C3180D5F637B0D55D6461066,1306
"source/upstream-07ecb7cf/Mage.Sets/src/mage/cards/b/BloodlineKeeper.java",DECCDBC8B47351724663AEDB5FC4E1FBD10970C71B467A1C066809F18F2347E3,3603
"source/upstream-07ecb7cf/Mage.Sets/src/mage/cards/b/BloodlineNecromancer.java",C32005944FD5B1F4EAAD7EB4E943CD08856D9DF112F3D2BE26456C0303A2042B,1914
"source/upstream-07ecb7cf/Mage.Sets/src/mage/cards/b/BloodlinePretender.java",0D9D79955BCD0BCB04196D8A8C80937CF15C88DCF69C1884AB653FF603B86DE8,2182
"source/upstream-07ecb7cf/Mage.Sets/src/mage/cards/b/BloodlineRecollector.java",24DE7C154B37A1EB1D0DF132E82D298A2FE02C7026D63026BB715D4F0DC68D9C,2566
"source/upstream-07ecb7cf/Mage.Sets/src/mage/cards/b/BloodlineShaman.java",24C2ED38CEE2F10F154A4FD7698C67671D76C7B9C9832DC9E0A54E391A0A9E9F,3489
"source/upstream-07ecb7cf/Mage.Sets/src/mage/cards/b/BloodlordOfVaasgoth.java",97BBB5CD382113D587AEADAF639A6A079F8794750F4223C1B9DC81AF89D4FC7B,3631
"source/upstream-07ecb7cf/Mage.Sets/src/mage/cards/b/BloodLust.java",5C1E48AE8FDD29C58C2E560DBE137A9F77AB7B05CDDCA8AC033AC8943D44AA1E,3430
"source/upstream-07ecb7cf/Mage.Sets/src/mage/cards/b/BloodlustInciter.java",7D867CC0B21981BF30D0C9263F727E4D487F6D561FCF92B92EFDA195131EB626,1423
"source/upstream-07ecb7cf/Mage.Sets/src/mage/cards/b/BloodmadVampire.java",5BE69D02F61036B3E9FEDBCF6CE098BBCF557BB70063FF0AADE18966C7DFDE55,1365
"source/upstream-07ecb7cf/Mage.Sets/src/mage/cards/b/BloodmarkMentor.java",24568E3F63CEA42A5A38B3E13D8DE4632E49E1C99333D49745A65D272898D3A9,1506
"source/upstream-07ecb7cf/Mage.Sets/src/mage/cards/b/BloodMist.java",5147731382AF6384229603C5198869023B7E6A1977B5E590C4A4FA0E03324830,1209
"source/upstream-07ecb7cf/Mage.Sets/src/mage/cards/b/BloodmistInfiltrator.java",884781DB61D9E6D5DCB77B9114CBAF1226F18EABEC93E693433226507FF98E95,1509
"source/upstream-07ecb7cf/Mage.Sets/src/mage/cards/b/BloodMoney.java",CD61464B1E89E8EF05DEBEF9E3E229F5F3A20D9DD8952CC52763A494DF7D3AF9,2023
"source/upstream-07ecb7cf/Mage.Sets/src/mage/cards/b/BloodMoon.java",BB2EE5D76ABDCA282DFF175A47D0D7DB6FF46BEF80DE9EC2ECB742668AD43ED0,785
"source/upstream-07ecb7cf/Mage.Sets/src/mage/cards/b/BloodOath.java",297AF859C65003646C1DEECFFC4C5653B7E5051402BBB0AFFD248CFB01A0C883,4619
"source/upstream-07ecb7cf/Mage.Sets/src/mage/cards/b/BloodOfTheMartyr.java",5E1303B5F568D6AA251FCA1B083C2AA51D1ECE0E957456987C089D884D28EB3E,2804
"source/upstream-07ecb7cf/Mage.Sets/src/mage/cards/b/BloodOgre.java",D5F4DC8E16A4C5C751EDCDED7B791A61F2D9AFCC65ABE1FE16A1CC2B9E5A4A57,917
"source/upstream-07ecb7cf/Mage.Sets/src/mage/cards/b/BloodOnTheSnow.java",39DC9870F232310F9929C15C3D7E6CF1F1FD9E3B7621A95CD09A6D29F318F472,3387
"source/upstream-07ecb7cf/Mage.Sets/src/mage/cards/b/BloodOperative.java",B614833D581193EA00EF896F9BBA2DD62E45A200E399D124B62BDCCBA40A7F24,2124
"source/upstream-07ecb7cf/Mage.Sets/src/mage/cards/b/BloodPact.java",13EC0452B84965B8A52A8C05F93D7CCB3658EF3ED8855BB0AAE6871E6852BF16,965
"source/upstream-07ecb7cf/Mage.Sets/src/mage/cards/b/BloodPet.java",675068B4EAC3866C750751707A0C2B2760D7553C82B619EDC93A5A916AB99D5F,983
"source/upstream-07ecb7cf/Mage.Sets/src/mage/cards/b/BloodPetalCelebrant.java",B899F59F668C3085FDF7AD6295AF3BEB6E8F25ED6AD8419E1AD0C91FD6EC21CD,1793
"source/upstream-07ecb7cf/Mage.Sets/src/mage/cards/b/BloodPrice.java",D0385A9AAA0C18C8E2759919E7D6BB1A48CCFDF75C57DEC54DEFF525D5C67111,1067
"source/upstream-07ecb7cf/Mage.Sets/src/mage/cards/b/BloodpyreElemental.java",EAC52595D4E173612CFA78E9748C60A01A75B27C75ED84C64D25C65D3DB5BB82,1432
"source/upstream-07ecb7cf/Mage.Sets/src/mage/cards/b/BloodrageBrawler.java",256D28FF24D92BDF7AE155BCF798DE10552573F7E4C0924A0417E7CE2AD663DF,1069
"source/upstream-07ecb7cf/Mage.Sets/src/mage/cards/b/BloodrageVampire.java",01E3A953AF0AF78F0B3198C3068AE99EF00736302A01A449E37F80252EA6AA40,837
"source/upstream-07ecb7cf/Mage.Sets/src/mage/cards/b/BloodReckoning.java",CA0C02ABD5284B9ECD13DDEE60553DF297F5715A54234B3CDE2CF84B264F0F4C,1176
"source/upstream-07ecb7cf/Mage.Sets/src/mage/cards/b/BloodResearcher.java",9664740EEF4736EA3403A2C2F37514C49CFD03548104EC089E817909F50081BE,1294
"source/upstream-07ecb7cf/Mage.Sets/src/mage/cards/b/BloodriteInvoker.java",44ED596A760D59F06379FB06A69D11334E5EF3DBF087AB4C13CA8ADA0321D31D,1313
"source/upstream-07ecb7cf/Mage.Sets/src/mage/cards/b/BloodRites.java",79BC8218710705134096FD81792877EE4B7D5A68CAF1DC0E6D7C2416260A7C17,1229
"source/upstream-07ecb7cf/Mage.Sets/src/mage/cards/b/BloodrockCyclops.java",8FB19D2602924C0E7C7F2E2DB3AF7851AA46C55D2944F013546676246ABBE5CE,857
"source/upstream-07ecb7cf/Mage.Sets/src/mage/cards/b/BloodrootApothecary.java",F1EBE6727E42839A10DDD28A3C6BC33767D806638EE1AFF99EE68543E9388D48,2555
"source/upstream-07ecb7cf/Mage.Sets/src/mage/cards/b/BloodscaleProwler.java",F2012BABF1211E1868FC529209D064DF620F4398F2ED1597D1A7134314A55EB7,930
"source/upstream-07ecb7cf/Mage.Sets/src/mage/cards/b/Bloodscent.java",3FB42F7ACACA06E41B8186997DC5D43E1E3DC355D972124FF0DA8AFD2B8738AC,926
"source/upstream-07ecb7cf/Mage.Sets/src/mage/cards/b/BloodScrivener.java",BFF741BBE119B94B06EE7B7826B55425B4797191CF5B9AA554F424882809A2E4,2504
"source/upstream-07ecb7cf/Mage.Sets/src/mage/cards/b/BloodSeeker.java",24945EB77BF3D2AFD8F7BF9220DB27AC3E91E00ECE7CFA26151C999AF7D729BA,2569
"source/upstream-07ecb7cf/Mage.Sets/src/mage/cards/b/BloodServitor.java",4D424816E235A1EE8281E63F2476B20BC4B1BBE51FFDD445D2D5A0214A277680,1086
"source/upstream-07ecb7cf/Mage.Sets/src/mage/cards/b/BloodshedFever.java",8E60309E5B07348879111359EBD808039BDC5CD0BD05159D262F0695F1D19AEF,1458
"source/upstream-07ecb7cf/Mage.Sets/src/mage/cards/b/BloodshotCyclops.java",7008A3C8BF9C36564777822B31B8D3376CB3EC5654E348D87C1BFC0C1DB0A53E,1791
"source/upstream-07ecb7cf/Mage.Sets/src/mage/cards/b/BloodshotTrainee.java",68F4D388CF6702DAB5CEB968E8A84237EC4787E42CB3814C8906C00A22F6EF05,1804
"source/upstream-07ecb7cf/Mage.Sets/src/mage/cards/b/BloodskyBerserker.java",83EC275434FC94EE2BA3C8BB602A24579E6068381E749D5D9C67AAC48113EC48,1725
"source/upstream-07ecb7cf/Mage.Sets/src/mage/cards/b/BloodsoakedAltar.java",ACBDB76EC755C8E3B1B9107CC796A2D32248622C7918097B7FC3DC4DAD3BDD9A,1655
"source/upstream-07ecb7cf/Mage.Sets/src/mage/cards/b/BloodsoakedChampion.java",E14743C2707BFB16BDEAD870BBD4B8DA9EF434E674C1C81C0408F1D4570FC576,1798
"source/upstream-07ecb7cf/Mage.Sets/src/mage/cards/b/BloodsoakedInsight.java",F1B095CB72E28C07C10643F5A2D2F0203C912E5C3A91D1297E4D27CBD3945C03,4395
"source/upstream-07ecb7cf/Mage.Sets/src/mage/cards/b/BloodSpatterAnalysis.java",7083D0EF583DF55B938A9772A565BFD20B34AC8DAB4009CAA57759B7422558DD,3126
"source/upstream-07ecb7cf/Mage.Sets/src/mage/cards/b/BloodSpeaker.java",392170AF0C902F1B7B68E974E3A174A64B61D305D03D193D191D519DC29CB35C,2220
"source/upstream-07ecb7cf/Mage.Sets/src/mage/cards/b/BloodsporeThrinax.java",C9D0E6B8002CF2EA1845DE796A81D4D84DA34CDC794D2DF76367DABDDEBEACC4,3209
"source/upstream-07ecb7cf/Mage.Sets/src/mage/cards/b/BloodstainedMire.java",AD7B75C9E75559F73FAA1CC900CF37D2C8469ABDB53952CA03D462E19973C98B,996
"source/upstream-07ecb7cf/Mage.Sets/src/mage/cards/b/BloodstokeHowler.java",B621A456D2BAFDC67BDED2250034DB2EF5FB21A9317EA1711C677476B424DAC9,1514
"source/upstream-07ecb7cf/Mage.Sets/src/mage/cards/b/BloodstoneCameo.java",B431E3194B7256E102C360ABDAC4899D61ED222ADE5F4E1CC63395A044B72A31,772
"source/upstream-07ecb7cf/Mage.Sets/src/mage/cards/b/BloodstoneGoblin.java",D4DD6DA351F6C2853847856CACD34557608EB2DB6294F68197DDEAAAAFA777BE,1884
"source/upstream-07ecb7cf/Mage.Sets/src/mage/cards/b/BloodSun.java",80670403C465E3F6064DE3D42811F49E3763BDC8FEE435BE7AAC16304A726F7F,2892
"source/upstream-07ecb7cf/Mage.Sets/src/mage/cards/b/BloodswornSquire.java",B337D8EA252C3F6F91932548DBB3C6F6820DB126FADEBEAEF67B1261C1F0AF57,3631
"source/upstream-07ecb7cf/Mage.Sets/src/mage/cards/b/BloodswornSteward.java",0821B23BCA7187F794E8999A7F2588CC428D13FC88C015001C023E999AB46AF7,1976
"source/upstream-07ecb7cf/Mage.Sets/src/mage/cards/b/BloodtallowCandle.java",38DFB3031B6551DFB0D613D914266B5784767EBED47D46981F9927BE9EBCAB5A,1417
"source/upstream-07ecb7cf/Mage.Sets/src/mage/cards/b/Bloodthirster.java",5A55EE7E7FD7493E96B6719AE739F8C26D9CFAA7E8240B4640EFB05F2162732C,3848
"source/upstream-07ecb7cf/Mage.Sets/src/mage/cards/b/BloodthirstyAdversary.java",EDFFB5213550279655DB4F32C397959E8249CAAEA899F9DD2D652F71738F84C5,5612
"source/upstream-07ecb7cf/Mage.Sets/src/mage/cards/b/BloodthirstyAerialist.java",0DCAC1D195570A14E6A8ECB6A970847FAC09EF96B7068E22C2879EC0257FE9A4,1344
"source/upstream-07ecb7cf/Mage.Sets/src/mage/cards/b/BloodthirstyBlade.java",147AB721E1802DC99E9090E7EE1F614E2EE15778EABA4D57C08BE454FEE0483A,1889
"source/upstream-07ecb7cf/Mage.Sets/src/mage/cards/b/BloodthirstyConqueror.java",8373BD726BCFD0EE927D7EA4EA418BFDC79E1A946C8E39D3B07AC449F13D81C4,1498
"source/upstream-07ecb7cf/Mage.Sets/src/mage/cards/b/BloodthirstyOgre.java",81DDA5BDA8699917C6DE0D584FC59A093F1827892479BA9B773D24634BD7D75F,2720
"source/upstream-07ecb7cf/Mage.Sets/src/mage/cards/b/BloodthornFlail.java",D97FEC6D845046CB332ECF6BB57D2BFB2AC3224A435DC27735D5FD5EEA2E65B7,1393
"source/upstream-07ecb7cf/Mage.Sets/src/mage/cards/b/BloodthornTaunter.java",C8FD4BC0A6D05A9DCD94EB72BB2518CA85C58848F2C9AE1C49D16A34B00E0573,1686
"source/upstream-07ecb7cf/Mage.Sets/src/mage/cards/b/BloodthroneVampire.java",AB8B1713ED01172F28705B08E3DE9A3DDF772E6035ACEBDC1E7074F67E788029,1288
"source/upstream-07ecb7cf/Mage.Sets/src/mage/cards/b/BloodTithe.java",E6DA12371E85F8D322F0AFFEDF074C6B1754D2A9D9A269F50B141E56651424C4,801
"source/upstream-07ecb7cf/Mage.Sets/src/mage/cards/b/BloodtitheCollector.java",D3BBB1E1A71D2714D6E2FFC74FE36C16F383DFB3636FCD965DEF2C888E755888,1551
"source/upstream-07ecb7cf/Mage.Sets/src/mage/cards/b/BloodtitheHarvester.java",0BD74E652F8F4E380C14FC8856B060748ABDBF94826C10DEEDB4AA5219A55B5F,2811
"source/upstream-07ecb7cf/Mage.Sets/src/mage/cards/b/BloodTollHarpy.java",8721D83E926C1E3C0C2146F2A5D7A2847E4E8FED5C7E52708AC3DB95F542684F,1147
"source/upstream-07ecb7cf/Mage.Sets/src/mage/cards/b/Bloodtracker.java",5080CA82938092365756F393D95ED5F2CC63BDE665A01F0F563E00CC80D3BC2D,1996
"source/upstream-07ecb7cf/Mage.Sets/src/mage/cards/b/BloodTribute.java",CAC29BF24EC5DB11843170BC339E57EB8517CFAF0FEA5DB2D2AFC1FD5A445580,4024
"source/upstream-07ecb7cf/Mage.Sets/src/mage/cards/b/BloodTyrant.java",AA25D1CEDA924945F0F203D9DA460C68E70E586880FDA9CEC3F4E678E5C2E0C7,3915
"source/upstream-07ecb7cf/Mage.Sets/src/mage/cards/b/BloodVassal.java",C2339EEC54E4BA6CFACB727EF946321D160D89E8EE057DCB91AE42CC6DF35E7E,1014
"source/upstream-07ecb7cf/Mage.Sets/src/mage/cards/b/BloodvialPurveyor.java",AFC906E803F9E8AA79C790E64201DD6DC38BCB06E8A55EB4539465F8E747278B,2527
"source/upstream-07ecb7cf/Mage.Sets/src/mage/cards/b/BloodwaterEntity.java",AEDE2F43E001F225244C76A09F7D0DEF8E3C0D3A43F0D586DA2F3CA3EC7EB306,2074
"source/upstream-07ecb7cf/Mage.Sets/src/mage/cards/b/BloodyBetrayal.java",32C114DD32A15667AE546EF22B962F0D70F9C4F23FCA00E8A44F4B8C2B434D8F,1635
"source/upstream-07ecb7cf/Mage.Sets/src/mage/cards/b/BloomHulk.java",3133B64CBFFE639C0052DFB61910A52026645D40C7D25EC5E3373B0A1EE8E689,1130
"source/upstream-07ecb7cf/Mage.Sets/src/mage/cards/b/BloomingBlast.java",099B6FF447C135807CDAB24AFFB94386622D0CB1FACE1F684B6FC31A8F01ED14,1577
"source/upstream-07ecb7cf/Mage.Sets/src/mage/cards/b/BloomingMarsh.java",D46D9004B3F3AB9603F725F160610725C5A99555A8A4DEE5AF32F4348490A766,1574
"source/upstream-07ecb7cf/Mage.Sets/src/mage/cards/b/BloomingStinger.java",42788556621ED7DE0832585E1E68A199E141305FDFB50D92FFC9FDA97A2084AB,1520
"source/upstream-07ecb7cf/Mage.Sets/src/mage/cards/b/BloomTender.java",BC688C7CEC2BD894CA17B6C73F949E9B638711B87F30393EBD3D8AC3711AE3CB,1010
"source/upstream-07ecb7cf/Mage.Sets/src/mage/cards/b/BloomvineRegent.java",7A36E59DD50CD9161518AC579E34488148EFC9F523DF194A7A967D16AD7D94E1,2197
"source/upstream-07ecb7cf/Mage.Sets/src/mage/cards/b/BlorbianBuddy.java",E050E3665AB5F4528C259132976940D85698D0273F7D50EAE3580D9B3E0D89F0,1375
"source/upstream-07ecb7cf/Mage.Sets/src/mage/cards/b/BlorTheImpervious.java",0B24ADEB32C48B79CB5A5A99D149CD01002B17AADA735ABA8594109C30DDEA65,1249
"source/upstream-07ecb7cf/Mage.Sets/src/mage/cards/b/Blossombind.java",ECCED35B837324EFD0C65EECB0AA194C54FD715B4EDEB277E8D2DEBD87D160D9,3856
"source/upstream-07ecb7cf/Mage.Sets/src/mage/cards/b/BlossomDryad.java",9CF9BAD3CA7BD41352E09C14B95AB2A7FC8D8BDFEA5EA987308B25A01C8938BE,1204
"source/upstream-07ecb7cf/Mage.Sets/src/mage/cards/b/BlossomingBogbeast.java",7F4F6A9F13BA51CDE1E335A214B0C0C61B860F210E1133676B36AE163EC24955,2232
"source/upstream-07ecb7cf/Mage.Sets/src/mage/cards/b/BlossomingCalm.java",77CF14EEB08DAEA6A9D6D751D34A83F89A31204224EC06370D5EAB2DA2C11B3E,1215
"source/upstream-07ecb7cf/Mage.Sets/src/mage/cards/b/BlossomingDefense.java",2FEFCBD443AEA362A7530FB97A029C99967BDEF285E6DD2100F3EB674E378CDF,1441
"source/upstream-07ecb7cf/Mage.Sets/src/mage/cards/b/BlossomingSands.java",0D1815D89D70B007EB5434653C7714025977A2D4753153EC39EE0717490F7F1E,1249
"source/upstream-07ecb7cf/Mage.Sets/src/mage/cards/b/BlossomingTortoise.java",8551716D6E19AE2F14ECF37908F2D2F05A558F0B50B419E1E85C173742A2D9B6,3563
"source/upstream-07ecb7cf/Mage.Sets/src/mage/cards/b/BlossomingWreath.java",3EFBD3AA0AFD2E4C5CC0F6DE2518A2AF548F8D7694451506DB97110FDA64C1EB,1814
"source/upstream-07ecb7cf/Mage.Sets/src/mage/cards/b/BlossomPrancer.java",8E02BA6B31132F5A342E8F7B66C3E40AC89CDE0E030FD4D401269124581A828C,1977
"source/upstream-07ecb7cf/Mage.Sets/src/mage/cards/b/BlotOut.java",F1AEC72C1CC548E16430421709BAEAA88A75D57AFD1E6DE58D511F1E3D9D60F6,3759
"source/upstream-07ecb7cf/Mage.Sets/src/mage/cards/b/BlotOutTheSky.java",80813CF5C6A666F4A81E10F8D808D535B44BECB5ED01178F517BEBCEAC61A9E1,1988
"source/upstream-07ecb7cf/Mage.Sets/src/mage/cards/b/BlowflyInfestation.java",D052EDA699CF64411C58EDD76D383930FD1A3ADCDEE65B40761C8A08E32BD45A,1518
"source/upstream-07ecb7cf/Mage.Sets/src/mage/cards/b/BlowYourHouseDown.java",272B2AD4138A5B5F1A1833D7335C93FA110AB0C8556FDB64F3EBBF504703FABC,2138
"source/upstream-07ecb7cf/Mage.Sets/src/mage/cards/b/BludgeonBrawl.java",1CE7B822904B87FF0EF75098050D2AF62B8F7D78A7614A63C6C1172557FD3418,3571
"source/upstream-07ecb7cf/Mage.Sets/src/mage/cards/b/BludgeoningPain.java",39B5A99664B0CC5E8BB1E296A497F79B052DB71B8709A9FDE4D79693132186CD,1073
"source/upstream-07ecb7cf/Mage.Sets/src/mage/cards/b/BlueDragon.java",611590A37ED811D2E4058EE9C3F09C155C84AD25501CAE872D62D5B6FE577E30,3318
"source/upstream-07ecb7cf/Mage.Sets/src/mage/cards/b/BlueElementalBlast.java",4D1B5CBE0C2913069BC32A8663B28055480B35C87D89B3385EE992022752A96F,1674
"source/upstream-07ecb7cf/Mage.Sets/src/mage/cards/b/BlueLoyalRaptor.java",43FF122B140E44A311A6B192AA722668CCCE2B085A7C91C33AECE4F79A9309BC,3734
"source/upstream-07ecb7cf/Mage.Sets/src/mage/cards/b/BlueMagesCane.java",D7B8B9F538AE1E1E907423DB0B5CCB88A020F18017B61D63D642238111E8ED08,4286
"source/upstream-07ecb7cf/Mage.Sets/src/mage/cards/b/BlueManaBattery.java",3F25ACA7838963AD5D2BA28D30AFCC64887B04676ADD5E13FA24F762A162C042,2194
"source/upstream-07ecb7cf/Mage.Sets/src/mage/cards/b/BlueMarvelAdamBrashear.java",7F04A3E7921520B6273B57A04E0ED33616F988EA3546827360C86A75C86562A3,1660
"source/upstream-07ecb7cf/Mage.Sets/src/mage/cards/b/BlueScarab.java",391F251A5BD283E56F5596AAAF36C11A8D3391416469A35A995551274AB6D72C,2718
"source/upstream-07ecb7cf/Mage.Sets/src/mage/cards/b/BlueSunsTwilight.java",681EEDBFE926E6009B710641F6D8CE608E1BB807C873A15249D1B6BD704D2E9C,2033
"source/upstream-07ecb7cf/Mage.Sets/src/mage/cards/b/BlueSunsZenith.java",81F77DBEB5F2B4C2AB21AD86161FEABBB1A8B6228AF70DFAA54E5BC9D1741D3A,1076
"source/upstream-07ecb7cf/Mage.Sets/src/mage/cards/b/BlueWard.java",FE91E7FCA0EC515B0A0BADCAD99FAF7900E232F3BDBA6BC4E7E982BE777773AA,1615
"source/upstream-07ecb7cf/Mage.Sets/src/mage/cards/b/BluntTheAssault.java",B4BB6B76E46F05DCBF500C609DDC7495D0461314625F0043AF37ECFD81C1B6BA,1256
"source/upstream-07ecb7cf/Mage.Sets/src/mage/cards/b/Blur.java",1F79925DB807E34238EAC0E44B75D734BCF7E8B514B9BF4751728E7A98212F6B,1096
"source/upstream-07ecb7cf/Mage.Sets/src/mage/cards/b/BlurOfBlades.java",595A82D94424D5D1BA9EEB89BBBE1F48CA9025FDB42868F618EBFFD8644A7369,1141
"source/upstream-07ecb7cf/Mage.Sets/src/mage/cards/b/BlurOfHeroism.java",B5CDC1BC7436F1583F4B17DF09EB5675980E67380E9721A4872E84E364D35039,1362
"source/upstream-07ecb7cf/Mage.Sets/src/mage/cards/b/BlurredMongoose.java",D1EC4D719B507158D7A91FF9F222A3931C8DBB53248129341D54FEAADFABF248,996
"source/upstream-07ecb7cf/Mage.Sets/src/mage/cards/b/BlurSliver.java",E7AB59B036E0B31106D5208773C709AFB277EFDB5DC290EB51B9E0C4FA58413D,1313
"source/upstream-07ecb7cf/Mage.Sets/src/mage/cards/b/Blustersquall.java",3810F880ACC3393BB7D3E9446A4CD31FE8647342BC8FAC9A5E31A855988D08CF,1188
"source/upstream-07ecb7cf/Mage.Sets/src/mage/cards/b/BoaConstrictor.java",2848D791AF8B4B2F4F2BA6149729DAAC0FF1F23D6A56B51C2C4EAB99F770491E,1145
"source/upstream-07ecb7cf/Mage.Sets/src/mage/cards/b/BoardedWindow.java",1792DAEFA3C974F1B8FDDEC4D32B6765DFE95ED8692E1A8104A408E5B6321DF8,3118
"source/upstream-07ecb7cf/Mage.Sets/src/mage/cards/b/BoardingParty.java",01C96082FCB077EEB9DAE74F6FC8CF0C7AB9DB024093D7A535560DADEE6671B9,988
"source/upstream-07ecb7cf/Mage.Sets/src/mage/cards/b/BoardTheWeatherlight.java",066E24567C24A867DA3686A2C636CFAF74E1E947843163990169E8CA7812392C,1631
"source/upstream-07ecb7cf/Mage.Sets/src/mage/cards/b/BoarQPine.java",BDC90161495B3AA1963222BED7FF6C4624EB617CE0BBE275BCCD3F39BFA8E067,1253
"source/upstream-07ecb7cf/Mage.Sets/src/mage/cards/b/BoartuskLiege.java",43AF599F257FE7598F94E87D2F076234E2DB0C9C54CD19292C1F82D097578929,1891
"source/upstream-07ecb7cf/Mage.Sets/src/mage/cards/b/BoarUmbra.java",CB4890752A6CA639D09A8DF59C6E11CD6234214D4638C1479F005BA92C667654,1492
"source/upstream-07ecb7cf/Mage.Sets/src/mage/cards/b/BobaFett.java",E99BE71166BE8DAF185392ACBD2F231BF474575EF9FBCA02A323E9CA39B88942,2107
"source/upstream-07ecb7cf/Mage.Sets/src/mage/cards/b/BobReluctantHYDRAAgent.java",8055BB6AE423277DB25957A1C8F4131AEDC12DE415F7E0A69644076FEC1CF696,2649
"source/upstream-07ecb7cf/Mage.Sets/src/mage/cards/b/BodyCount.java",EBFDC20057908B145FEDDBCC9DEEE58EC39A1DFAE3973ACFAFE03D1072657CD2,1342
"source/upstream-07ecb7cf/Mage.Sets/src/mage/cards/b/BodyDouble.java",0ACD0E400A5762C1C12761C1E87428AEDEA0E367A3A5850DCF3441F38D201B74,2581
"source/upstream-07ecb7cf/Mage.Sets/src/mage/cards/b/BodyDropper.java",79C57C92D169C79F0E98B324D84369D9D3A8CE20139A1DA443C8BFC22708C300,2029
"source/upstream-07ecb7cf/Mage.Sets/src/mage/cards/b/BodyLaunderer.java",93DA418D474C962E67022148F0FDEC751ED8638435386BB4F6D0BDE71EDC2A5D,3680
"source/upstream-07ecb7cf/Mage.Sets/src/mage/cards/b/BodyOfJukai.java",5BFCF1F31EFAD8455EDB8216EDF86C360B85A39D4E6510C5E9BE4BB6D262A78B,906
"source/upstream-07ecb7cf/Mage.Sets/src/mage/cards/b/BodyOfKnowledge.java",E8624A56FB0A72D909D74E5F9229A1E70CF1FC3873673A79B23144A0DA15E80E,2097
"source/upstream-07ecb7cf/Mage.Sets/src/mage/cards/b/BodyOfResearch.java",4B51822DF04B2F4370D29F4F4ACFD6472424CD5BA720B715E1A34F52B6284B47,1064
"source/upstream-07ecb7cf/Mage.Sets/src/mage/cards/b/BodySnatcher.java",7580B1EDF6755C9C29A8671524F27102F80AD061BF1E1702DF547DD85CD12646,2194
"source/upstream-07ecb7cf/Mage.Sets/src/mage/cards/b/BofurReliableGuardian.java",BBF1A624ADD927215DB4FF74EE6EA10AC1F51F27019C45076CFA0D85D658F623,2333
"source/upstream-07ecb7cf/Mage.Sets/src/mage/cards/b/BogardanDragonheart.java",EBAAD3D0B5517A818C3E1165334B94A51CF08092D83E82F44D150C32320A34D9,1791
"source/upstream-07ecb7cf/Mage.Sets/src/mage/cards/b/BogardanFirefiend.java",AB0D7E15FBC2E6760E7C365D7937EE5BB08C863C760346D52A13E6F92B457ABE,1137
"source/upstream-07ecb7cf/Mage.Sets/src/mage/cards/b/BogardanHellkite.java",9028F07A796101DF8A5C4083EB223D33ABD63BB195D04D1D3EE95A44E35BD1B3,1499
"source/upstream-07ecb7cf/Mage.Sets/src/mage/cards/b/BogardanLancer.java",414CB9529083882DB1B2122ADB11B95798B75BA26B79A29D337625E86D218E4A,980
"source/upstream-07ecb7cf/Mage.Sets/src/mage/cards/b/BogardanPhoenix.java",A8D0E30D31217AB02637D93F47AF310FA39596972AC5425A7C44CA744FB67148,3129
"source/upstream-07ecb7cf/Mage.Sets/src/mage/cards/b/BogardanRager.java",E376A00DA621A1BD52D6D3C6DBA998517E2CD0EE16D1EC3C6E679FBF069D5BAE,1272
"source/upstream-07ecb7cf/Mage.Sets/src/mage/cards/b/BogBadger.java",4E0EA5C4880D467685B97DFC1C1D7C5B58C21AC509FECEBA94EE4F30C511DF62,1496
"source/upstream-07ecb7cf/Mage.Sets/src/mage/cards/b/BogbrewWitch.java",AF9D5EA9A445200208CF4BAAA5D2AA8911F433259C3C2F7E26E436DFDDB7EB5A,1908
"source/upstream-07ecb7cf/Mage.Sets/src/mage/cards/b/BogDown.java",E51D60D4DA36218D581ED1FD1170BB397C9A746159DC7DF35C4766B27F28D4E8,1725
"source/upstream-07ecb7cf/Mage.Sets/src/mage/cards/b/BogElemental.java",95D12523DA43C5FF9F622C36D19E39CE04597D3806700977A21B809EDAB9D624,1409
"source/upstream-07ecb7cf/Mage.Sets/src/mage/cards/b/BoggartArsonists.java",1FEAFCC9C898E3CE892C13B2595C6D23098A1D8F0586049AD71202F83D9525A4,1853
"source/upstream-07ecb7cf/Mage.Sets/src/mage/cards/b/BoggartBirthRite.java",95FD98F8C966F43CF79672C0286423C90AEC947288A59BF980A4E14621F82651,1143
"source/upstream-07ecb7cf/Mage.Sets/src/mage/cards/b/BoggartBrute.java",65C2F9A50D3000FF112C552EAA970FB1DC78269D270BE816D360435B798F2022,837
"source/upstream-07ecb7cf/Mage.Sets/src/mage/cards/b/BoggartCursecrafter.java",CCE536D3361D1EFD010277ED49F9DCA7491BA201323E9B14EF7EAD8D9DE1852F,1683
"source/upstream-07ecb7cf/Mage.Sets/src/mage/cards/b/BoggartForager.java",5EAD38E794138867D5F64E7993C0D4CAB820CFD67EBA4298288CB1E39845F91D,1359
"source/upstream-07ecb7cf/Mage.Sets/src/mage/cards/b/BoggartHarbinger.java",5005AF2AC19B01D73EE0DD21787E1297BC42B3541A04EE97E2DF338034A1DC06,1499
"source/upstream-07ecb7cf/Mage.Sets/src/mage/cards/b/BoggartLoggers.java",D9B16CE4491495554503EB4AD9A338BD6921962E2D0CDB7A1C90AA8795D4AE29,1842
"source/upstream-07ecb7cf/Mage.Sets/src/mage/cards/b/BoggartMischief.java",233F2B2D0DD63CC546092FEF2767ED7A3AD0CB56315D71B6913BC9274C42C4E6,1988
"source/upstream-07ecb7cf/Mage.Sets/src/mage/cards/b/BoggartMob.java",F3F55D0A6A11A995CD7D1E1517F9C82A6172B1167DD0D4835474FE23A07C45E5,1643
"source/upstream-07ecb7cf/Mage.Sets/src/mage/cards/b/BoggartPrankster.java",D46BCF8DB7A2523B96C488392017536BDC83554A7CFE0AC85EE0C83F8985D7C0,1617
"source/upstream-07ecb7cf/Mage.Sets/src/mage/cards/b/BoggartRamGang.java",94F3E2EA660E53F6E33036C631CB5702E36C5ECA789DB91794103DD80F452536,944
"source/upstream-07ecb7cf/Mage.Sets/src/mage/cards/b/BoggartShenanigans.java",F80B714A34D345E366F9C44345CABA3B5DA0D78C28BFD324690152177B2AFA68,1595
"source/upstream-07ecb7cf/Mage.Sets/src/mage/cards/b/BoggartSpriteChaser.java",259F351555B0D176D717654B75B551FEF8EA939F34E996D9772D0042A2BC8035,1995
"source/upstream-07ecb7cf/Mage.Sets/src/mage/cards/b/BoggartTrawler.java",0E1061D4622127ECA4D7ED46329016FF7FA59B2417043E5919D3D33F04FE0ECB,1952
"source/upstream-07ecb7cf/Mage.Sets/src/mage/cards/b/BogGlider.java",3CFD228A1ADC149186C916E8606BBF8868F32A320332F51B357894590560C1A5,2265
"source/upstream-07ecb7cf/Mage.Sets/src/mage/cards/b/BogGnarr.java",BE66DD22B0E39B9CD6AB8CB02577F37862885ED3BB934A84FA3A010C57939C63,1326
"source/upstream-07ecb7cf/Mage.Sets/src/mage/cards/b/BogHoodlums.java",3CC0D709F6EE6BD68C6FA72376960D0839E68EE3A0AF6E1CB997A582AE09DC32,1367
"source/upstream-07ecb7cf/Mage.Sets/src/mage/cards/b/BogImp.java",F620EAFFE53254CC83994A2594B7E7F1CCB715D87EA10045F55BC316A6531C95,770
"source/upstream-07ecb7cf/Mage.Sets/src/mage/cards/b/BogInitiate.java",E066AE0D8EC62D85F7E1A5A04049E5E3F2B0916D28587E9251E1557470818D20,999
"source/upstream-07ecb7cf/Mage.Sets/src/mage/cards/b/BogNaughty.java",C74D33139570D8B88E43A5D732EE1F69B074D926BE5D3F324E545BBF3FA25588,1673
"source/upstream-07ecb7cf/Mage.Sets/src/mage/cards/b/BogRaiders.java",3AC10CA9371C934B2889DBC6D88EB4D0890DBD0CB7D6692E667DBF5A0884965B,820
"source/upstream-07ecb7cf/Mage.Sets/src/mage/cards/b/BogRats.java",573D708622E8625DC8156637C80E4C40880ADA67A9047E7C3313CAB7AD4F0347,1238
"source/upstream-07ecb7cf/Mage.Sets/src/mage/cards/b/BogSerpent.java",C164ADC4DEBD490C23E4E9FF42B3EB41236EF444319B3381A3D7DA8A7E5FF244,1596
"source/upstream-07ecb7cf/Mage.Sets/src/mage/cards/b/BogslithersEmbrace.java",D5AAA4C92F8A92C564918935F9C247B896BEBE18341549736D61235DFBF08EB9,1209
"source/upstream-07ecb7cf/Mage.Sets/src/mage/cards/b/BogSmugglers.java",22EF0BE37295822796B0E43D3B71BD047DE1551EBFAE6D3D68CDF410FA97B0FA,849
"source/upstream-07ecb7cf/Mage.Sets/src/mage/cards/b/Bogstomper.java",02F3CDE35BE0145B5F4D7DC01EA8DCE487026C392DBBBD421700F835D7AFDA00,705
"source/upstream-07ecb7cf/Mage.Sets/src/mage/cards/b/BogStriderAsh.java",3828AEC058820D274FD4C6977869B5828CAEA4478D7B1BA673209DED8B6D2AE6,1490
"source/upstream-07ecb7cf/Mage.Sets/src/mage/cards/b/BogTatters.java",DD8F6B5984059419C75539E76B67E33690F7996E775B08A6333C02EA7E454BB9,796
"source/upstream-07ecb7cf/Mage.Sets/src/mage/cards/b/BogwaterLumaret.java",539AC0B23C99E64E3DC3B5B81E3E2AB03B2D07A5CF157A65F86B710F929ABFED,1207
"source/upstream-07ecb7cf/Mage.Sets/src/mage/cards/b/BogWitch.java",BE5EC450E33D0CFCC0A3B572F26BBA61FD3163A5FFD693549803DD66684F0BDD,1276
"source/upstream-07ecb7cf/Mage.Sets/src/mage/cards/b/BogWraith.java",1C55DC7136490E5A50784B564ACE4BDACA6D2CBEEC67FDBB9AF66BECF677AAAA,814
"source/upstream-07ecb7cf/Mage.Sets/src/mage/cards/b/BogWreckage.java",CD51FE5E140C0FF9B051FDA0F2A39836E30FAED9974A928A0A8EA19ED07C676C,1166
"source/upstream-07ecb7cf/Mage.Sets/src/mage/cards/b/BohnBeguilingBalladeer.java",224C28E52ACD5F21E8683403232C2513AC9FF16A92F8ED962E5AFB445FB3A8B8,1739
"source/upstream-07ecb7cf/Mage.Sets/src/mage/cards/b/Boil.java",6BE41CE1012FFC65940E3CB036F11BDF849FEB2C584B41871A4F5A1BA0948B72,876
"source/upstream-07ecb7cf/Mage.Sets/src/mage/cards/b/BoilerbilgesRipper.java",452FE88AECBA8BEA71E45D89ADEC0A54B8828C71529E337E7FE9A3DA852B54E6,1751
"source/upstream-07ecb7cf/Mage.Sets/src/mage/cards/b/BoilingBlood.java",176B9C1E0B098089FA3EC90DE864775402D8189B328603C9AFF93BEFA3E29F52,1103
"source/upstream-07ecb7cf/Mage.Sets/src/mage/cards/b/BoilingEarth.java",1CB9FFDD29ABC2711D88BFFE106EAD9FC96F02A60592F4B4BA86DA4B19F0087C,1191
"source/upstream-07ecb7cf/Mage.Sets/src/mage/cards/b/BoilingRockPrison.java",C449F2F5E27CCC259BE4D4CC3A2CBF764DCB6B2D2E323C3B8AD4ECA01228C119,1552
"source/upstream-07ecb7cf/Mage.Sets/src/mage/cards/b/BoilingRockRioter.java",069BBC8CA0A8FECA9F2330974AA95DCD768373DD0EB1BE45A590FBF7A5DD1AA0,3473
"source/upstream-07ecb7cf/Mage.Sets/src/mage/cards/b/BoilingSeas.java",CBD6D7BC94AE57963FEB567AC55FCCFB4BD2AF30BEC0DEE3577D1358DD5F16ED,918
"source/upstream-07ecb7cf/Mage.Sets/src/mage/cards/b/Boing.java",A66E5BAF532726950D47847AAED97D6FABAE0E5BE6437C7AC936128AC5C03956,1930
"source/upstream-07ecb7cf/Mage.Sets/src/mage/cards/b/BojukaBog.java",2080C21DC032509CC19DBE40232D18449FB58FA68F3E419762E345C0F302A464,1290
"source/upstream-07ecb7cf/Mage.Sets/src/mage/cards/b/BojukaBrigand.java",F462BE189BC628C86B7B29F3C1A5704CAF49B11CDC35B652FDC58F1C0574C6B9,1173
"source/upstream-07ecb7cf/Mage.Sets/src/mage/cards/b/BolaSlinger.java",439EC9299C704C8C81790216C4F1DC7956D821EFB588B2CF67D008001813BDBD,1511
"source/upstream-07ecb7cf/Mage.Sets/src/mage/cards/b/BolassCitadel.java",8CB4ED9E1DE918F4A190574BE40380EE2F0B0F315069122D214C28D511B01E6D,4568
"source/upstream-07ecb7cf/Mage.Sets/src/mage/cards/b/BolaWarrior.java",9B276D3B8AE37339ADF60AB33C4D25869BE1786D34DD8F86FE3660FC3AD79D96,1554
"source/upstream-07ecb7cf/Mage.Sets/src/mage/cards/b/BoldBiochemist.java",83333F937A19CC679BEAFAFF4584FBF3E0147EC77D0CBBFA149A5E18AD64E1BC,1430
"source/upstream-07ecb7cf/Mage.Sets/src/mage/cards/b/BoldDefense.java",2C1599D468E3B8E4E827696E7C3D86F58BBAFB6C303BC5A655774EAE96729656,2501
"source/upstream-07ecb7cf/Mage.Sets/src/mage/cards/b/BoldImpaler.java",C61D7E1296CD13AD89E762C4229B4C5A3779ECAC8D262547D3008A5ABCACA553,1142
"source/upstream-07ecb7cf/Mage.Sets/src/mage/cards/b/BoldPlagiarist.java",8CA0531DE3B7E86B225E4B27C4AE83306B086A04DB1DDAE6157A9290FB041CE9,3950
"source/upstream-07ecb7cf/Mage.Sets/src/mage/cards/b/BoldwyrAggressor.java",5F33BCF0BFAB2D913599494D59B90C813DDF2169F32F81E1267BEB6A0B972335,1455
"source/upstream-07ecb7cf/Mage.Sets/src/mage/cards/b/BoldwyrHeavyweights.java",3F637401AFCF6B4B02CFAC03D5975416525E8486541AADF1D20ECB334195F284,3276
"source/upstream-07ecb7cf/Mage.Sets/src/mage/cards/b/BoldwyrIntimidator.java",B63679D75DD76094C4C5D692856C58E3B7AE49E96EF50EDADC2F468A00C1F477,2210
"source/upstream-07ecb7cf/Mage.Sets/src/mage/cards/b/BolgEreborsReckoning.java",069C7307A9D65150593A0278F2826A141B1B3B96A69EA18CD5591368F7E69866,2348
"source/upstream-07ecb7cf/Mage.Sets/src/mage/cards/b/BolgsCompany.java",4D65FC7B8FF6BCE51A9F36B7CD2F3D80213B68CBB4B9A67C114CE2F3CD2F0A26,2415
"source/upstream-07ecb7cf/Mage.Sets/src/mage/cards/b/BolracClanBasher.java",5802E3E4C3CE2B193B39AB82125DAD41E62D246D890E45C878624F0B136917EA,1254
"source/upstream-07ecb7cf/Mage.Sets/src/mage/cards/b/BolracClanCrusher.java",323B360A0317562A814BFE7738FBDC206FBA92EA6AF495C99AA120FA3846D7EE,1582
"source/upstream-07ecb7cf/Mage.Sets/src/mage/cards/b/BoltBend.java",468644B6A7359A320666BD65CFD2C8921A6DB17F76081002D681BADF4AB24EEF,1713
"source/upstream-07ecb7cf/Mage.Sets/src/mage/cards/b/Boltbender.java",653136E3C94ED2926BBBEE9D5442298B9858DC1E675FDE33B8A21080426F2AB2,1662
"source/upstream-07ecb7cf/Mage.Sets/src/mage/cards/b/BoltHound.java",310A32F7DB544735CFC2079178DF1EA9B35C5D7DA35D21552E43CD8DC0FEB2EF,1253
"source/upstream-07ecb7cf/Mage.Sets/src/mage/cards/b/BoltOfKeranos.java",0F1A5007A1D0F3C11B744823AD282D77D2604E2E015F1CE029918A09B7C444D9,977
"source/upstream-07ecb7cf/Mage.Sets/src/mage/cards/b/Boltwave.java",F88AD4C383BEFDC9C83ACBAC0F84C98D418210DECE1E873EF1503407CC73829F,761
"source/upstream-07ecb7cf/Mage.Sets/src/mage/cards/b/BoltwingMarauder.java",B3AD966DD58FA6AE88B0ECD5115CF20AE90F378B9DA2B30E4B16D75D7DFA9112,1574
"source/upstream-07ecb7cf/Mage.Sets/src/mage/cards/b/BomatBazaarBarge.java",70E5FFA93BF084AE74BE9F53F195B70A384EB0393D6995FF7FF3DA99F79E0598,1151
"source/upstream-07ecb7cf/Mage.Sets/src/mage/cards/b/BomatCourier.java",F60CD6634C9262D100FA8E8276185ADAA6AFB7094A2C6DD03BD10CC427C17A02,1975
"source/upstream-07ecb7cf/Mage.Sets/src/mage/cards/b/BombadilsSong.java",402C1A9B1782091A86C4234D591C110B7EF02EE746A0744F7A409A378D7D0E96,1429
"source/upstream-07ecb7cf/Mage.Sets/src/mage/cards/b/Bombard.java",00E7E6E0FACEA0C76C0EF4B00BD428F3F5A5F8AD35B724D3B1EFB4938E0757F2,809
"source/upstream-07ecb7cf/Mage.Sets/src/mage/cards/b/BomberCorps.java",85CF76950D5313EA067954F19FCF59B5D711EEA87D5E0F4B9C550DC49DBE0C4F,1189
"source/upstream-07ecb7cf/Mage.Sets/src/mage/cards/b/BombSquad.java",54B96629C902C2F1B9AED20CA922095C7F792774BA779218458EA0182641E003,6184
"source/upstream-07ecb7cf/Mage.Sets/src/mage/cards/b/BomburGentleDreamer.java",2BA7593D4FC262B8A9C86278EB888E3734824218E9AE9161934970669935DF5A,1936
"source/upstream-07ecb7cf/Mage.Sets/src/mage/cards/b/BondBeetle.java",321669E0617F2751558FFE620D93BBE7402FEA20CDF92CE6AAA039820463CA2F,1258
"source/upstream-07ecb7cf/Mage.Sets/src/mage/cards/b/BondedConstruct.java",7D6C271B6D5FDF0BA1987D99858583DD31BCA449CD2C34C6F043293F93034536,1007
"source/upstream-07ecb7cf/Mage.Sets/src/mage/cards/b/BondedFetch.java",2C039B389ABDD9CAB2BC2F65F34CFDF81229884B45BD1D4221191ABA9A1E8CB0,1304
"source/upstream-07ecb7cf/Mage.Sets/src/mage/cards/b/BondedHerdbeast.java",6C72B7DC038D4355A5D8BA21822E27D8A64D0325770E0AA463633D4BACD8D47C,1485
"source/upstream-07ecb7cf/Mage.Sets/src/mage/cards/b/BondedHorncrest.java",1933CAC7FDBE2ACBCB50B9F6BBE90E03886DF1461C6528091E15675364E985A9,918
"source/upstream-07ecb7cf/Mage.Sets/src/mage/cards/b/BondersEnclave.java",1B187D76B2577A26FB02B69CE9BCCA8DEAD7259F6A9FD726F57E1FC02C4F56FA,1373
"source/upstream-07ecb7cf/Mage.Sets/src/mage/cards/b/BondersOrnament.java",FD0E718963D23A0B73EF17D2CB2D78C52210E99EBCEE6A0AC77FA67AAE8E8050,2403
"source/upstream-07ecb7cf/Mage.Sets/src/mage/cards/b/BondOfAgony.java",C71F37138348756C530FD6096ACCDE8E2DB93D13CD2AB741480FA203C70691BF,1199
"source/upstream-07ecb7cf/Mage.Sets/src/mage/cards/b/BondOfDiscipline.java",603DDF96A2566DD17C0FDB805DAA209B18158D755805D328770A84C9251F7078,1235
"source/upstream-07ecb7cf/Mage.Sets/src/mage/cards/b/BondOfFlourishing.java",D853DBD7861CEADCA5A8F0725325C6F9A494E630CE6340EF40157E8B11773A66,1298
"source/upstream-07ecb7cf/Mage.Sets/src/mage/cards/b/BondOfInsight.java",0461CB71A23ACAD282444379B536786CF3D701C55AB0951FC4779193B1628A6F,2615
"source/upstream-07ecb7cf/Mage.Sets/src/mage/cards/b/BondOfPassion.java",CE9501FF06890E678689D644D0D8E96135E3E1937D27FE2E3731F342330A37AC,3901
"source/upstream-07ecb7cf/Mage.Sets/src/mage/cards/b/BondOfRevival.java",7AB570E4DAD4F4763252D384030AC98D82AF8A9BB14D95D3D74B0BBAE71E050F,2746
"source/upstream-07ecb7cf/Mage.Sets/src/mage/cards/b/BondsOfFaith.java",73E62B3770450FD855EC356B2C4848C07B1EDB57923C1AEB629EFC44B4ACDCE5,2410
"source/upstream-07ecb7cf/Mage.Sets/src/mage/cards/b/BondsOfMortality.java",74086F8109EA2E6A875A27668E2BFBB7ED6AE4508ECBB21788C15C87DDB47D9A,2084
"source/upstream-07ecb7cf/Mage.Sets/src/mage/cards/b/BondsOfQuicksilver.java",E18B5A428602739C2A1FDC39FC2AD61EAD4528DBBB2A00197C8FAFDA85B69B82,1762
"source/upstream-07ecb7cf/Mage.Sets/src/mage/cards/b/BonebindOrator.java",90384F3636EFCDE6BA6E399134555333A4C0DF9ED04136327351386778EA92C3,1946
"source/upstream-07ecb7cf/Mage.Sets/src/mage/cards/b/BonebreakerGiant.java",32F8F58790F2DCD2FE6BAEF11AD126CFEDE76FD1C1E9F073F96A24C81591AEAF,730
"source/upstream-07ecb7cf/Mage.Sets/src/mage/cards/b/BonecacheOverseer.java",A997B1E19E0EB4DDDACBAEF30C9D55B02E34FE3EDB0D99420C4BC5977C11BF2D,4190
"source/upstream-07ecb7cf/Mage.Sets/src/mage/cards/b/BoneCairnButcher.java",20E2002571F2CF5B6870A96B1BCEDE046B6DBC0E905D6E91EFCFA330000FA384,1658
"source/upstream-07ecb7cf/Mage.Sets/src/mage/cards/b/BonecallerCleric.java",94C243E2768F12C836934144287F66D90D5F61C95ACBC7C45A26BD38729A1461,1661
"source/upstream-07ecb7cf/Mage.Sets/src/mage/cards/b/BonecladNecromancer.java",9231AB33300A8EE17854AD1FBDC8BB48C02B730D60E87CEEE098E55EB02B3CE9,1627
"source/upstream-07ecb7cf/Mage.Sets/src/mage/cards/b/BoneclubBerserker.java",B7427E7F6277B641027C9452E68E535D248423FF2D0331F2F51895324317FFA7,2012
"source/upstream-07ecb7cf/Mage.Sets/src/mage/cards/b/BonecrusherGiant.java",39D47EC41B8B33117FDAA2E5D2FBD7D2631B8E71AA0F734718E0B1504556F3F2,1977
"source/upstream-07ecb7cf/Mage.Sets/src/mage/cards/b/BoneDancer.java",6E1A9AA1043A4C6E689524EA38883E78EBE98C83CC16188F94816863F4A1437B,2619
"source/upstream-07ecb7cf/Mage.Sets/src/mage/cards/b/BoneDevourer.java",9925BDAC22DEF6D72D95AEDAC3E41AB2CE641E6B28A4C6FC4BEC619E19EAB353,2524
"source/upstream-07ecb7cf/Mage.Sets/src/mage/cards/b/BoneDragon.java",F4EC6DA9507C3401533A53B11E5E5D8A8F9B87BF721126B81B6444C8D8D0C12C,1934
"source/upstream-07ecb7cf/Mage.Sets/src/mage/cards/b/BoneFlute.java",702A2797396CBA186A7279BA24F7A30D9EB40B64D645D2A00BDC0730EEF0710C,1100
"source/upstream-07ecb7cf/Mage.Sets/src/mage/cards/b/BoneHarvest.java",DAF347464768D4A61E2ADA3F8DED5E5298F1CAF621C57273C38108E55F16430E,1520
"source/upstream-07ecb7cf/Mage.Sets/src/mage/cards/b/Bonehoard.java",32A400D8AAEEFB5010330C34783A04DE2098C1903780792C6D5F0524579E1DA3,1748
"source/upstream-07ecb7cf/Mage.Sets/src/mage/cards/b/BonehoardDracosaur.java",8C1793F357CA6BF295479B7E100EFD56AF4B1F24F7D9968642A9C7579B002128,4162
"source/upstream-07ecb7cf/Mage.Sets/src/mage/cards/b/Boneknitter.java",E977764C6312B703ADDE1E17BCF92A258AB00590F5ED74022BE4016AC98016EA,1591
"source/upstream-07ecb7cf/Mage.Sets/src/mage/cards/b/BoneMask.java",32A655A8FCF220B2A6B0AAA17D36D080C0AF63B4B4D65380EA4CED8AFF84680F,2459
"source/upstream-07ecb7cf/Mage.Sets/src/mage/cards/b/BoneMiser.java",E7BE63711E7CC32600676919367D162BFEAA94BE47C7CEEA3981FC05B1B0A0DE,2124
"source/upstream-07ecb7cf/Mage.Sets/src/mage/cards/b/BonePicker.java",E3B899C1568852AD57A476924D9C0DCA35FA4DE9AB3AD61B5DEDC7B208B02E33,2728
"source/upstream-07ecb7cf/Mage.Sets/src/mage/cards/b/BonepickerSkirge.java",D5FFC86B4902E29EE7F601BAA17CF9DF8FA26FD13D12D47D535671A2A5D5E950,2049
"source/upstream-07ecb7cf/Mage.Sets/src/mage/cards/b/BonePitBrute.java",06A49E405DDEFBA564629AA06E93993F6E437F18E53839D46C789192815D01A0,1406
"source/upstream-07ecb7cf/Mage.Sets/src/mage/cards/b/BoneSabres.java",A1975773770267BE57DFD5CCE73CA3966F80186FB691467639EA546E78978544,1336
"source/upstream-07ecb7cf/Mage.Sets/src/mage/cards/b/BoneSaw.java",0FA0D5836E1139381DB1EDD81380ABC7A07528A235C8E2728738EADF6A2D0112,1016
"source/upstream-07ecb7cf/Mage.Sets/src/mage/cards/b/BonescytheSliver.java",1FF0A19DCAEA79E75738FFC05500D6A27B53D41D6730A87D1739541D0E6530BA,1305
"source/upstream-07ecb7cf/Mage.Sets/src/mage/cards/b/BoneShaman.java",34D820A3C0B7302864A538BB81502536BB13739256372A49846DFD84E291155C,2712
"source/upstream-07ecb7cf/Mage.Sets/src/mage/cards/b/BoneShards.java",C2B76D604FE19AEDBABA5674B1AD34DA3F045046C0815F5FE15D12E1A180CF24,1396
"source/upstream-07ecb7cf/Mage.Sets/src/mage/cards/b/BoneshardSlasher.java",AA5917C607A579131F28D2528801D1DDE0F68E4020DA55006467E72FF2C2484F,2272
"source/upstream-07ecb7cf/Mage.Sets/src/mage/cards/b/BoneShredder.java",71468AE18700A894E1BE19639F00C8B2BD0389A5872E58B4D7F22ABC271039D0,1939
"source/upstream-07ecb7cf/Mage.Sets/src/mage/cards/b/BoneSplinters.java",2321C99C750FA99FFB4E0E9C7BCA04A0006CC1F432C1407F1899CC30794C4DC6,1244
"source/upstream-07ecb7cf/Mage.Sets/src/mage/cards/b/Bonesplitter.java",0B48B2D0886426ED016A2C5A9702BDD86DE9190BEDEAD2541A6FD14459CC7CA7,1124
"source/upstream-07ecb7cf/Mage.Sets/src/mage/cards/b/BonesplitterSliver.java",3C3E4FBC9759FBE74F9005F8B63DC60CCDCDD1A4EF0FECB99FC58CDB76BD0AFE,1181
"source/upstream-07ecb7cf/Mage.Sets/src/mage/cards/b/BonethornValesk.java",C6EF80326E3E8809B855AB26EADD596D3D76D73222B95D630C500246FC0671D0,1271
"source/upstream-07ecb7cf/Mage.Sets/src/mage/cards/b/BoneToAsh.java",B9B1295C1177B05D430E7667DDF65D5240EB70A37A1D3AC03DD02038AC30DEF8,1046
"source/upstream-07ecb7cf/Mage.Sets/src/mage/cards/b/BoneyardAberration.java",FE544F320C90E84775DDFCDC93CEAE93EF302C078B1D161EE8F60AD258500718,1419
"source/upstream-07ecb7cf/Mage.Sets/src/mage/cards/b/BoneyardDesecrator.java",B3D76E27BC2D374101E14F0B958CD303BA87E0DE7F0D8ACCA178077FC954FCF6,3540
"source/upstream-07ecb7cf/Mage.Sets/src/mage/cards/b/BoneyardLurker.java",CC082BC61B95AE985F08DC8DC6F905ACC43DB1E3742D818D2400F4DDE62F97BB,1649
"source/upstream-07ecb7cf/Mage.Sets/src/mage/cards/b/BoneyardMycodrax.java",574CB88E830E8B1522FA1854829DE6553A1B9050AA1816F5C45B10B98AC8DD4C,1843
"source/upstream-07ecb7cf/Mage.Sets/src/mage/cards/b/BoneyardParley.java",A6044C7803E0C2D2E6350A2B74CFEB1D6EEF906E1EFD3B86CC4B0E8657107242,4763
"source/upstream-07ecb7cf/Mage.Sets/src/mage/cards/b/BoneyardScourge.java",8604F96F3A76C5F7A252C63DCFE6827FD0E112E992FC8B9F3D671C5FFB3B38AC,2711
"source/upstream-07ecb7cf/Mage.Sets/src/mage/cards/b/BoneyardWurm.java",0D64C670076058BBD1A1E3E350933267F7A7C6E0C642546C3E622DAB0336B744,1250
"source/upstream-07ecb7cf/Mage.Sets/src/mage/cards/b/BonfireOfTheDamned.java",26288247483762742F29152C5F7F86F6F480A89A89517B2B7648E2BBBC6D7583,2537
"source/upstream-07ecb7cf/Mage.Sets/src/mage/cards/b/BonnyPallClearcutter.java",B6BBCDBA5123DDBAB96DC62BBFA69406540065621DE4CAF3249BB5F86854BBBA,2172
"source/upstream-07ecb7cf/Mage.Sets/src/mage/cards/b/BontusLastReckoning.java",AAA4ED1839DAD180BC7FA9FA871F44C771BA2024F05CB3AD56AB022BF7B56FFB,1227
"source/upstream-07ecb7cf/Mage.Sets/src/mage/cards/b/BontusMonument.java",813BBBD6808A7E8E22722944F6F2629DA956297FBFEBBB5FA733888A57A6A6A6,2017
"source/upstream-07ecb7cf/Mage.Sets/src/mage/cards/b/BontuTheGlorified.java",2BF70D06BA9119A9ED8820B4F57F9653100EF73345B36D35B3884891217A408F,4157
"source/upstream-07ecb7cf/Mage.Sets/src/mage/cards/b/BonusRound.java",C9C924A82576D4B36DBB8077695AAD0C497085ABB84C45F5F6966AC8AF8291B9,2371
"source/upstream-07ecb7cf/Mage.Sets/src/mage/cards/b/BoobyTrap.java",E9D26D43B1CA662E6CA0F842B97C780AC02A79C3EDCEC0C1B859810F837332DB,3651
"source/upstream-07ecb7cf/Mage.Sets/src/mage/cards/b/BookBurning.java",E74E05699BF1CF215EE1142C16784677B799D8C5867BEC17BE0283696A1DACCF,2707
"source/upstream-07ecb7cf/Mage.Sets/src/mage/cards/b/BookDevourer.java",964DB706DF01CFCDE962134868D9270607DD39FF6165552202455015224628BF,1428
"source/upstream-07ecb7cf/Mage.Sets/src/mage/cards/b/BookOfMazarbul.java",EB7CE14A45D53B09909C29201A603E814E106FDC0F949414D962163E558AAECA,2190
"source/upstream-07ecb7cf/Mage.Sets/src/mage/cards/b/BookOfRass.java",BAE02CF19B63D0ADB111EAFD6B3B4D5E76AB310A4E75DA8C85C292A993B0EAAD,1086
"source/upstream-07ecb7cf/Mage.Sets/src/mage/cards/b/Bookwurm.java",0D9DC798550216C12DE49B56412CE29D23D61C0410CE3890BBDF6119E33B762A,2521
"source/upstream-07ecb7cf/Mage.Sets/src/mage/cards/b/BoomBox.java",05098A268AB935EB874CEE633F23162CE1FDB5654A444A88B398AD24A377643A,1788
"source/upstream-07ecb7cf/Mage.Sets/src/mage/cards/b/BoomBust.java",BF82A6A04AB8FE03B51579B202685138DB3CC9B50D2E63DD3BC9AD0A3EEE31C4,1793
"source/upstream-07ecb7cf/Mage.Sets/src/mage/cards/b/Boomerang.java",912A6C8DA69D902FBCF8175D7F5D20017B51F525A3A51C063D059DC6B22179F5,812
"source/upstream-07ecb7cf/Mage.Sets/src/mage/cards/b/BoomerangBasics.java",41F08922E0690DA4AA3712C34039061BC83ADBD7B37BFB0837ADD0B0C224C2B9,2196
"source/upstream-07ecb7cf/Mage.Sets/src/mage/cards/b/BoomerangBladeFlinger.java",5A4E38DDA9A9258F4119FA820A2FC66AB69932D43F7BD8EA50E676F2A44BA7D4,1442
"source/upstream-07ecb7cf/Mage.Sets/src/mage/cards/b/BoomerScrapper.java",067B2E73823A908EE0BC9169815FD0D3AE48B50C34103CAFC768E09300F44837,2156
"source/upstream-07ecb7cf/Mage.Sets/src/mage/cards/b/Boommobile.java",90FFEE950884FCDD8FD53B47F241900ADFD430A7A26BD603AE40333BAE735CE9,2300
"source/upstream-07ecb7cf/Mage.Sets/src/mage/cards/b/Boompile.java",2511A0F4408CA0CAB290E330B14EF7412E160459F04995473A8DC411A2E065DC,1069
"source/upstream-07ecb7cf/Mage.Sets/src/mage/cards/b/BoomScholar.java",EA0CF26A0C2B768B371634C11A7520E409C4FB1431729891643008FDB8AA286C,2403
"source/upstream-07ecb7cf/Mage.Sets/src/mage/cards/b/BoonBringerValkyrie.java",993C8094B686D9C805EC490686FA8DD43317E43F7AC471AD8FB00D6CF34E40F4,1375
"source/upstream-07ecb7cf/Mage.Sets/src/mage/cards/b/BoonOfBoseiju.java",5E88C4B5C7698D3685A007F4E9144025665FCA3B4A595E9AA40AE35602A845D1,1505
"source/upstream-07ecb7cf/Mage.Sets/src/mage/cards/b/BoonOfEmrakul.java",296946096F33AEFBF638B90BC06C14016D5666371906FC5D1ADC74A379BE610A,1457
"source/upstream-07ecb7cf/Mage.Sets/src/mage/cards/b/BoonOfErebos.java",896EEA1459D833A16D9516F162F1FC28534ABA2F99528EF93C00C96AC6F47BCC,1334
"source/upstream-07ecb7cf/Mage.Sets/src/mage/cards/b/BoonOfSafety.java",07D8CFC20FC0EDF9AE8014BCD89FB8AF7CA76C39225EB4479263F8904629879E,1080
"source/upstream-07ecb7cf/Mage.Sets/src/mage/cards/b/BoonOfTheSpiritRealm.java",851312D77A8DBBE453D2661DE3B588AB4F6F23D473D772A1FDC2921076DA9EC9,1612
"source/upstream-07ecb7cf/Mage.Sets/src/mage/cards/b/BoonOfTheWishGiver.java",66E3FBEC297686B9BAB8942D88599D3B5C2247B6E6BA028D2AFB03E780009F60,948
"source/upstream-07ecb7cf/Mage.Sets/src/mage/cards/b/BoonReflection.java",7910920FC19D2B425A893BAFA0A3E267AE676B49B089F841225856036655E250,855
"source/upstream-07ecb7cf/Mage.Sets/src/mage/cards/b/BoonSatyr.java",C29C466036C201483776734652FA9420FFE11A791EBB880061CA33AF0C460A55,1299
"source/upstream-07ecb7cf/Mage.Sets/src/mage/cards/b/BoonweaverGiant.java",8CBF396B9BF581398948C7B7B688597EA5569063B8B8A742CF13F187D409C941,4468
"source/upstream-07ecb7cf/Mage.Sets/src/mage/cards/b/BoostedSloop.java",D320F5D8896AA7C73D42B571C37B4DE75CCCFC84477E638BBD75630E003E3990,1274
"source/upstream-07ecb7cf/Mage.Sets/src/mage/cards/b/BoosterTutor.java",AC6D92E5B393ACABF934EE9675FE34920E38108694D4D8F52987461B8D1987A0,3711
"source/upstream-07ecb7cf/Mage.Sets/src/mage/cards/b/BootleggersStash.java",937595B71EB29DB278E1FDB6D493E2FB5435284F371CDA2CB6164C0CB7B4154E,1332
"source/upstream-07ecb7cf/Mage.Sets/src/mage/cards/b/BootNipper.java",89F2BFE2708107347B1786242CCEFE60CFACABE93491A1DEBA254180E99AEC91,1142
"source/upstream-07ecb7cf/Mage.Sets/src/mage/cards/b/BootsOfSpeed.java",F9715FA6D1AFE819943BA5EF5BE275AE801E5B04F70721013244285E3A062B8B,1363
"source/upstream-07ecb7cf/Mage.Sets/src/mage/cards/b/Borborygmos.java",200ADFCBE29087E71B36E9265AA8B8C656FE9CE9DA413F09C34FA7E3B86EDC87,1434
"source/upstream-07ecb7cf/Mage.Sets/src/mage/cards/b/BorborygmosAndFblthp.java",81959AEF7D1E11BFF1D876B71879F21BEA98E2596C8006605F8FAF9477C03469,4630
"source/upstream-07ecb7cf/Mage.Sets/src/mage/cards/b/BorborygmosEnraged.java",A58BB6306D2198267F18D68AD9A85B71D1FA7BD9916A5C796EAEF890A4D184D5,2153
"source/upstream-07ecb7cf/Mage.Sets/src/mage/cards/b/BorderGuard.java",E82E3CD129247C2D79512F3F1C62B035115BC65865A152B9ABFD5B840C12F216,721
"source/upstream-07ecb7cf/Mage.Sets/src/mage/cards/b/BorderlandBehemoth.java",FA7B89702609B518EA144FA5F63381D48CFC9E5D9628E5253C46B54E23BFE2F6,1845
"source/upstream-07ecb7cf/Mage.Sets/src/mage/cards/b/BorderlandExplorer.java",11C478D50A8672A06F68C2535F5FEE8AD752D9A98D2FBFCC8F9AFBA944EFFD59,6040
"source/upstream-07ecb7cf/Mage.Sets/src/mage/cards/b/BorderlandMarauder.java",59984F1B152AAF9B8E9D14C927F3DEEDB971F2EC4AE1DA682741656933CAF333,1144
"source/upstream-07ecb7cf/Mage.Sets/src/mage/cards/b/BorderlandMinotaur.java",EBAE8243851E20A4FD0B62A972CD63BD31016A6FD434B2C04D0DED7E12129822,769
"source/upstream-07ecb7cf/Mage.Sets/src/mage/cards/b/BorderlandRanger.java",21E0C65A9EA0811A3D768817CCC803241E06CE566050C57177139680EBF7775E,1336
"source/upstream-07ecb7cf/Mage.Sets/src/mage/cards/b/BorderPatrol.java",E3E67C6BFB66E534AF060BCB2FE436D7A59D684BCFA475748761EB351C975B75,850
"source/upstream-07ecb7cf/Mage.Sets/src/mage/cards/b/BorealCentaur.java",242D18A4DA08C917E00558CA08FD95332B8F5BCDBD0A9DF197E45A89B30790A4,1187
"source/upstream-07ecb7cf/Mage.Sets/src/mage/cards/b/BorealDruid.java",E33C6EDF73C345B0F476EA282B14C834910A9D971F97801AA795B2A99E2D6A6F,921
"source/upstream-07ecb7cf/Mage.Sets/src/mage/cards/b/BorealElemental.java",CC6255728C6E997B6EDE6E8B7A9C70CC4775A29597133AC89864BB161F8FF64A,1362
"source/upstream-07ecb7cf/Mage.Sets/src/mage/cards/b/BorealGriffin.java",F7CB2DF7D750C53CDB26E0D45D3AB928B8F99592FA3C47B35E629861C8D764AE,1314
"source/upstream-07ecb7cf/Mage.Sets/src/mage/cards/b/BorealOutrider.java",28CA8BDA9CB33B34B0353E5F46CE422F3C0C50A0C8C1A1FAAD2C1FEF236054A9,3372
"source/upstream-07ecb7cf/Mage.Sets/src/mage/cards/b/BorealShelf.java",87DAFFBC764A01E697B5039A9C3A4F6DE3686FDB7B691C3A19A91232BDDEAD8C,1004
"source/upstream-07ecb7cf/Mage.Sets/src/mage/cards/b/BoreasCharger.java",4716DA3DAC57BC540FDF0A5CDA61B8FAFF1B0B5C8703B8304A08CF7A246C0FEA,5829
"source/upstream-07ecb7cf/Mage.Sets/src/mage/cards/b/BorGullet.java",30C92F40BDF958F516C48BA2EF8B922DAF53162A58617757BD0EC3B39F41B06A,1303
"source/upstream-07ecb7cf/Mage.Sets/src/mage/cards/b/BorisDevilboon.java",444E0385743D024C426E99B9B9E728A3CF6AE922A5BB1753D8E0855016ED7E49,1453
"source/upstream-07ecb7cf/Mage.Sets/src/mage/cards/b/BorneUponAWind.java",7B7CD519E0C8D74D9364AF75E712701D95B90B146686B17129991E2952FFA757,1134
"source/upstream-07ecb7cf/Mage.Sets/src/mage/cards/b/BornToDrive.java",3324CBD6351CD2676B0BA707BDFFD0BFA19CA6137327859FE77EF66C450A043E,3184
"source/upstream-07ecb7cf/Mage.Sets/src/mage/cards/b/BoromirGondorsHope.java",5340592CBA7C1F5E67F6C07741F5D8C7ED8335F0E40A90383570E292ABFAABE6,1848
"source/upstream-07ecb7cf/Mage.Sets/src/mage/cards/b/BoromirWardenOfTheTower.java",A727A43C9A22C7D8FF16106ECEBAE6579DFF96A68A68FD3218BE55126B081229,2223
"source/upstream-07ecb7cf/Mage.Sets/src/mage/cards/b/BorosBattleshaper.java",6E77DF932C13DBB10F572CD33E92142F0106F01E050AB77D5DF39CB2BD575324,4081
"source/upstream-07ecb7cf/Mage.Sets/src/mage/cards/b/BorosChallenger.java",32E181C3092E11BEC022C72EB330160A27D1C8A712AEEE4E4447C520739D04AA,1361
"source/upstream-07ecb7cf/Mage.Sets/src/mage/cards/b/BorosCharm.java",F78B32668B68B2CBDB3685985EED0102C004ECBEF3C281D38A8A06BEE89FF1EE,1800
"source/upstream-07ecb7cf/Mage.Sets/src/mage/cards/b/BorosCluestone.java",2C32CD9E90EB5D266CE70AB6592C8B6AE21FE548662E6623AACF0D129BF95C7A,1424
"source/upstream-07ecb7cf/Mage.Sets/src/mage/cards/b/BorosElite.java",3BEF1D7EE7632E1092ECE08F93C39BFAA497A81CB9DC36736B2A3A04D81225A7,1082
"source/upstream-07ecb7cf/Mage.Sets/src/mage/cards/b/BorosFuryShield.java",0AFC385E3214219086C99449D63BC72E550F9034C206E6144E0A3CC0977679EB,2982
"source/upstream-07ecb7cf/Mage.Sets/src/mage/cards/b/BorosGarrison.java",ECF9184FCD2AD05EDCE3933B81D143745E97EF99BE9EAD4C401E2759FD991E95,1609
"source/upstream-07ecb7cf/Mage.Sets/src/mage/cards/b/BorosGuildgate.java",D084F079688A165394EEFD95FF1EADEF915E5969EC74F56CBECE1290566AE7E3,1011
"source/upstream-07ecb7cf/Mage.Sets/src/mage/cards/b/BorosGuildmage.java",7F9F60BF0087F073309C310BA3B5509AAC09BA430B8C6C10B34CD55456460EA5,1659
"source/upstream-07ecb7cf/Mage.Sets/src/mage/cards/b/BorosKeyrune.java",B3015CD92A1786A4FDAAA060611221EB4482141A5B726274D82787C3D6DC53A3,1754
"source/upstream-07ecb7cf/Mage.Sets/src/mage/cards/b/BorosLocket.java",3813FC2C9A0F9F0870FE7AA193113D660CF2ADAED141F0C3FFBE9C58CE97A6EE,1448
"source/upstream-07ecb7cf/Mage.Sets/src/mage/cards/b/BorosMastiff.java",2EB6A57E733675452722DD73B620258B2319B36B3A43739CAA9FE4E04462C034,1178
"source/upstream-07ecb7cf/Mage.Sets/src/mage/cards/b/BorosReckoner.java",AC6E1DC968B9CA2405F05E219119A36A12CC56AB2D29CFF23432CB7B962514A3,1843
"source/upstream-07ecb7cf/Mage.Sets/src/mage/cards/b/BorosRecruit.java",8B014346F0023B21AC10DAD8B3ECB1883F729F410858AEBDBCB45BE43226E07B,834
"source/upstream-07ecb7cf/Mage.Sets/src/mage/cards/b/BorosSignet.java",3B0B3C7426346A35DF384F7058AFFB238A862A3AB011D686F725B978BA382DF8,956
"source/upstream-07ecb7cf/Mage.Sets/src/mage/cards/b/BorosStrikeCaptain.java",1F5802A0F1788BC9446874360DE6851C4F8D4120FE5B58F099E8FD1C4BE5DB56,4279
"source/upstream-07ecb7cf/Mage.Sets/src/mage/cards/b/BorosSwiftblade.java",50E28E09E99B0EDCDE156FDB753226A8F4B92B55C114EA6153CEF0048610B892,855
"source/upstream-07ecb7cf/Mage.Sets/src/mage/cards/b/BoroughBackup.java",8FBE3E185D89230FF3895E363F92916C8F0B8FEA940EF8252A988CFD5D9EBED7,1019
"source/upstream-07ecb7cf/Mage.Sets/src/mage/cards/b/BorrowedGrace.java",5B3E50342FAACE71BFEF085F82C4C425D379A71A60AE3556D2566A4F95CA9796,1380
"source/upstream-07ecb7cf/Mage.Sets/src/mage/cards/b/BorrowedHostility.java",99E8FDBC770EB897F9C8B03882D5004E15F465E7585D8B2BF25743A44FC3B9E5,2414
"source/upstream-07ecb7cf/Mage.Sets/src/mage/cards/b/BorrowedKnowledge.java",08D5CF9FD25ADB45363942C6D5EFA91CC4219B663DD8CC474231C54663A99FB6,2394
"source/upstream-07ecb7cf/Mage.Sets/src/mage/cards/b/BorrowedMalevolence.java",CBD4944787818EBA12A26AC729B678F35F2FC431BE82D97336D527F070E022E5,2255
"source/upstream-07ecb7cf/Mage.Sets/src/mage/cards/b/BorrowedTime.java",2ED8A8EA0EA4EB6D617F4B641B9265E98A080868E098A058BC540004504279BF,1161
"source/upstream-07ecb7cf/Mage.Sets/src/mage/cards/b/Borrowing100000Arrows.java",1FB98EFA8CAEA9C9AB2913A0E78F7A7AD157965865E455E1373EAA1125444B21,2289
"source/upstream-07ecb7cf/Mage.Sets/src/mage/cards/b/BorrowingTheEastWind.java",628143A4B8D7062D742FE581A6A4E594983E9FEA8A6961B16C404B137F6BAAA6,1363
"source/upstream-07ecb7cf/Mage.Sets/src/mage/cards/b/BortukBonerattle.java",48A2F5C3482D9CCABE3A621ECA549D26162395E446BE86AD69CE0E288D670926,3197
"source/upstream-07ecb7cf/Mage.Sets/src/mage/cards/b/BoscoJustABear.java",3F31A9485068EC4DC4E738B9283026E6CD9E0057C9D0B5B087DF72D3FF622F4D,2668
"source/upstream-07ecb7cf/Mage.Sets/src/mage/cards/b/BoseijuPathlighter.java",6629636EB305DA83E9243463ED8E2EF495B1E97D5403B5C25E08A911F6FC8CBF,1862
"source/upstream-07ecb7cf/Mage.Sets/src/mage/cards/b/BoseijuReachesSkyward.java",C8B27D74514B584CF890F9D4CDD1C8A57E79CC41E260BD9809BE4FF598A50A1C,3429
"source/upstream-07ecb7cf/Mage.Sets/src/mage/cards/b/BoseijuWhoEndures.java",FD96E1869C946D60B515633B76499161B9468C79B46F421F46794BC41795B074,3285
"source/upstream-07ecb7cf/Mage.Sets/src/mage/cards/b/BoseijuWhoSheltersAll.java",7E65BC3D1C89281C52065DE6BB779BAA21B2AC4C5E7F42AA76142914FE0D3DC3,4502
"source/upstream-07ecb7cf/Mage.Sets/src/mage/cards/b/BoshIronGolem.java",BDF915828F6D90C481528C6C5EEDFFE95BD6B85D920E9C863D7DB746655D51D5,2109
"source/upstream-07ecb7cf/Mage.Sets/src/mage/cards/b/BosiumStrip.java",23C10D4435C50621EB4A6E5BCB3F0908232F67BDA09750ABDC347F367EC3C080,5008
"source/upstream-07ecb7cf/Mage.Sets/src/mage/cards/b/BoskBanneret.java",952CABCC5CE6011F9E9007E94F36C9004FE7B59B0C67183BC8A5AB4DD0224A31,1387
"source/upstream-07ecb7cf/Mage.Sets/src/mage/cards/b/Bossk.java",4AA6A6C765E2D8EE87CDE0A0330FAD032B30B122BF79CF0C275F12C3418A0C9D,3290
"source/upstream-07ecb7cf/Mage.Sets/src/mage/cards/b/BosssChauffeur.java",8F0B5F40E1E024B36B2178DEF985A56650E5020AD36515688D08B3B95390570E,3059
"source/upstream-07ecb7cf/Mage.Sets/src/mage/cards/b/BossUramonShadowsReach.java",BCE7F337DA67031DE083FE92810D2073A1DD9579B101AAF2CC20309607E7888F,2654
"source/upstream-07ecb7cf/Mage.Sets/src/mage/cards/b/BotanicalBrawler.java",894E870FA01CA6AE97E0707647B4153FC157BB4BFD914A634FFC70464A433C67,3483
"source/upstream-07ecb7cf/Mage.Sets/src/mage/cards/b/BotanicalPlaza.java",96E7A3EC949DEF3811F0E1FAB660B58151DC0B2EB1FB4FC770161045DAB04367,1606
"source/upstream-07ecb7cf/Mage.Sets/src/mage/cards/b/BotanicalSanctum.java",61A586FE1B864FCB0DC0C572EECE2F3B51F9EEEF847F309C18F4961BC11D7DC3,1594
"source/upstream-07ecb7cf/Mage.Sets/src/mage/cards/b/BotBashingTime.java",D7A62A6D47986277928480330B4888E0CA4E2230E9B0C9062952174914C5B880,1056
"source/upstream-07ecb7cf/Mage.Sets/src/mage/cards/b/BothersomeNoisemaker.java",2D8A3100D783C541FDCD345748ED2EBC46525FCF90B96080ACF02A2A252F5C36,1199
"source/upstream-07ecb7cf/Mage.Sets/src/mage/cards/b/BothersomeQuasit.java",51382284F95E04A75876F4317187F15416FDE9037F1607DC6A5198F77E7BF006,2199
"source/upstream-07ecb7cf/Mage.Sets/src/mage/cards/b/BottleCapBlast.java",618FF6C87BC1FF989896D977620F7CE7F381302CEC13450C3846B2A97FF1806B,2505
"source/upstream-07ecb7cf/Mage.Sets/src/mage/cards/b/BottledCloister.java",9A91EDABB5E60284F9CA02C4851D83C0F2C23AF551C3997F34F05A2E437BBB14,3714
"source/upstream-07ecb7cf/Mage.Sets/src/mage/cards/b/BottleGnomes.java",2E4CEC5BF4BCD8BB9B16E9C889203DFC25727281F015CA942383D46F97A89884,1014
"source/upstream-07ecb7cf/Mage.Sets/src/mage/cards/b/BottleGolems.java",7408D357052DBFAE9E6ABCF5C6CE92B5BFF46789049E264E6732F5B1BD1D60C5,1252
"source/upstream-07ecb7cf/Mage.Sets/src/mage/cards/b/BottleOfSuleiman.java",96271CA1E619704339A92459BA3CB110D06FA7E14776A16BA57623F3E9E6C0A1,1505
"source/upstream-07ecb7cf/Mage.Sets/src/mage/cards/b/BottomlessPit.java",F8449D5F70D9B6ECE9C752A4F9CFB680DD65680A4CE12E26EF6C7143A122F11A,956
"source/upstream-07ecb7cf/Mage.Sets/src/mage/cards/b/BottomlessPoolLockerRoom.java",A55D078139B3BBB67D6C2CF1ED1A2265F77E9D64CA072ACBB12D8BA126415466,2094
"source/upstream-07ecb7cf/Mage.Sets/src/mage/cards/b/BottomlessVault.java",29A2583B282D68CBAE52A1EB09FC2E59AD8CD0AB4CDAA2F65751D58DC642649E,2681
"source/upstream-07ecb7cf/Mage.Sets/src/mage/cards/b/BoughsideWanderers.java",18DFEB2EA7E94BC8F0B3266B53C31DFF62D32963F645DED64AE1D5C370E9B20E,1775
"source/upstream-07ecb7cf/Mage.Sets/src/mage/cards/b/BoulderbornDragon.java",808A0FC7790E56FF1DD156DCD65D622B0F97260A84AD05DBCB8945AA6B7F1030,1242
"source/upstream-07ecb7cf/Mage.Sets/src/mage/cards/b/BoulderbranchGolem.java",842F97778E1BD845D906B623610E986CB12ED246AEA148AAACAF638F69A794FF,1392
"source/upstream-07ecb7cf/Mage.Sets/src/mage/cards/b/BoulderDash.java",2F18A2F0C6024431CB0C750373767D0DF0777863D50B2B5251C683665BAED43F,1560
"source/upstream-07ecb7cf/Mage.Sets/src/mage/cards/b/Boulderfall.java",21CA51B16D862CC0EDB51B5E655B8C1DB886B331D68E17AC32EE3301DBE9884D,867
"source/upstream-07ecb7cf/Mage.Sets/src/mage/cards/b/BoulderSalvo.java",8F47BA858A431A3C7E7275150DA476B52B0AED5B422DEEC13FCD8E63B1B1FAB5,981
"source/upstream-07ecb7cf/Mage.Sets/src/mage/cards/b/BounceOff.java",174A4ED4B2BB6226C65C64CA46AB448B90DB9D7F40B92EC259FC125AD4CEDEF6,907
"source/upstream-07ecb7cf/Mage.Sets/src/mage/cards/b/BouncersBeatdown.java",55F45173202B336ED202A06E7E58584CBBEAA58C3AC51C5A978D60E99D10C7D5,2501
"source/upstream-07ecb7cf/Mage.Sets/src/mage/cards/b/BouncingBeebles.java",71CE907327CA8519396D473674C1938EDBC1991C673708FAC2B7338B41AE9C20,1580
"source/upstream-07ecb7cf/Mage.Sets/src/mage/cards/b/BoundaryLandsRanger.java",CAA3AC65121791ADB60D8D0BC5B5CC8819B125237CAD8F244726416B8ED3AB6D,1543
"source/upstream-07ecb7cf/Mage.Sets/src/mage/cards/b/BoundByMoonsilver.java",0CE631B055AC4E4BCFC3FC769B81AF09D8BF3D6145BD14C06818AC21946ED690,3508
"source/upstream-07ecb7cf/Mage.Sets/src/mage/cards/b/BoundDetermined.java",53149EF5E624D4079D40D860616681B53BC68074CEFFC9D81CC102B5B870E8DB,4974
"source/upstream-07ecb7cf/Mage.Sets/src/mage/cards/b/BoundingFelidar.java",5C35863C61599F3742752D97FCB6E1A710A856F1D456B26588D9AAE64070B5CB,2131
"source/upstream-07ecb7cf/Mage.Sets/src/mage/cards/b/BoundingKrasis.java",B16FF79D98ECE31BC4F3024ECE9BEC980AF0AD3E361067FDD340784848DDC465,1359
"source/upstream-07ecb7cf/Mage.Sets/src/mage/cards/b/BoundInGold.java",6926D33EB4FE0E9F0BA9904A7046D5FAE84AB453AAFF3F383184131B3C2F4443,3276
"source/upstream-07ecb7cf/Mage.Sets/src/mage/cards/b/BoundingWolf.java",999723BB300B378959DC222DA4460C22014E3886D00884DABA665D5FDDBC45E7,941
"source/upstream-07ecb7cf/Mage.Sets/src/mage/cards/b/BoundInSilence.java",055325143956886AFDC6EE7700F6FA8DB2B6660CBFB845DA4ECFCB2369B73BF0,1438
"source/upstream-07ecb7cf/Mage.Sets/src/mage/cards/b/BoundlessRealms.java",6BFBAC23E875D187CFE7843C1C547BF08D9A6222CF9A839B8760C239FEF658D3,2623
"source/upstream-07ecb7cf/Mage.Sets/src/mage/cards/b/BounteousKirin.java",C413D7EC648E6A4EBEE753D7DAAE57B67D8C8B7DB537FD66C210DF5118DBBF66,2359
"source/upstream-07ecb7cf/Mage.Sets/src/mage/cards/b/BountifulHarvest.java",F919842ADFF6B06711FCD0A0327ACE0CEEDE9A8391E982C5979120E771C64CFE,1018
"source/upstream-07ecb7cf/Mage.Sets/src/mage/cards/b/BountifulLandscape.java",AD2B2EF8F8C830C239D6144BFFCD5EE18A81A02DF3A2B91E8FA4538272BB7D8A,2111
"source/upstream-07ecb7cf/Mage.Sets/src/mage/cards/b/BountifulPromenade.java",CAD43964791EBE3AA278FCA280ED37B848A00EBF47AF05ADBB8A7E4280EA1CE7,1148
"source/upstream-07ecb7cf/Mage.Sets/src/mage/cards/b/BountyAgent.java",CD4176013C1D1CD838517EB6812F212AC62FBBEB394A35166DE9DD8470C6A0E3,2122
"source/upstream-07ecb7cf/Mage.Sets/src/mage/cards/b/BountyBoard.java",FA910D7CB4BF0AB2EDC21F7BD45E92D0BC5F5756D41A11FADA1270DF0EFFE578,3321
"source/upstream-07ecb7cf/Mage.Sets/src/mage/cards/b/BountyCollector.java",6919208C692D2445DF8570E75E56DCA4ED752EC6E72726A09B674BC260A01107,1543
"source/upstream-07ecb7cf/Mage.Sets/src/mage/cards/b/BountyHunter.java",7A5F986D7A117FA63EF85EC4D58874B685DD09ACECD64BB18AF5FBB247A93C6E,2105
"source/upstream-07ecb7cf/Mage.Sets/src/mage/cards/b/BountyOfMight.java",6835D0B7A97A546CD620E19F2DE60576FDE0D1A1987856E7AB4AE52F01F25F13,1571
"source/upstream-07ecb7cf/Mage.Sets/src/mage/cards/b/BountyOfSkemfar.java",96D0F9CFABD3BBDBE5D57ED16FFE5AE7A32D4D09CED059E2FB4D8095E966D002,3231
"source/upstream-07ecb7cf/Mage.Sets/src/mage/cards/b/BountyOfTheDeep.java",951F2BB2965E4CE91DCD5DD4C05CD19771C7955116B0027ABE7A070698C09224,2001
"source/upstream-07ecb7cf/Mage.Sets/src/mage/cards/b/BountyOfTheHunt.java",BA39D826A5C59A6AA711E08DC190381D5BD9382FC5D2F05DEE13F1D82772B961,1779
"source/upstream-07ecb7cf/Mage.Sets/src/mage/cards/b/BountyOfTheLuxa.java",1D18F28B3D59885A4B37C8BE5FD519F0C67825E2958186ECBD175685189E1F0E,2939
"source/upstream-07ecb7cf/Mage.Sets/src/mage/cards/b/BountySniper.java",A7980DA747B63FD8318BAADCA15415B94E7195FCAA155F906CB2802A2E7F6AEF,1554
"source/upstream-07ecb7cf/Mage.Sets/src/mage/cards/b/BountySpotter.java",6F4D130DF74D8F90CB5D9CA802AE47492ACBE2DCBBB2B67FAAC75857500EF85F,1978
"source/upstream-07ecb7cf/Mage.Sets/src/mage/cards/b/BovineIntervention.java",B512C784638A3B8C4B32E70906D011DCD6F16507655284FE33E6BE8908B44080,1202
"source/upstream-07ecb7cf/Mage.Sets/src/mage/cards/b/BowerPassage.java",211DF26D116F14648D205BE8E7B58FDDCB80E9C39611BB00D71A2883D41F517D,1813
"source/upstream-07ecb7cf/Mage.Sets/src/mage/cards/b/BowOfNylea.java",8EFC5BDE11FC6510C34FE6D666F4EAC20033A0607E5EAB41327BAEA542B54F96,2913
"source/upstream-07ecb7cf/Mage.Sets/src/mage/cards/b/BoxingRing.java",EECAEC01F6781B6EA1BC112E7AC6AA7E6D58B3259328F273AD14C3FCAB053C4E,5116
"source/upstream-07ecb7cf/Mage.Sets/src/mage/cards/b/BoxOfFreerangeGoblins.java",FCD533AD6BDAE52F7A4D70605EBEA4D822C9A2FA732B4151440E33005D8F6AB1,1979
"source/upstream-07ecb7cf/Mage.Sets/src/mage/cards/b/BraceForImpact.java",0B694628E586E77B8894A4E480E26FFCA6882EE77AF0DF90E240FC72C8313B1E,3077
"source/upstream-07ecb7cf/Mage.Sets/src/mage/cards/b/BrackishBlunder.java",765035236F7E6E114461BFDD97AFAF89E98DC0D9056711CE0BBB3ABEE1DADD35,2101
"source/upstream-07ecb7cf/Mage.Sets/src/mage/cards/b/BrackishTrudge.java",8E6363CBCDF0F02D671BAE0317FADFE514CF6414D08735AD2B3662E182CDBF9F,1994
"source/upstream-07ecb7cf/Mage.Sets/src/mage/cards/b/BrackwaterElemental.java",BA5EE2E5050E470E709DE5F6B7D1D3BE990962DD05CF58F82501E213E9929706,1674
"source/upstream-07ecb7cf/Mage.Sets/src/mage/cards/b/BragoKingEternal.java",DE34AC51CA66A5996F730D0D458CE48A8976AD6CA46477C4E2D2D80276006DD9,1938
"source/upstream-07ecb7cf/Mage.Sets/src/mage/cards/b/BragosRepresentative.java",AF22302EFB7CDA51C9B133C1C21C79306C708D7E908B3F9DB039EDD1DBA46A94,2248
"source/upstream-07ecb7cf/Mage.Sets/src/mage/cards/b/BraidedNet.java",11CE5A2AA6BF28A3CC5E9DCD6D0013522AA958BB6AC6E29B26BA6FA7B8DB21DD,5351
"source/upstream-07ecb7cf/Mage.Sets/src/mage/cards/b/BraidOfFire.java",5189792BBCE24242EBFA0E45D376DDE66F0AF3CD47BE30D1EA709FDE7E85757D,1722
"source/upstream-07ecb7cf/Mage.Sets/src/mage/cards/b/BraidsArisenNightmare.java",227280D5EAAEF989933DFEB8F2F92C95229855200DD879CDCF83AD1E9E062538,4998
"source/upstream-07ecb7cf/Mage.Sets/src/mage/cards/b/BraidsCabalMinion.java",BDA56C2980B90BE96FB1C2858D4120413B3B1520219CF226C0E68E3385AFF69E,1537
"source/upstream-07ecb7cf/Mage.Sets/src/mage/cards/b/BraidsConjurerAdept.java",7717167D370FF344C4B3CAD7F06321A88C6E25605B933743AFC7B8A5C0F18D63,1716
"source/upstream-07ecb7cf/Mage.Sets/src/mage/cards/b/BraidssFrightfulReturn.java",A10C4BB0E65D6BFB7A4C70B9F1F25A49AC4986C38983F2AF8D26E9302508C214,4513
"source/upstream-07ecb7cf/Mage.Sets/src/mage/cards/b/BraidwoodCup.java",5CC9E6626D6055E60FB6115FEA9508496F08F59377DADB8F5DEB7B33332C84E7,917
"source/upstream-07ecb7cf/Mage.Sets/src/mage/cards/b/BraidwoodSextant.java",A1536293B1FD4E1DF0417B86A6E7E5E527F0D7C74C1B6153FF180224B15A7820,1499
"source/upstream-07ecb7cf/Mage.Sets/src/mage/cards/b/Brainbite.java",220DC6E340E16ADE4C24461AB06071ECE6A0E25723718404A70A699A5BE28824,1087
"source/upstream-07ecb7cf/Mage.Sets/src/mage/cards/b/BrainFreeze.java",424C89EFF309E6E85F33C5CF7F66AB76B9E4D75B1F960CB4A0BB018AB94BB5A8,955
"source/upstream-07ecb7cf/Mage.Sets/src/mage/cards/b/Braingeyser.java",757A1C7EDE41B88B81F259963B1A46553E79F3F635132036181936D70ADB06B1,885
"source/upstream-07ecb7cf/Mage.Sets/src/mage/cards/b/BrainGorgers.java",B623FC8A6728E476EDB653693EB1FC176261970243398E9167A5F7848077B57D,3314
"source/upstream-07ecb7cf/Mage.Sets/src/mage/cards/b/BrainInAJar.java",47672A2C5DE75F84E8458BE1FB1CC14D7C9B5047EF946460AD3B339F4AD3BECF,3501
"source/upstream-07ecb7cf/Mage.Sets/src/mage/cards/b/BrainMaggot.java",411A0F1E905939DAEA6C48A437B0A00B6D2CC1E729412CC7E1FAA64550646960,3676
"source/upstream-07ecb7cf/Mage.Sets/src/mage/cards/b/BrainPry.java",A15A5992B1AF1FA83C00E42E9861599A2E8142A3D3E62D9FAE8BBA809E32FBA1,2756
"source/upstream-07ecb7cf/Mage.Sets/src/mage/cards/b/Brainspoil.java",A8DC381C40C05A04B3C8E5D2F752786F7464EF4263FB6CDDB74FA85A32C72015,1411
"source/upstream-07ecb7cf/Mage.Sets/src/mage/cards/b/BrainstealerDragon.java",FF9A2CADF2A8DDB8F638E10540C02E541DE07DD26C89B4FFB3DAB6B771465E5E,4587
"source/upstream-07ecb7cf/Mage.Sets/src/mage/cards/b/Brainstone.java",5E67352C06C19A6A251143894DD97909A55A64E5904E2CBC9E704D0B518F3DA5,1187
"source/upstream-07ecb7cf/Mage.Sets/src/mage/cards/b/Brainstorm.java",71F2F0B8A48FA27AA3C9EB745C2AC34FAE6C286C09EC10F580ED02468EFDC00C,747
"source/upstream-07ecb7cf/Mage.Sets/src/mage/cards/b/Brainsurge.java",A2B37481BD2F35FD0B6EBE401530F7475E26DA2B426C8D3E83F1B86A29596343,750
"source/upstream-07ecb7cf/Mage.Sets/src/mage/cards/b/Brainwash.java",206C239D29481E6AF7A518BBF5CEF0C7B06AAB33BB8907FF4FAC7BB52CCE5172,1498
"source/upstream-07ecb7cf/Mage.Sets/src/mage/cards/b/BrainWeevil.java",EC6A718C9AAA1CA7ADA653D654FC26F5D8B691C41D892129E2763E414A6F299C,1438
"source/upstream-07ecb7cf/Mage.Sets/src/mage/cards/b/BrallinSkysharkRider.java",A6CBF1D8D9B7BCE9B8F7939F4F7420EFE96760B503B4E61C772F598CAA79229B,2419
"source/upstream-07ecb7cf/Mage.Sets/src/mage/cards/b/BrambleArmor.java",90E5C8E94877CD7F1647264346D47D9BB6BAD5D55D5CD74191573EF6D4B951A7,1194
"source/upstream-07ecb7cf/Mage.Sets/src/mage/cards/b/BramblebackBrute.java",EA61656EA79CD31ED8D4E86AE6E4342B70AE492934FB64F88EDB0045395CD51F,1818
"source/upstream-07ecb7cf/Mage.Sets/src/mage/cards/b/BrambleCreeper.java",0AE7A369648CFA5F8273E170DC5754B0DAFCF3D61998E9DD7FF28BC0D3968425,1107
"source/upstream-07ecb7cf/Mage.Sets/src/mage/cards/b/Bramblecrush.java",394C6A9D50F19DEB33A247DD10075B3FDEF913C80817116386BAAF810906A49D,893
"source/upstream-07ecb7cf/Mage.Sets/src/mage/cards/b/BrambleElemental.java",242428B8FC2323C3E211347DA93DCBE100144AB08FE5419069AD3CB11EEF6A3E,1133
"source/upstream-07ecb7cf/Mage.Sets/src/mage/cards/b/BrambleFamiliar.java",C56BD2E92F2DF5D93A9A3D636B6569FE1F56F62155E5A526DF2C080A694F1E52,3802
"source/upstream-07ecb7cf/Mage.Sets/src/mage/cards/b/BramblefortFink.java",9A27FB5A41CE1C8A20E7DAA9288AB2E430D607D0738BD62A5F5446A7D7A02D02,1730
"source/upstream-07ecb7cf/Mage.Sets/src/mage/cards/b/BrambleguardCaptain.java",64767EE8B6EC59097C8B3AC6005A33E3012F38F0FA6324549FB0D068A230A29D,1626
"source/upstream-07ecb7cf/Mage.Sets/src/mage/cards/b/BrambleguardVeteran.java",640138C6DFDAD7FED3CE717A65BFC13C3BAEDF207FCCFE0308AFFB60EC9474A0,1848
"source/upstream-07ecb7cf/Mage.Sets/src/mage/cards/b/Bramblesnap.java",F4C6E89D462A0802536733C393419834EF67BE05BC14F9C2E5FF76F3E18524D4,1665
"source/upstream-07ecb7cf/Mage.Sets/src/mage/cards/b/BrambleSovereign.java",B43DEFBFC49819210C7428CEC6A4C1D9B3DA34F0B9565BCC3578E9A24D3AC475,2945
"source/upstream-07ecb7cf/Mage.Sets/src/mage/cards/b/BrambleweftBehemoth.java",28AB9DEE818C18012693B415F3162265114CEA607DDC629BD64231CD36400541,883
"source/upstream-07ecb7cf/Mage.Sets/src/mage/cards/b/BramblewoodParagon.java",20ED99FC48A6A13CBDD669448B1CBE76463B7139B6EB60C282B110D8EB04AAF5,1894
"source/upstream-07ecb7cf/Mage.Sets/src/mage/cards/b/BrambleWurm.java",1B0C5415213BCC68B6F10786CD86B53C19392C67A8BA026BC2942B40684BB5B6,1755
"source/upstream-07ecb7cf/Mage.Sets/src/mage/cards/b/BranchblightStalker.java",9A3FED3D4BACB62C6EC912705B1FD1EFD78B2D3AEAF07F8E11B2B7CF29EAEB8B,948
"source/upstream-07ecb7cf/Mage.Sets/src/mage/cards/b/BranchingBolt.java",5EA0695B8B3D31DE62DC3857BED2F80D85B338C098A6BE97A79D4C779FC61C99,1860
"source/upstream-07ecb7cf/Mage.Sets/src/mage/cards/b/BranchingEvolution.java",19B420E159C82B3E10DDA57066AE298B6347A3D69AC560900FB32F203E55DE20,2674
"source/upstream-07ecb7cf/Mage.Sets/src/mage/cards/b/BranchloftPathway.java",DAD97B6BC480F0FADEB6B7A52CEFD87D2A8C9F36017BBE34D10F240A1B3CC429,1146
"source/upstream-07ecb7cf/Mage.Sets/src/mage/cards/b/BranchOfVituGhazi.java",4506A9FCCDE0382471D3CD1363E1ACDEA9D832010688D1A1C3B96D8AA2615CD4,2305
"source/upstream-07ecb7cf/Mage.Sets/src/mage/cards/b/BranchsnapLorian.java",B63F957C82E3341A50B930EE684219473854D072DD94C7FED5124B5F24F00F0B,1047
"source/upstream-07ecb7cf/Mage.Sets/src/mage/cards/b/Brand.java",D1081FF2EE042946D80BB9B04959812F96D6DDC2CCFF694513A5299993229BDD,1221
"source/upstream-07ecb7cf/Mage.Sets/src/mage/cards/b/BrandedBrawlers.java",ADACC492F390F74112F09812D4D6DB8BBEEA0B94ED2C415E1651201A334EC1B4,2937
"source/upstream-07ecb7cf/Mage.Sets/src/mage/cards/b/BrandOfIllOmen.java",357E69CB4ED660F0CD8DDF9563E7CDA260BAA2E104FC11FB534140D9C22EF19F,3263
"source/upstream-07ecb7cf/Mage.Sets/src/mage/cards/b/BrandywineFarmer.java",9BDE304A9AD616B708FC70C20E765EA1F43C5877340D94F8347A26BB3EBA268B,1175
"source/upstream-07ecb7cf/Mage.Sets/src/mage/cards/b/BrashTaunter.java",DB55D80C783C36C5CDADA4CD7A52A73EA81284DAAF1BC9312A166CB7E8B789B7,2302
"source/upstream-07ecb7cf/Mage.Sets/src/mage/cards/b/BrassclawOrcs.java",FF4F997E94C8B0F9D1D7B8CAAB4F3463DF955E4BB1FCCE0179E1445BDBB26FB1,1400
"source/upstream-07ecb7cf/Mage.Sets/src/mage/cards/b/BrassGnat.java",5B833CF279A0F4F02BE3402FC1E6BEA8853737887C5E38E474EE8867C6BE4F40,1812
"source/upstream-07ecb7cf/Mage.Sets/src/mage/cards/b/BrassHerald.java",C943A81ECE14EC5FF3BCF11CDC56FD50A5C0E9E00305700ED1271E5178B42974,2802
"source/upstream-07ecb7cf/Mage.Sets/src/mage/cards/b/BrassInfiniscope.java",96044FCE2CBAC9023B8EB223196A67E62319EE33BA3F0091CBAE57FB4C0AD8F3,3691
"source/upstream-07ecb7cf/Mage.Sets/src/mage/cards/b/BrassKnuckles.java",F897A72455C53978F5A0C5281FBA965420E0AF8C6DD1D34981559533BF469FC0,2412
"source/upstream-07ecb7cf/Mage.Sets/src/mage/cards/b/BrassMan.java",9B1B2BD9BFFF40A0884EBB6A5C6474B51C370B0CC2F32CEE92B2F58A25AD0153,1694
"source/upstream-07ecb7cf/Mage.Sets/src/mage/cards/b/BrasssBounty.java",012572D69AB077D7C6442FB2B5E6C13CF72D39A4C1CE961FAA45E108A33BBECD,1168
"source/upstream-07ecb7cf/Mage.Sets/src/mage/cards/b/BrassSecretary.java",3EC9D2623E9F4410B4999FB5533D5F8B27120CC349E74DF5BDA70CBC0D12B577,1288
"source/upstream-07ecb7cf/Mage.Sets/src/mage/cards/b/BrassSquire.java",FDCF2D839BEDD11CC9ECD8FE9CF7A39FD27230FED1625076DF494CAE637B3366,1445
"source/upstream-07ecb7cf/Mage.Sets/src/mage/cards/b/BrasssTunnelGrinder.java",D216E1428BF2CDCCB6EB44F74C98FCA92972861D72AC724FC51A8B490B4C87CF,4882
"source/upstream-07ecb7cf/Mage.Sets/src/mage/cards/b/BrassTalonChimera.java",8060816E6BAC5DEBFC7255CEA1E7D1EBE8866597D81BB7AB524050DB695109D8,2178
"source/upstream-07ecb7cf/Mage.Sets/src/mage/cards/b/BrauliosOfPheresBand.java",7F1E1AB73548BA6C1B5A071B126DA25E2A30060BB8677938DB176AC5AF9BF5AF,1998
"source/upstream-07ecb7cf/Mage.Sets/src/mage/cards/b/Bravado.java",EFCFBC04A7AFE67F21E474FCB223FD85036347FCCC7FB7C57EE703AFC09C0D43,2603
"source/upstream-07ecb7cf/Mage.Sets/src/mage/cards/b/BraveBrawler.java",AB07F6F03DDAF5514ED21484620E09EB532B319257DB79565758D8803032E2FF,1361
"source/upstream-07ecb7cf/Mage.Sets/src/mage/cards/b/BraveKinDuo.java",A20D3715F55401BC1D0164F31B17A59DE3EE2690BEE0DFBCF0F134EEACE28EFF,1410
"source/upstream-07ecb7cf/Mage.Sets/src/mage/cards/b/BraveTheElements.java",A6464AD5F0D4E650B2176DD6BD671295BD22B344E8F37C35C3FC59A93F359EED,1278
"source/upstream-07ecb7cf/Mage.Sets/src/mage/cards/b/BraveTheSands.java",285880BAC09C5490572FE308D2549D77483C3710FB686504F1007221E331B606,1457
"source/upstream-07ecb7cf/Mage.Sets/src/mage/cards/b/BraveTheWilds.java",E45F7F9C6AF869FD592B2E3BD520BC831D64ABC31B4CE4938BE8DD072CA4A4C9,2604
"source/upstream-07ecb7cf/Mage.Sets/src/mage/cards/b/Brawl.java",28E9267D22E4D200024CB299980A20F0FE943A484B3D9D8DB36D42B5C51E9F35,1557
"source/upstream-07ecb7cf/Mage.Sets/src/mage/cards/b/BrawlBashOgre.java",D97D881E42D32BBA0C27E8B9E2E970F6907AC7305C6150F726120AA8712C8138,1654
"source/upstream-07ecb7cf/Mage.Sets/src/mage/cards/b/BrawlersPlate.java",7BB790ACBCE248BB70B51A413ABD02B90B99C4A7010492AF1D6758C8069EC10E,1378
"source/upstream-07ecb7cf/Mage.Sets/src/mage/cards/b/Brawn.java",C42C211C09DA8733F6BFA94F0EF2F7F40BB5DB68370527C787AE4C7F11D72C0C,2174
"source/upstream-07ecb7cf/Mage.Sets/src/mage/cards/b/BrawnAmadeusCho.java",B55B7A8B5F3268C0225FDD04FE0E88D6EE6874C4F601AA3EB1A3CA97E975ED29,1920
"source/upstream-07ecb7cf/Mage.Sets/src/mage/cards/b/BrazenBlademaster.java",B3DCAA972685E51F6701501C0D537429B4ADBF281A4C18C002AA19CA674A5C97,1653
"source/upstream-07ecb7cf/Mage.Sets/src/mage/cards/b/BrazenBorrower.java",119B947824321645331449D618C6947B5928A5A4FE12DA642B1775DA9F67854F,2019
"source/upstream-07ecb7cf/Mage.Sets/src/mage/cards/b/BrazenBuccaneers.java",F34FB6E7E15508C68ED14BA75F6593B5524ACCB727CE8ECAEC50FB8F7020B34A,1182
"source/upstream-07ecb7cf/Mage.Sets/src/mage/cards/b/BrazenCannonade.java",92AE58FC4ED589154340C3EB4567993637F459369D544E1ABBC1639D5F148357,2262
"source/upstream-07ecb7cf/Mage.Sets/src/mage/cards/b/BrazenCollector.java",1AAABDC135CA959381794C91AB4ED670E95A2678AE92F8ED168F729F94906FCC,1266
"source/upstream-07ecb7cf/Mage.Sets/src/mage/cards/b/BrazenDwarf.java",E6BC81FEE6A581C0E4B6939746C8365D984ABFDAF529DBA8F5BF866FF6F1ACE7,1131
"source/upstream-07ecb7cf/Mage.Sets/src/mage/cards/b/BrazenFreebooter.java",2383C5732D790618B520916D79E2C5CB4DEAE072F2E62AB201B51328AE9B0555,1221
"source/upstream-07ecb7cf/Mage.Sets/src/mage/cards/b/BrazenScourge.java",30DA7AA3EBD354680E3589BA12E5AB36430D55161FC510CF5D074C9708C7A607,837
"source/upstream-07ecb7cf/Mage.Sets/src/mage/cards/b/BrazenUpstart.java",6D78E998E79EB79660028F0078EA1C52B97B8D63A737EEE06830747D3DB5F42B,1499
"source/upstream-07ecb7cf/Mage.Sets/src/mage/cards/b/BrazenWolves.java",17338F0DE2D61BBAA7523D7B95AD286C6146CE1FC045824302CF7525EBFAE508,1177
"source/upstream-07ecb7cf/Mage.Sets/src/mage/cards/b/Breach.java",EFB8680640D94407E65FFD0A1EB4C1D35614DA709A1D45D8429D78A3E51E25A7,1234
"source/upstream-07ecb7cf/Mage.Sets/src/mage/cards/b/BreachingDragonstorm.java",4E532C167900D6A05897AC15ECB07FF5CB2615A98046056F8A51B0953F1048ED,3584
"source/upstream-07ecb7cf/Mage.Sets/src/mage/cards/b/BreachingHippocamp.java",AC77E628E18729C80627B680A3765AADA7E85CA714B2FCF69AB36E4DCA9BA95B,1437
"source/upstream-07ecb7cf/Mage.Sets/src/mage/cards/b/BreachingLeviathan.java",F62DD3A3AB3EA2C8156EB3DA2DEE962E02B404E5E92030817E8009D7CBB29054,3298
"source/upstream-07ecb7cf/Mage.Sets/src/mage/cards/b/BreachTheMultiverse.java",DB23FA2FB4BA71CE30723E9D6A1BDF15A1C32F466096293A82A6D533874740D6,3603
"source/upstream-07ecb7cf/Mage.Sets/src/mage/cards/b/BreakAsunder.java",495E20A9EEC7ADAB64D6F6E6F9BE1485FA60AFA0BE03BDA7087A73DB9595C6BC,1105
"source/upstream-07ecb7cf/Mage.Sets/src/mage/cards/b/BreakDown.java",776FA4FCCD6CC77399F39230016A98D2DE3873C1A9421DBCE397A355625FD85C,1092
"source/upstream-07ecb7cf/Mage.Sets/src/mage/cards/b/BreakDownTheDoor.java",6436A897744E3DB4C68788749EB97DC4EDF31E402ABD0D11ACAA755107D083CA,1302
"source/upstream-07ecb7cf/Mage.Sets/src/mage/cards/b/BreakerOfArmies.java",798948CE8CAD016C30C90F182228D8A2E0AEF19D362EB5E4985F510B98802CDA,1095
"source/upstream-07ecb7cf/Mage.Sets/src/mage/cards/b/BreakerOfCreation.java",A1E401941F4BDFDCFD71D19AD475646FD7407A9717EDC5DA66415B92CEFA307E,2008
"source/upstream-07ecb7cf/Mage.Sets/src/mage/cards/b/BreakingEntering.java",C9B3B3DC8F2447CBC6858CE578F162B1AF178E1C91DDCAE9B92CEF7910E6591C,3585
"source/upstream-07ecb7cf/Mage.Sets/src/mage/cards/b/BreakingOfTheFellowship.java",F712F899A100B911C0A1B9C771C52DD1930C74AF9B6585D8A8D8ED5F2CF1C713,4151
"source/upstream-07ecb7cf/Mage.Sets/src/mage/cards/b/BreakingPoint.java",14682534CA2DF90B377308DD1CC1C74D4C7C22535B48B0563771158A304E3479,3079
"source/upstream-07ecb7cf/Mage.Sets/src/mage/cards/b/BreakingWave.java",B3C740D72F19159DDDA25C75A4309BFCD4AA6D3D7549FB04005BE46008336BB4,2278
"source/upstream-07ecb7cf/Mage.Sets/src/mage/cards/b/BreakneckBerserker.java",D5FBA7964129E364FE85ADF0EE9C87DA4E6D2662CABE7A828ABDE388421C0F4A,908
"source/upstream-07ecb7cf/Mage.Sets/src/mage/cards/b/BreakneckRider.java",155147870E865166A9F18BBE1D53B5F344F871A9C4563D531574BAE1A16030D1,2361
"source/upstream-07ecb7cf/Mage.Sets/src/mage/cards/b/BreakOfDay.java",027960790F964507ED7B4F0E72A86FD8061DE93D58B5EBFEF6B42711B214AFA2,1748
"source/upstream-07ecb7cf/Mage.Sets/src/mage/cards/b/BreakOpen.java",CDA3AA74A192EA20229F014E8880532938ABF6E60C61784E1B21D56FF8C247B8,1303
"source/upstream-07ecb7cf/Mage.Sets/src/mage/cards/b/BreakOut.java",AE1E9BA8A722D73175280B1EA9562217B5F352EC459C3FD4B0A0A94C43ED9AC9,4184
"source/upstream-07ecb7cf/Mage.Sets/src/mage/cards/b/BreakTheIce.java",7B54FC26BE111702EC85B5AAF3C298CD42D83D514B94560526FF45587A4258DF,1862
"source/upstream-07ecb7cf/Mage.Sets/src/mage/cards/b/BreakTheSpell.java",D28FC541EB3147639E8ABA951FAA409C66DDFFAAE48802F289CA3DB8CB2805D7,2239
"source/upstream-07ecb7cf/Mage.Sets/src/mage/cards/b/Breakthrough.java",C7DD49F6D531E1340859AD71D2DC668377C4BED782750BCAEA52FAC02837F898,2411
"source/upstream-07ecb7cf/Mage.Sets/src/mage/cards/b/BreakThroughTheLine.java",6187DC73CC978C06D5C8F2DC4F6F989CAD88284D88A62F920B9E453C1BAB1722,1994
"source/upstream-07ecb7cf/Mage.Sets/src/mage/cards/b/BreakTies.java",1D96393D910EC436083FAE2DAFC88E273DB5C717307C27DD6DDFAA00841CD342,1636
"source/upstream-07ecb7cf/Mage.Sets/src/mage/cards/b/BreatheYourLast.java",D79A6FB4C5CD1EFE962402D6B7BAB7D9FDBDCD38F0C0E20E2F2D9223F3196836,2041
"source/upstream-07ecb7cf/Mage.Sets/src/mage/cards/b/BreathkeeperSeraph.java",FE5D9A197398BA6E8969F242B1B1257310DB83BF1D277367A80DD9E2755D946B,2428
"source/upstream-07ecb7cf/Mage.Sets/src/mage/cards/b/BreathlessKnight.java",831BB8E4EFA585AF6A7671F8382D792F18B9D5B94E000A6EF3AC9D8D62CE21CC,3391
"source/upstream-07ecb7cf/Mage.Sets/src/mage/cards/b/BreathOfDarigaaz.java",90387A9460F8BD1BF153F1BBF14DEB2B171585C353B18D2BA601FC19BF39A5A2,1851
"source/upstream-07ecb7cf/Mage.Sets/src/mage/cards/b/BreathOfDreams.java",EA2BDF0D89527A27A4ED20F9A45A593669DDF5806C00B1645F895CD5CEC185CB,1501
"source/upstream-07ecb7cf/Mage.Sets/src/mage/cards/b/BreathOfFire.java",1E7570E74EFA43A6FFF8E33B8446457C1DC618534B033B77360D2D19794C6F42,853
"source/upstream-07ecb7cf/Mage.Sets/src/mage/cards/b/BreathOfFury.java",9938F8011FDD877B63EFD9A0287F5A65B6DD67A27008BE0DF403D17F252B8CAB,6611
"source/upstream-07ecb7cf/Mage.Sets/src/mage/cards/b/BreathOfLife.java",5B6847723C62CDFFEECB135E896AF9EC46EFF29E393E4FBB6AB3F933AA3774E4,1013
"source/upstream-07ecb7cf/Mage.Sets/src/mage/cards/b/BreathOfMalfegor.java",F9FD7A067F7C6E088F0CA856AC67BEFD58284B17743B668D6C26FA0303080AF3,849
"source/upstream-07ecb7cf/Mage.Sets/src/mage/cards/b/BreathOfTheSleepless.java",07FCE8B01B03D756A2B590D9786BDD10ACA89490AA5DE78D185CB6F7AABC46E0,1986
"source/upstream-07ecb7cf/Mage.Sets/src/mage/cards/b/Breathstealer.java",AAAFA906B5222C520989615E937536487EAE5316302F38E7A314C42532BF898E,1145
"source/upstream-07ecb7cf/Mage.Sets/src/mage/cards/b/BreathstealersCrypt.java",D11DAFB9B96AFAE81EC6DE7E17819B986DD918C03B7268DD436712C05F0AC0C8,3342
"source/upstream-07ecb7cf/Mage.Sets/src/mage/cards/b/BreathWeapon.java",F784141FA5983675DC49108F66700FDA4E1FB07FA5E628FE000A6CBE200D3E2E,1086
"source/upstream-07ecb7cf/Mage.Sets/src/mage/cards/b/BredForTheHunt.java",23F5F6E7618BDE2149872D3D4F02D4C17B2F8ADB0164A7C65973F16833C6403F,2284
"source/upstream-07ecb7cf/Mage.Sets/src/mage/cards/b/BreechesBrazenPlunderer.java",E04A092E0DA1C3FC821C113C8627D9CE0B0A31F53FDEA638EC6F739E11FA7FBF,5300
"source/upstream-07ecb7cf/Mage.Sets/src/mage/cards/b/BreechesEagerPillager.java",BF214DD6E7AD2D118B765DB98752C06EA95D732F6EDF6618AE42402C0F96BF27,2734
"source/upstream-07ecb7cf/Mage.Sets/src/mage/cards/b/BreechesTheBlastmaker.java",5E70129326ABDEEF81F8BCDAB015EC183181FA8240C817EC7CCCB610BF05DEE9,3893
"source/upstream-07ecb7cf/Mage.Sets/src/mage/cards/b/BreedingPit.java",963F51575FC2299742262A7AE3235A6568A92C041A9F0440A1532E7FE4D141F2,1338
"source/upstream-07ecb7cf/Mage.Sets/src/mage/cards/b/BreedingPool.java",FF1D8E4874638630C7DD284B7DAE40FDF28351FDF92B0482C231E96F3EF4A160,1139
"source/upstream-07ecb7cf/Mage.Sets/src/mage/cards/b/BreenaTheDemagogue.java",9E09127207EC509477AB98843FC92C4DD898F22066F9C4AFA1E4442B3C5B1AF5,4721
"source/upstream-07ecb7cf/Mage.Sets/src/mage/cards/b/Breezekeeper.java",CD7AAE34189177031A08F82A4AE79E3146009DEF81D3797450A6D58C85B1BB48,946
"source/upstream-07ecb7cf/Mage.Sets/src/mage/cards/b/BrenardGingerSculptor.java",B36E383DB3D6F74B39D5344DA684E8319342B72F4A07CD8A5B7B0DC8E6B1DF49,4894
"source/upstream-07ecb7cf/Mage.Sets/src/mage/cards/b/BreOfClanStoutarm.java",39341E9FA3ACEEF88E2CBAEA426587184100EC69FED538A9A9AADE59C73CE772,5491
"source/upstream-07ecb7cf/Mage.Sets/src/mage/cards/b/BretagardStronghold.java",C5A400DCA5199AB60ED3B090E109F8CA12FED8003E5C15619263A2EEA2490809,2792
"source/upstream-07ecb7cf/Mage.Sets/src/mage/cards/b/BreyaEtheriumShaper.java",4FE5CA344F0EEF5678A5C4203DCE0BD19D3B692546C9286D71F3157CD56B00DC,2629
"source/upstream-07ecb7cf/Mage.Sets/src/mage/cards/b/BreyasApprentice.java",2B759BBCA09EF81E02DD3B09B87A37D6D06F91B23D1CA282F6DC33490302DC47,3716
"source/upstream-07ecb7cf/Mage.Sets/src/mage/cards/b/BriarberryCohort.java",FCDDE81265CBFA2D2556471C080D70E5598154FAA693A4A40858DEF3A00F9470,2232
"source/upstream-07ecb7cf/Mage.Sets/src/mage/cards/b/BriarbladeAdept.java",451A45B8B2257D6893BF0ED9651E232B5039AD8450BB80295D9317308BC50DD9,1485
"source/upstream-07ecb7cf/Mage.Sets/src/mage/cards/b/BriarbridgePatrol.java",0FD00336E6EA7B8B09ADEBF1EDBCC0805C4643DD4E9AEA863335D2B51D0C7E1E,3000
"source/upstream-07ecb7cf/Mage.Sets/src/mage/cards/b/BriarbridgeTracker.java",5B103D22D07DF87F2F4AA5AB8F44D1D5B242D8397C23036A9B820B2609AAEC99,2354
"source/upstream-07ecb7cf/Mage.Sets/src/mage/cards/b/Briarhorn.java",CAD73AB7B55269E5D7FE0B8A5BBA49440860B23195267DA113F16E4730AC753F,1478
"source/upstream-07ecb7cf/Mage.Sets/src/mage/cards/b/BriarHydra.java",4B5859662F43D90DD1BACB35E9DBB108DD5644C757884140B71D05238F325FB9,1783
"source/upstream-07ecb7cf/Mage.Sets/src/mage/cards/b/BriaRiptideRogue.java",B409558172ADBFF715191650D03CE1DD54ADE657733189870BA98ABA3D470A73,2060
"source/upstream-07ecb7cf/Mage.Sets/src/mage/cards/b/BriarknitKami.java",B776DE659FF28C2149BC8A294C6AD743CB74ECF24E8664B3D405F86D88039809,1373
"source/upstream-07ecb7cf/Mage.Sets/src/mage/cards/b/BriarpackAlpha.java",5B367E92E4FBE5A25799D38766171DE008B49A5E9AF5AD8D260AA8B87E27E14E,1369
"source/upstream-07ecb7cf/Mage.Sets/src/mage/cards/b/BriarPatch.java",655215213EF1F6A18C14C7666740F62447CDA94B93A98C3CCDEF15010D9F6246,1100
"source/upstream-07ecb7cf/Mage.Sets/src/mage/cards/b/BriarShield.java",34F70FE20B45554FC1D79231D05D8B3E7322D36A705F07BF6C0F1F582F745890,1704
"source/upstream-07ecb7cf/Mage.Sets/src/mage/cards/b/BribersPurse.java",F5C6E0DC5DEDF8C0F712C5C9B567536A8D8958D5ACB8507C1EB902A84FFB6DC0,1810
"source/upstream-07ecb7cf/Mage.Sets/src/mage/cards/b/Bribery.java",03749685A2D847C3EC9F6E56C1EF0C3017B7F7E0292A002C5609981B343479C2,2378
"source/upstream-07ecb7cf/Mage.Sets/src/mage/cards/b/BribeTaker.java",6CBEBB2F648A649C602C8EBF3E5485B11B58D2ABDEAE1EB965D3FF4C70CFABE7,3991
"source/upstream-07ecb7cf/Mage.Sets/src/mage/cards/b/BridesGown.java",BE49766CE86E52D063DED1C3F27B39D2B08A52DAFE601C752F1262EA7549D670,2831
"source/upstream-07ecb7cf/Mage.Sets/src/mage/cards/b/BridgeFromBelow.java",C37D0F4529019330C2E545F69CD48D165693BF2E5679821878B54A1F3B15EBAB,2456
"source/upstream-07ecb7cf/Mage.Sets/src/mage/cards/b/BridgeworksBattle.java",C288F620AC5DA671FD2FF37FB73DE706FC28A54D91F731B15B60A278BDF504B9,2838
"source/upstream-07ecb7cf/Mage.Sets/src/mage/cards/b/BridledBighorn.java",01F7EDA0341DFFBEBA2792500A0384574F4B1595E41476257838632C2A4BC7B0,1390
"source/upstream-07ecb7cf/Mage.Sets/src/mage/cards/b/BrightbladeStoat.java",13ABFE49DDFBE3DBDE172AAA58831611F30C94CEDDD44A1320CDB66839004C4D,1048
"source/upstream-07ecb7cf/Mage.Sets/src/mage/cards/b/BrightcapBadger.java",ECCB58DA1124312D667151F230C943D4F1C3E0F4BD603FD97D87A557192B90BC,2242
"source/upstream-07ecb7cf/Mage.Sets/src/mage/cards/b/BrightclimbPathway.java",0265F7A5C64EEB9B7CE9C9CA0CC147BCEA71A545104D39CF7EA3C7BB8D458E95,1149
"source/upstream-07ecb7cf/Mage.Sets/src/mage/cards/b/BrightfieldGlider.java",8BB8AD45EA9C1617AD472E230F799C857D7197DD6E4EE6F296614C7062732A9E,1821
"source/upstream-07ecb7cf/Mage.Sets/src/mage/cards/b/BrightfieldMustang.java",F33C8455E8FA98BA69A70C9FC2111689496C2078B602D1B40603051E98EDB527,1535
"source/upstream-07ecb7cf/Mage.Sets/src/mage/cards/b/Brightflame.java",14015AC641C945F9BACAE7B80FF9E72FEC3595FD5AE3809A2360D01525C25545,3101
"source/upstream-07ecb7cf/Mage.Sets/src/mage/cards/b/BrightglassGearhulk.java",D85733576748D4422D63FDAA856CDBA78F80586677DD3DBEAF5697F10B43B9CD,2213
"source/upstream-07ecb7cf/Mage.Sets/src/mage/cards/b/BrighthearthBanneret.java",606CB3D1FDBBDEB96FF5FA18784D4935BC7EEDD80E2C313E3B1EA80D2D651D08,1651
"source/upstream-07ecb7cf/Mage.Sets/src/mage/cards/b/Brightling.java",CE33D7139B1232FA193EB9BCED1FDF0B5802D3BFF6B92DADFA69447CE7249353,3512
"source/upstream-07ecb7cf/Mage.Sets/src/mage/cards/b/Brightmare.java",C8CB6229799DE72A23BE85EAF52E88F91513ACAD26B8AF798169684CD4EB48AC,2191
"source/upstream-07ecb7cf/Mage.Sets/src/mage/cards/b/BrightPalmSoulAwakener.java",E171D54F330627FF24C1610240EB32F98E43D6F18CAE29522B156B19D99FB912,2921
"source/upstream-07ecb7cf/Mage.Sets/src/mage/cards/b/BrightReprisal.java",399257604C57A71D6070FEE28EF2A2E39E8E73BD7C269221087366A546634E59,1044
"source/upstream-07ecb7cf/Mage.Sets/src/mage/cards/b/BrightspearZealot.java",CE058BDD426B20401ADA39B56E1925A7F493E8B8F3C48C8505D2F326C7C1B1AA,2013
"source/upstream-07ecb7cf/Mage.Sets/src/mage/cards/b/BrightstoneRitual.java",E1BFD1D763915D02597192CEDF9C4F7B48AF0080A0B86E892697B8C308AF7497,1127
"source/upstream-07ecb7cf/Mage.Sets/src/mage/cards/b/BrightwoodTracker.java",9FAA874392C90C86BD48E0DC808822E51A1FE117189244B5D9129EB280A3D2FF,1639
"source/upstream-07ecb7cf/Mage.Sets/src/mage/cards/b/BrigidClachansHeart.java",4EF1A46F4DABE42F147D7AB70AACF8AC1084145B0CD0BC91E96B76543517B194,3652
"source/upstream-07ecb7cf/Mage.Sets/src/mage/cards/b/BrigidHeroOfKinsbaile.java",805D0AFAC5F0BBB4B38BCBC87DE1340A275D3DE80CC0615C8BE81F14378F155F,1609
"source/upstream-07ecb7cf/Mage.Sets/src/mage/cards/b/BrigidsCommand.java",17FA4F06A0D4F889565D9F64C13B0164DD5FB5C267394510A926BADFC1FCE535,2626
"source/upstream-07ecb7cf/Mage.Sets/src/mage/cards/b/BrigoneSoldierOfMeletis.java",2AACABEEB4C80D5400030771F9433916109E49FF9126CFF99679BCE4DD8AFA0C,1978
"source/upstream-07ecb7cf/Mage.Sets/src/mage/cards/b/BrillianceUnleashed.java",27C1453B748323CDCAD5E9A51586039B712084237A7C65B18080D20141C7918A,3779
"source/upstream-07ecb7cf/Mage.Sets/src/mage/cards/b/BrilliantHalo.java",3523A7FEB75F0FE98C94BAF552C99F3D898354938936C026685A79E40ACB48AE,1767
"source/upstream-07ecb7cf/Mage.Sets/src/mage/cards/b/BrilliantPlan.java",BE559BA36A8A550E26B8F24444DBE6F891EBB4F28157BF1312EFEFFCE5ED5F17,724
"source/upstream-07ecb7cf/Mage.Sets/src/mage/cards/b/BrilliantRestoration.java",8C50D29E9986EDA415435FB78776BF55DF26F5C2B7D365F56F1D19B35198A503,1082
"source/upstream-07ecb7cf/Mage.Sets/src/mage/cards/b/BrilliantSpectrum.java",1B8B5DFE137013D18CBC724878F2665F9A0F7BCA6227BCD75E9592ACED400642,1467
"source/upstream-07ecb7cf/Mage.Sets/src/mage/cards/b/BrilliantUltimatum.java",1F97E73F962F90E522764E8C6634270A6F2381823E5835A3DEB110045DF56FBC,5118
"source/upstream-07ecb7cf/Mage.Sets/src/mage/cards/b/BrilliantWings.java",4546E3849F313F6C366E2A2712106517C17BF5FB351C2D7383EE81BFB4C9DD14,2551
"source/upstream-07ecb7cf/Mage.Sets/src/mage/cards/b/BrimazBlightOfOreskos.java",ADCF40AF7BB56D24E2D435EC8C8DAD9624FB0EE7BE88A16E56C38054F473609C,4412
"source/upstream-07ecb7cf/Mage.Sets/src/mage/cards/b/BrimazKingOfOreskos.java",4BEED7014ED6413D8B1F45F7749E4C443B95647ED75CFD180B72F5AAD4399BD1,3855
"source/upstream-07ecb7cf/Mage.Sets/src/mage/cards/b/BrimstoneDragon.java",29BFF9610C1A9C37A323552FDA25243D030DDE1E76A7AFF478ED24BB0DE99345,964
"source/upstream-07ecb7cf/Mage.Sets/src/mage/cards/b/BrimstoneMage.java",D009466F84CE49C779EE2725A13D90F264069CB19BCF8F8397A99B709EBE3BF0,2073
"source/upstream-07ecb7cf/Mage.Sets/src/mage/cards/b/BrimstoneRoundup.java",B3FEAD00BFE2F486117BADB1516CF822C578DC3391CF702ABE807440D5C7457F,1159
"source/upstream-07ecb7cf/Mage.Sets/src/mage/cards/b/BrimstoneTrebuchet.java",44B0E10B6CA4049B75D646034B66B51C19BAE544D24ABDE46B6842BE4AAA3E98,1881
"source/upstream-07ecb7cf/Mage.Sets/src/mage/cards/b/BrimstoneVandal.java",D236611EAC438AFD9A8FAE27A04AE1A355A9920EA83377CB114B228FA8B030A6,1472
"source/upstream-07ecb7cf/Mage.Sets/src/mage/cards/b/BrimstoneVolley.java",79C07195629295017573A1AF0FFEA4AF180ABC8EA66142169AAF936A16065A80,1477
"source/upstream-07ecb7cf/Mage.Sets/src/mage/cards/b/BrindleBoar.java",5D5BE06B1CEFED966C5F2AA3E9A3BE807A2EF42F7E2BAD8CE158BAE684D4C49F,1021
"source/upstream-07ecb7cf/Mage.Sets/src/mage/cards/b/BrindleShoat.java",085A3AA8A9D6DB28D8F05925F985E6D5507A974445BBE14F88A35CB2CA6A0C71,1043
"source/upstream-07ecb7cf/Mage.Sets/src/mage/cards/b/BrinebarrowIntruder.java",97422569E906A7D25D739166B0CCAEAF57718B0E292A421D9BEBA56C88832CD3,1454
"source/upstream-07ecb7cf/Mage.Sets/src/mage/cards/b/BrinebornCutthroat.java",46A968E1490029D2C5C038DBDD924AA6BCA24E52C1E6F6E5C178DECCBA243466,1555
"source/upstream-07ecb7cf/Mage.Sets/src/mage/cards/b/BrineComber.java",CED7B271FE50A5FFDA487EE0BAEE6CB3FE69720F7231B92E6DE5448891B97C6C,3418
"source/upstream-07ecb7cf/Mage.Sets/src/mage/cards/b/BrineElemental.java",FF579411DE5E94AFC7E90A18CC74DB1621AE7FCD18A60E0D385D41B997BA075B,2342
"source/upstream-07ecb7cf/Mage.Sets/src/mage/cards/b/BrineGiant.java",F61BEFBB15B609E3CC48A2F25F5ADF85957083E4728908632075CD36E80735F7,894
"source/upstream-07ecb7cf/Mage.Sets/src/mage/cards/b/BrineHag.java",5D3A455F56DF9B6EB3409EC6D8CE2EDEF1C9E799ECB3C6E1C07C0D9C5870A481,2684
"source/upstream-07ecb7cf/Mage.Sets/src/mage/cards/b/BrinelinTheMoonKraken.java",1B4A1F6E236C0F83880F8E5E8EE5299582BDDFF8F10F4E87B2ADA8D12EE2C8EB,3152
"source/upstream-07ecb7cf/Mage.Sets/src/mage/cards/b/BrineSeer.java",2AFBAD58EE71922590FA67090AD83C4CF711F131D536DDBDA4066DE154310AED,2900
"source/upstream-07ecb7cf/Mage.Sets/src/mage/cards/b/BrineShaman.java",CFA0EB2E90B7D6E94E87B3A497BD17B6D718598FE96CFE852572EE0D811DE4A9,2043
"source/upstream-07ecb7cf/Mage.Sets/src/mage/cards/b/BringDown.java",084FF9C9B39D88AE17E2276F21842A289BFA8F37FCDC06742D25DD8B9DBF08A6,1287
"source/upstream-07ecb7cf/Mage.Sets/src/mage/cards/b/BringerOfTheBlackDawn.java",2E95AE42A48775A8CDD049D4AE4CB653652CC81A5B9739805BE7A7C409BCC981,1882
"source/upstream-07ecb7cf/Mage.Sets/src/mage/cards/b/BringerOfTheBlueDawn.java",45E5134FA585754C24E6202C196CD8497DFD060608DC8D92323D905134E35B6F,1560
"source/upstream-07ecb7cf/Mage.Sets/src/mage/cards/b/BringerOfTheGreenDawn.java",A6C115CA919CFFBF27154876DC48BF38B71C772A12487DD35D3DEDAA8E4037C1,1627
"source/upstream-07ecb7cf/Mage.Sets/src/mage/cards/b/BringerOfTheLastGift.java",7F98AA4349BCAC516F6F8F717BBBAB449718D103141AC18DE612FD9F702984A2,3991
"source/upstream-07ecb7cf/Mage.Sets/src/mage/cards/b/BringerOfTheRedDawn.java",E04B4C50020BF116959A5BC3C6DF4492EB3F2E550E7296F8E9B752792EA62386,2395
"source/upstream-07ecb7cf/Mage.Sets/src/mage/cards/b/BringerOfTheWhiteDawn.java",F6D1ADB43B7FA66C37BF61C93CA08B5463E43E1ECC47999DA8D0D7B1FFA4624C,1847
"source/upstream-07ecb7cf/Mage.Sets/src/mage/cards/b/BringLow.java",92853D5DC1C72315227A39FC62272CF0ABB3AEA10177EA09AADA29C74B0C266F,2001
"source/upstream-07ecb7cf/Mage.Sets/src/mage/cards/b/BringTheEnding.java",240DA35DD2617AA1036B1B3C81A1D499884291CE8E16E746332B8CFDCC039E4F,2682
"source/upstream-07ecb7cf/Mage.Sets/src/mage/cards/b/BringToLight.java",714898677F4F56AC8024B5D4F1BAE0B7DDC020525775CA28B85221E061D0DB42,3273
"source/upstream-07ecb7cf/Mage.Sets/src/mage/cards/b/BringToTrial.java",81DAC3C0DF6D224525C2E480575CC0AB6A7D4686C9FA5CE62A3A08967E9F6BB9,1236
"source/upstream-07ecb7cf/Mage.Sets/src/mage/cards/b/BrinkOfDisaster.java",5A7C4F4A18CC3B1E1B9FBABD0142C9AA5740E3538767556054CCD4E66F04517E,1613
"source/upstream-07ecb7cf/Mage.Sets/src/mage/cards/b/BrinkOfMadness.java",C86D5DC525809E5081C7815D624E1DD582645EFEF0AAA987EE5F1C13921ED51A,1324
"source/upstream-07ecb7cf/Mage.Sets/src/mage/cards/b/BrionStoutarm.java",D085C7840426D5C378EDA2423F856BF1560EE98B9DBE20354793AD99D349838B,2140
"source/upstream-07ecb7cf/Mage.Sets/src/mage/cards/b/BriselaVoiceOfNightmares.java",D469F82C61F5002C8C8DE4F04389AC944005086FBE1FD56D6960981F81B5B37F,3178
"source/upstream-07ecb7cf/Mage.Sets/src/mage/cards/b/BristlebaneBattler.java",C256F791C39B7C0A646F7C9697BE6BBBDB563D572B269D3185920FD54AC367EE,2156
"source/upstream-07ecb7cf/Mage.Sets/src/mage/cards/b/BristlebaneOutrider.java",39F1488DA365F9FCFC83EEEF521AD95DD0475E3A8C22D629E75E602A749DC7B2,3565
"source/upstream-07ecb7cf/Mage.Sets/src/mage/cards/b/BristlebudFarmer.java",11DF7005444D71AAB48D15297F8A34DA14D987AB6D39E42DCFF048FA296B88A7,1948
"source/upstream-07ecb7cf/Mage.Sets/src/mage/cards/b/BristlepackSentry.java",CA2A69A851315FF3A2A8BF2B83F8E48150330D11B438AA05CEDB576AF6A53741,1677
"source/upstream-07ecb7cf/Mage.Sets/src/mage/cards/b/BristlingBackwoods.java",99B224B0051D686B76086A7AE13F42AD52BB40C9C1906D51109FCFD82DF6EFF6,1518
"source/upstream-07ecb7cf/Mage.Sets/src/mage/cards/b/BristlingBoar.java",E85C934495C70C01B3AF1557A3AF562883525BFC4BF0BD318C2F66371F6E92AC,1048
"source/upstream-07ecb7cf/Mage.Sets/src/mage/cards/b/BristlingHydra.java",9762245E5313363E32370677459F4F88865A1614EA10387CCC936274F5A2B286,2000
"source/upstream-07ecb7cf/Mage.Sets/src/mage/cards/b/BristlyBillSpineSower.java",1D88696F4140B46528C04EB4531C17791692F8ECFBCC6BAE26152BCFE54FA1F0,1942
"source/upstream-07ecb7cf/Mage.Sets/src/mage/cards/b/BrittleEffigy.java",80700EF431D3F049D9C1CFB0D01C08BAF01FAD6961353A6B883B8F6B3B394CAE,1300
"source/upstream-07ecb7cf/Mage.Sets/src/mage/cards/b/BroadcastRambler.java",6DDB5536635B5A2C974CED8B06CD0B7DFF2588315A8745C20673397554288D2C,1243
"source/upstream-07ecb7cf/Mage.Sets/src/mage/cards/b/BroadcastTakeover.java",4A2D8250A5404FE84E2414667B124EFED061F2B38E394F9B34586F0905C14822,1247
"source/upstream-07ecb7cf/Mage.Sets/src/mage/cards/b/BroadsideBarrage.java",73DB04F9712C5C5519139F4F280CCC1420F2894ECC2C315004F1A63A14CBB64B,1088
"source/upstream-07ecb7cf/Mage.Sets/src/mage/cards/b/BroadsideBombardiers.java",9B252D71DF14A6F689AC5CA768984109D41345283EBA2051536EDE78E9B231EA,2097
"source/upstream-07ecb7cf/Mage.Sets/src/mage/cards/b/BrokenAmbitions.java",324928A36C646D81691724F4CA9472A1684333419A34EEC9865D7E368E59A819,2270
"source/upstream-07ecb7cf/Mage.Sets/src/mage/cards/b/BrokenBond.java",7DAC528BFFCED10DD96A1DB71950150AF1367DC3EEB7B69827BE14F177894861,1153
"source/upstream-07ecb7cf/Mage.Sets/src/mage/cards/b/BrokenConcentration.java",09B79447DED78267831B99F791FB778A06DDDEA76B74161EB08C667DD6F6D09C,1032
"source/upstream-07ecb7cf/Mage.Sets/src/mage/cards/b/BrokenDam.java",F7008B96363CBD110AB80BAD36A0DDA583BC7DFC8266A35C73FE638F9D8D0255,1296
"source/upstream-07ecb7cf/Mage.Sets/src/mage/cards/b/BrokenFall.java",B5BC2361644F91DEDBA3AA74CBCCA243743424BF3DAFD912A8ED9A988B8A1D54,1046
"source/upstream-07ecb7cf/Mage.Sets/src/mage/cards/b/BrokenVisage.java",7FABEACEC1D39ED2F10D9FBE92FC7AAE00D95270CF302E076D5F83197B75D786,3779
"source/upstream-07ecb7cf/Mage.Sets/src/mage/cards/b/BrokenWings.java",9C0D0D06AF528F17E17895087CBC86FF185CEC264B68BE190753AE0A492F62F8,1499
"source/upstream-07ecb7cf/Mage.Sets/src/mage/cards/b/BrokersAscendancy.java",0A9C1BA78ABC13DC946389FD1295D34A25638462AE96EFC7E690E61F2983110F,1461
"source/upstream-07ecb7cf/Mage.Sets/src/mage/cards/b/BrokersCharm.java",323AD919837EE234FDABF51ED49B75B8AB33771629CBB5C7020D29C64042A185,2185
"source/upstream-07ecb7cf/Mage.Sets/src/mage/cards/b/BrokersConfluence.java",ABE71F48157FC010352A7EC4C6180DA20709C88AC7B7D601EB8BAE4126DB48B7,1615
"source/upstream-07ecb7cf/Mage.Sets/src/mage/cards/b/BrokersHideout.java",A61EAD43B3197C448EF501E59A554592D577D764BA9ABEB3E5285E0D589FD5F6,2100
"source/upstream-07ecb7cf/Mage.Sets/src/mage/cards/b/BrokersInitiate.java",584BE33ADBFE181445D2D1E5C5CC255EA428728FB2D01AE17774CEA4D5E9A400,1268
"source/upstream-07ecb7cf/Mage.Sets/src/mage/cards/b/BrokersVeteran.java",D5A1DCEA55FCC7742F34924AC259EA4237B0A66AC339BAC2D5A6C9707277FF26,1364
"source/upstream-07ecb7cf/Mage.Sets/src/mage/cards/b/BrokkosApexOfForever.java",2CEA86359D1D9738E5CEC904008C8780D8146C043CE685DDC655A9CF01B296B7,2736
"source/upstream-07ecb7cf/Mage.Sets/src/mage/cards/b/Brontotherium.java",110F2B6B3D1279E96166E0447EE5A21A922D0A0425C7C1D9C95381B442A3A043,964
"source/upstream-07ecb7cf/Mage.Sets/src/mage/cards/b/BronzebeakForagers.java",73F167F1BEE9A8B5F81248BD10DD457CBCB703CDAE2ADD64A61F8B0CB75D5969,4390
"source/upstream-07ecb7cf/Mage.Sets/src/mage/cards/b/BronzebeakMoa.java",A15F3EF2E1D63F011AA31612EB9BA19D610C5FB6980A880B38CC89F698B09019,1209
"source/upstream-07ecb7cf/Mage.Sets/src/mage/cards/b/BronzeBombshell.java",6944509EF07EAC944474FB30DBF59E589968EA1C806BAACB1FFC1B51D6BE85F2,3627
"source/upstream-07ecb7cf/Mage.Sets/src/mage/cards/b/BronzeCudgels.java",C561582EA97176E5EEAEF5AFA23CF7DA5AC6285E1E866D62D267EF1AE8CC410B,2655
"source/upstream-07ecb7cf/Mage.Sets/src/mage/cards/b/BronzeGuardian.java",BB4773A8889580F23DFD3845FE680A9F081EF8DA4CA3F0BCFFC3DE97FC3DEABB,2007
"source/upstream-07ecb7cf/Mage.Sets/src/mage/cards/b/BronzehideLion.java",F81EB44B89DEC5ABADCC0ED876B8D550411B2BCA9DC0F8E11A9E7AD8ACC2696C,7187
"source/upstream-07ecb7cf/Mage.Sets/src/mage/cards/b/BronzeHorse.java",6775F73E69FA87AE143501632A216A8747DD35FBAAA5DE7DF43A79C2BB12D2AB,3248
"source/upstream-07ecb7cf/Mage.Sets/src/mage/cards/b/BronzeplateBoar.java",8E9CC01B2F94143E3FD2A4C1193029B6B95514804B903E70DFF4C314E889FDA0,1652
"source/upstream-07ecb7cf/Mage.Sets/src/mage/cards/b/BronzeSable.java",5F20E47DBD6231233B47254B8261665162C53219380B43DC72AB157A499BA8E3,719
"source/upstream-07ecb7cf/Mage.Sets/src/mage/cards/b/BronzeSword.java",2CCC8688DA2DD43263B17197B4ED2EBD106D2057C4B4F8EB69BF27DAE71DD57F,962
"source/upstream-07ecb7cf/Mage.Sets/src/mage/cards/b/BronzeWalrus.java",9216BC27C0AE29757860355DF0177B61073085CAA883D68B3C866A1F4C554283,1133
"source/upstream-07ecb7cf/Mage.Sets/src/mage/cards/b/BroodBirthing.java",4FD0D86DE5483FA94A81892DF0854C590FEC2127211A3D00ED0929CDDC062053,1977
"source/upstream-07ecb7cf/Mage.Sets/src/mage/cards/b/BroodbirthViper.java",5C200B7B3EE307E6CC42DD2DEEFBB51EC97417E68440A0C46C00A939F162697D,1197
"source/upstream-07ecb7cf/Mage.Sets/src/mage/cards/b/BroodButcher.java",9B380717E3C418B1E7BBCD0B1041595B48E515CDDAEF16ADC9D4DEB13EF08746,2124
"source/upstream-07ecb7cf/Mage.Sets/src/mage/cards/b/BroodcallerScourge.java",1580726E376220D6F5706BC9BEF91256FFA992FDB055F62D535896A645D2CB03,2489
"source/upstream-07ecb7cf/Mage.Sets/src/mage/cards/b/BroodguardElite.java",BF1B1B86EFA98DB567B4B768AB8FE21ECCED8C9ADF16F9BA9AB708B5A5181A6D,1794
"source/upstream-07ecb7cf/Mage.Sets/src/mage/cards/b/BroodhatchNantuko.java",9BC53CAF440D691ADC10FDB4EF583DE6686C92B9CB0B10868645B2B757D062E6,1452
"source/upstream-07ecb7cf/Mage.Sets/src/mage/cards/b/BroodheartEngine.java",AFFF87694E3977DAE6B06005FA9658153A242638B99F1A36AB36E8E4B7044E67,2121
"source/upstream-07ecb7cf/Mage.Sets/src/mage/cards/b/BroodhunterWurm.java",FAAC3C02B37AE7385487B6F4782A454B6F8BC9B45F522C9F0318716297C70511,726
"source/upstream-07ecb7cf/Mage.Sets/src/mage/cards/b/BroodingSaurian.java",CE40B7EEB06DA88F18C9E4B19EB3B2E8F6C44500FFE1A4A7B09D0DDB445BB2CB,1431
"source/upstream-07ecb7cf/Mage.Sets/src/mage/cards/b/BroodKeeper.java",58E054FA3179A03A0A79BB54151BE73C3BA2D7E5FA1E4A8E97E538C296EA4920,1406
"source/upstream-07ecb7cf/Mage.Sets/src/mage/cards/b/Broodlord.java",4F6EDD940964261E7C37E9DF4C295851996CB02ECFAB74DF7C6D6EE7BD978F55,2701
"source/upstream-07ecb7cf/Mage.Sets/src/mage/cards/b/BroodmateDragon.java",44048A886389909EF6977D07EC6DA7A1E364E3834D02143E82A634DEA8C10A49,1213
"source/upstream-07ecb7cf/Mage.Sets/src/mage/cards/b/BroodmateTyrant.java",6A8A81FF9BE9ABE0F0362C0AAEFB6ED8CC3DD1B6F1FCCF8AB8FCA9F1A7F471BD,1447
"source/upstream-07ecb7cf/Mage.Sets/src/mage/cards/b/BroodMonitor.java",885582A952D0864893B0898D690EDDF29065B79766B199CC4ED9F4C4D19058A6,1394
"source/upstream-07ecb7cf/Mage.Sets/src/mage/cards/b/BroodOfCockroaches.java",86B44976A1516A7FD584FE1CC03A3E20376D2D19E59F4396D5C60CC808AA0822,1863
"source/upstream-07ecb7cf/Mage.Sets/src/mage/cards/b/BroodrageMycoid.java",C8AC3D1566DBAA8CD49777096119F31D2BAB20CD396EA84B5A952895D5FE09A1,1568
"source/upstream-07ecb7cf/Mage.Sets/src/mage/cards/b/BroodSliver.java",F5F2FA61773A93AF7D04D512CE91C246064791B8F8FF38A97ABE62BB61A8A07B,2354
"source/upstream-07ecb7cf/Mage.Sets/src/mage/cards/b/Broodspinner.java",05BB74E1CDD3C56B45944AF6680250EED7E0916696C9694EE2DDAAF63B94C63C,2245
"source/upstream-07ecb7cf/Mage.Sets/src/mage/cards/b/Broodstar.java",AC68C29FCA6DE9B8158C3CBF9E352D4FE6A4404A64DFB3617A15DEC7B8BE26C9,1660
"source/upstream-07ecb7cf/Mage.Sets/src/mage/cards/b/Broodwarden.java",CF58253B1141B4212390C62EB10CB03D4137E15CC8ECD064634B90E5FB1E4A9F,1376
"source/upstream-07ecb7cf/Mage.Sets/src/mage/cards/b/BroodWeaver.java",8BC95B7FE0FE11C0F1C031ABD3B3F9496BE3E6E63336637FEC6CC717F6236B70,1169
"source/upstream-07ecb7cf/Mage.Sets/src/mage/cards/b/BrotherhoodAmbushers.java",0C483FDD2855AC2578F47CE6158144D10C40AEDA37B4D4C32FD92B187561B7C2,944
"source/upstream-07ecb7cf/Mage.Sets/src/mage/cards/b/BrotherhoodHeadquarters.java",02F4C1F79CDC3202ADB490A174705A71460B7CBBBBA64AB66D2B96575DD581F6,3726
"source/upstream-07ecb7cf/Mage.Sets/src/mage/cards/b/BrotherhoodOutcast.java",ED1A2994E6761E5A3F6AE6E84DADD9583EFFCA0327467A55DB9AADB89C2BF780,2365
"source/upstream-07ecb7cf/Mage.Sets/src/mage/cards/b/BrotherhoodPatriarch.java",D0361499ED4F181D4C58BF4EFA7AEF0D88B528C8644313399F96988B1EBF366C,1290
"source/upstream-07ecb7cf/Mage.Sets/src/mage/cards/b/BrotherhoodRegalia.java",15B0CEF43D7A03DF16968BECA38595457D13DF0E7A217D2954A34FB9FBB90CCE,2360
"source/upstream-07ecb7cf/Mage.Sets/src/mage/cards/b/BrotherhoodScribe.java",BC8DDE14D2E5904CA7ADEB99EA30E14B43A98D8E8C888AFAA42B3BF1AF593FAA,2834
"source/upstream-07ecb7cf/Mage.Sets/src/mage/cards/b/BrotherhoodsEnd.java",876F25D635E2C8F801AEB738820864C7FF1504F98DFB1635FBCD8013BF3C5F20,1649
"source/upstream-07ecb7cf/Mage.Sets/src/mage/cards/b/BrotherhoodSpy.java",5227950D0F94D5D3C869CEB4645C5235045F1665B98F5944F903C03FD82C1547,2260
"source/upstream-07ecb7cf/Mage.Sets/src/mage/cards/b/BrotherhoodVertibird.java",36181120BBC51EBE7BF9E9815A3B8A901D6D4FA0EA5A9F74F897725892914BB0,1558
"source/upstream-07ecb7cf/Mage.Sets/src/mage/cards/b/BrothersOfFire.java",80B6EA772D6A474688BDF09447B0AE3CE0F7C57528405FB354D83BC0DC1D3F08,1273
"source/upstream-07ecb7cf/Mage.Sets/src/mage/cards/b/BrothersYamazaki.java",5990761729AC8D7DAFC0108424AB734A4D684F397C36EAAD56A466E73184203D,3708
"source/upstream-07ecb7cf/Mage.Sets/src/mage/cards/b/BroughtBack.java",FF2E5C615B2D3A1B7618E29C99959F66903EB1BA8918A2CF83BD058C97795217,1867
"source/upstream-07ecb7cf/Mage.Sets/src/mage/cards/b/Browbeat.java",BE307AFCA52B9161875B6679E27E0DB9C2BA71892405E98D36AD3216326C4E36,2977
"source/upstream-07ecb7cf/Mage.Sets/src/mage/cards/b/BrownOuphe.java",0FFC3B4A0FD87BCEE14032AD18F811638E0B5F983F7162DC74E9B1612F570CCF,1651
"source/upstream-07ecb7cf/Mage.Sets/src/mage/cards/b/Browse.java",4DF245D3590C85751AA713B0CF0068C1EDE0910DED86F8BEABEF51B49FD5671F,2493
"source/upstream-07ecb7cf/Mage.Sets/src/mage/cards/b/BruceBanner.java",0FF7E49D28DB4585AB4534A114D714EFC558B0FC0E6010A70A2832B3A30B92B7,3532
"source/upstream-07ecb7cf/Mage.Sets/src/mage/cards/b/BrudicladTelchorEngineer.java",EBD7B823488D559317B34B57EB85F723367063EEA22B2036500C8D761A4D14A1,4418
"source/upstream-07ecb7cf/Mage.Sets/src/mage/cards/b/BruenorBattlehammer.java",0AA9543D20EBF0C75E440FED8E4526646E4787D5E2EAAD8B8A72977D9210DA9E,5668
"source/upstream-07ecb7cf/Mage.Sets/src/mage/cards/b/BrunaLightOfAlabaster.java",A166D2DB07D74C948C50E4CD2A52329E10F0AA7649F16C1D2C3FFA3961E3181D,7925
"source/upstream-07ecb7cf/Mage.Sets/src/mage/cards/b/BrunaTheFadingLight.java",4559FA10E818C9EAFDF799DC2F7170FD3DDE4F3EE1C29A3D322BA6CD5BB7341F,2708
"source/upstream-07ecb7cf/Mage.Sets/src/mage/cards/b/BruseTarlBoorishHerder.java",BCD295016D61F952C0942ED2615AE1B9AD64A574CBFBADFBF185B358C137BA84,2052
"source/upstream-07ecb7cf/Mage.Sets/src/mage/cards/b/BruseTarlRovingRancher.java",792D364102B05A5EDB5C31237ACED94D9F2C7ADED46C28C5D96F12FD1293528C,3733
"source/upstream-07ecb7cf/Mage.Sets/src/mage/cards/b/BrushfireElemental.java",B496CBE65FB4AA19A6753CD2A3C0456C00AC8F996DDBEF42B19BBABCBD49309B,1391
"source/upstream-07ecb7cf/Mage.Sets/src/mage/cards/b/Brushland.java",E79B5E12866B93EA8F29DC42B8CACB3407486386ACC486CBF4BEC8BC9F80A36B,1021
"source/upstream-07ecb7cf/Mage.Sets/src/mage/cards/b/BrushOff.java",2F9CDC915148EF30D435BF3006B0EEB78A9910C2F4A48136532F6092A9D0AEED,2326
"source/upstream-07ecb7cf/Mage.Sets/src/mage/cards/b/Brushstrider.java",628CE353D1B0BCFFA6E4E61E01B27D278DFD54EDF7EE30243C3FA008F323222D,835
"source/upstream-07ecb7cf/Mage.Sets/src/mage/cards/b/Brushwagg.java",5D38C06647FA936EE0F90F7941B28535A4FCFC002668494D26AAA92692858841,1079
"source/upstream-07ecb7cf/Mage.Sets/src/mage/cards/b/BrushWithDeath.java",533B4D41A4A78772D92C3F423868758518F9D25C6BBC60A239B4448EB72104BF,1096
"source/upstream-07ecb7cf/Mage.Sets/src/mage/cards/b/BrutalCathar.java",F9F391702180C4CC2472C34F02DED9A3490D9AD2632D97EA13B38353C0951844,2443
"source/upstream-07ecb7cf/Mage.Sets/src/mage/cards/b/BrutalDeceiver.java",8218C8E37B49C36DB35062A53A230BFBE379DEAE99F07DDAD297ADF2B6BAFB8C,3197
"source/upstream-07ecb7cf/Mage.Sets/src/mage/cards/b/BrutalExpulsion.java",CB112A48CCA332087FD382F8368613655D5C4B300E3C8A097B38342A09C6CE12,2512
"source/upstream-07ecb7cf/Mage.Sets/src/mage/cards/b/BrutalHordechief.java",721C93131E3A1FA195B7B49FECCF203F618C27E976F8BE38ED9F06848D65A2CD,3404
"source/upstream-07ecb7cf/Mage.Sets/src/mage/cards/b/BrutalizerExarch.java",146624B6D06191D5826BE65A995B398BC1262377A5646E1EF3935FFABD9861A2,1840
"source/upstream-07ecb7cf/Mage.Sets/src/mage/cards/b/BrutalNightstalker.java",5491D2F663EAF4620D24A0988D06836C9B5EBA382100D6A76937A0F568ECD29F,1248
"source/upstream-07ecb7cf/Mage.Sets/src/mage/cards/b/BrutalSuppression.java",77ED3BA2D1CB45354FFD2163E6828497EF3673F783BEC56BFE128BB307145205,2752
"source/upstream-07ecb7cf/Mage.Sets/src/mage/cards/b/BruteForce.java",9CD2F739318BE1B71AFAE5B00F6C83A88752E82AC651C55FB10C0A05DC3C1D18,908
"source/upstream-07ecb7cf/Mage.Sets/src/mage/cards/b/BruteStrength.java",942E1C95D46EA3B6134C94B6716ED48C4BECB7F52638C69AE9E8DE32866D3A39,1386
"source/upstream-07ecb7cf/Mage.Sets/src/mage/cards/b/BruteSuit.java",14EC746173C393F9A89448EF07E7CE22D14200A6F6A853F587F8AC07028CE3B0,927
"source/upstream-07ecb7cf/Mage.Sets/src/mage/cards/b/BruvacTheGrandiloquent.java",BDE1EBE4E40120ED4B5C7E4AC61E4924309429C277726E82FC09E3BDD69306AE,2362
"source/upstream-07ecb7cf/Mage.Sets/src/mage/cards/b/BubbleMatrix.java",0D8C623FB8C48FEC0A2442D15965DC9F0CF0F3ADA015C8E0458532CBD76DBEF5,964
"source/upstream-07ecb7cf/Mage.Sets/src/mage/cards/b/BubbleSmuggler.java",96D88719ABF3DEC0BED8C56208BDFDF103A409DE1A23519FC35C668029C68836,1669
"source/upstream-07ecb7cf/Mage.Sets/src/mage/cards/b/BubbleSnare.java",34096AEDBE172BAB2F6C3172D87E125E531DD5FA0060305CC83FB31B3D42F49E,2026
"source/upstream-07ecb7cf/Mage.Sets/src/mage/cards/b/BubblingBeebles.java",1DBBC5F8838B5EE9A4F6E90BEDBFEC2BB90E04E9E554743F96D5ED442B885EF7,1583
"source/upstream-07ecb7cf/Mage.Sets/src/mage/cards/b/BubblingCauldron.java",B75D392E419FC3DA635FD3DE8596691450CF83CD9E7DB2691E298595E9F1E34B,2079
"source/upstream-07ecb7cf/Mage.Sets/src/mage/cards/b/BubblingMuck.java",F04FF9A4FB529F05C63830AF8C45D7C6F2F65A9F3319822B0898D9BDAD92B0E1,2441
"source/upstream-07ecb7cf/Mage.Sets/src/mage/cards/b/BuccaneersBravado.java",2794215CE602154F37014E5254BFF8A6D73F5A960993E62B01D068875F979E14,2113
"source/upstream-07ecb7cf/Mage.Sets/src/mage/cards/b/BucknardsEverfullPurse.java",979494C71501FC8E3A59647F4A618B1CDDC2C476F70A5942866CDBE167E17775,2322
"source/upstream-07ecb7cf/Mage.Sets/src/mage/cards/b/BuckyBarnesEagerAlly.java",34D5BA38D90E6A666A8880DA2096AFE02AE3367D6DB0F8EB9847B2E9E67BFC82,2048
"source/upstream-07ecb7cf/Mage.Sets/src/mage/cards/b/BucolicRanch.java",6935BBDB8E56B47D52EB6E61057B5D8A970FF5953B2AD72FC718B65CD6161346,3846
"source/upstream-07ecb7cf/Mage.Sets/src/mage/cards/b/BudokaGardener.java",EB20BF7AC316F96A1F19BA3E074DB479563071438ED64CCE3B728C57D6973D2A,3491
"source/upstream-07ecb7cf/Mage.Sets/src/mage/cards/b/BudokaPupil.java",B6B0CB5154411CBA21DB116906069CDBDEE2C5A6003BE558DC83005912E2EA90,2797
"source/upstream-07ecb7cf/Mage.Sets/src/mage/cards/b/BugenhagenWiseElder.java",A2738B883B57DF57865E7E930A5520A86B98BFC62419159EA1AA83381A2353F9,2368
"source/upstream-07ecb7cf/Mage.Sets/src/mage/cards/b/BuildersBane.java",67A4CE50906CBADBE6CC905D86B26CE3788468CC4534C5C44C7C8E2D4DB3CDAA,3248
"source/upstream-07ecb7cf/Mage.Sets/src/mage/cards/b/BuildersBlessing.java",E4F81B8633245AE9A1A8368F61A774129DE55884AEE20E1C7482F91519416381,1168
"source/upstream-07ecb7cf/Mage.Sets/src/mage/cards/b/BuildersTalent.java",3E7DC34235C997FC610996069EBF967C71BC27C4609DC5FB240FE372BFE6339C,3590
"source/upstream-07ecb7cf/Mage.Sets/src/mage/cards/b/BuiltToLast.java",5DE49E3719C1C7C9508B91390CF35350133688FD05A52638ACA53C01CE66E796,1622
"source/upstream-07ecb7cf/Mage.Sets/src/mage/cards/b/BuiltToSmash.java",BEC04725DE6FD03DB505C276923874B41181B33D0455D800A4A509EBFCB6A86F,1608
"source/upstream-07ecb7cf/Mage.Sets/src/mage/cards/b/Bulette.java",AF8C60E85087FCA6937B593B30268C4236F7ABD5A3F1A37ECD7FAF3118547822,1288
"source/upstream-07ecb7cf/Mage.Sets/src/mage/cards/b/BulkUp.java",F7E427245CD5DC14BDA81EF8BC62D20E511D5E73463A22EBDD79EE5B85758C81,2068
"source/upstream-07ecb7cf/Mage.Sets/src/mage/cards/b/BullAurochs.java",6A6A35BAF66A91FC590526D4CC5275E2665B2A9BF9DFF0F481F7FFB1FE8B2DA8,1834
"source/upstream-07ecb7cf/Mage.Sets/src/mage/cards/b/BullCerodon.java",885FF39C0EC7432741EF145D71B4F0722CE2A92C8876C7D4662E7D43B51737E4,910
"source/upstream-07ecb7cf/Mage.Sets/src/mage/cards/b/BullElephant.java",45023AC3BECF13A90CFCF23900420F0F995B1983150AC6668AF9194051586B0A,1559
"source/upstream-07ecb7cf/Mage.Sets/src/mage/cards/b/BullHippo.java",0546280562AA87B89FD868C3B0CFD11AD05C5DBF31DF8F6692E732A53D26BC62,794
"source/upstream-07ecb7cf/Mage.Sets/src/mage/cards/b/BullRancor.java",AABAD6E9BFDFA54470885518ADE8914B3A182CBCFF943F019B39D8FC9B085BE6,1805
"source/upstream-07ecb7cf/Mage.Sets/src/mage/cards/b/BullRush.java",220933FC80CA7344AC62C53EC73BE425C8502C76FA0DB4BEB7C7E499AD5358A6,865
"source/upstream-07ecb7cf/Mage.Sets/src/mage/cards/b/BullRushBruiser.java",F5293BBC8A9F13B382F90CB4D6479BCC4F3AE54E149BF16D9D40956F8A2969BD,1855
"source/upstream-07ecb7cf/Mage.Sets/src/mage/cards/b/BullseyeDeathDealer.java",AF7E921B093312E3ED44399C6DEE98E292F84BCFBE7E4731C748C3F1D237DAAD,2952
"source/upstream-07ecb7cf/Mage.Sets/src/mage/cards/b/BullsStrength.java",873FAE2AE0788852E4D9E85D040A4B42B8A1FFE7E3AF0E7861267642F27DCC00,1390
"source/upstream-07ecb7cf/Mage.Sets/src/mage/cards/b/Bullwhip.java",BFC16D50E42FD6F60B6EC37BFBA19865CF1DFCFA9A27485DA132E5D95BAFAD7C,1503
"source/upstream-07ecb7cf/Mage.Sets/src/mage/cards/b/Bulwark.java",FEB8458FFA204B5771DA4BA16F73512FCA67B3AB2ED2DDBB6213446E55AE0C54,2179
"source/upstream-07ecb7cf/Mage.Sets/src/mage/cards/b/BulwarkGiant.java",2C2054E63CABF663760ECE3A73C084DFCD9195DB8D0043B877E7FE06FA0F4257,1031
"source/upstream-07ecb7cf/Mage.Sets/src/mage/cards/b/BulwarkOx.java",A2BE74D47ADAE544F2007584E1BAEBBF6B31F377A1A65077F7402D7A1F737E00,2661
"source/upstream-07ecb7cf/Mage.Sets/src/mage/cards/b/BumbleflowersSharepot.java",EE96AC51236A05F6848D0A77BBD13AD7E1C52DC4E5972F5AAAD16033D4E8845D,1712
"source/upstream-07ecb7cf/Mage.Sets/src/mage/cards/b/BumiBash.java",30C266B12BFC66166D42C52E9A8A228E7264097E92B134D4E19F807F3811B2A4,1958
"source/upstream-07ecb7cf/Mage.Sets/src/mage/cards/b/BumiEclecticEarthbender.java",78F207346BCCCDB8633636E456F8E6385E478139FF7C7169A8A0793FDBD370E9,2051
"source/upstream-07ecb7cf/Mage.Sets/src/mage/cards/b/BumiKingOfThreeTrials.java",B5D47E541F2E9A40F8FB14EE83A43C746993466904F86A7FA260D602ABD848A1,3190
"source/upstream-07ecb7cf/Mage.Sets/src/mage/cards/b/BumisFeastLecture.java",62A6082B0424FF4326ABE14F19E9FD0AFC002089D9DA122F055403351C271E28,1873
"source/upstream-07ecb7cf/Mage.Sets/src/mage/cards/b/BumiUnleashed.java",8A7D309E40EAEE79991990418F8B4592FFD39904E3CE0E953A981BB0642DE21A,4741
"source/upstream-07ecb7cf/Mage.Sets/src/mage/cards/b/BumpInTheNight.java",F3F766512B4E1DDCCDC7272E920C42515910D15105085E4AEC15EAEFB3440B6F,1067
"source/upstream-07ecb7cf/Mage.Sets/src/mage/cards/b/Buoyancy.java",2D71882BC44BF07F6F4064EA9E81554550BCD4414E7E9E04CA2B512DF7B9E585,1564
"source/upstream-07ecb7cf/Mage.Sets/src/mage/cards/b/BurakosPartyLeader.java",F589BB7568799D26DD615981E8F6CA39E93F604ECEA6D09C8963767E0197707C,2357
"source/upstream-07ecb7cf/Mage.Sets/src/mage/cards/b/BurdenedAerialist.java",31450C4DDAD412401E0D8DB55BD45F7D38B1BA2A88CFAF8C66E4C46D0F70233D,1845
"source/upstream-07ecb7cf/Mage.Sets/src/mage/cards/b/BurdenedStoneback.java",A15F9357181C9313C11D19C471ED0E0DC926C9A6904DCE2855506B8AE02BD4DA,1882
"source/upstream-07ecb7cf/Mage.Sets/src/mage/cards/b/BurdenOfGreed.java",958602B58034A91830072CE651CCC30FC7A8F31496086BE78F47EAE2B1DF222D,1987
"source/upstream-07ecb7cf/Mage.Sets/src/mage/cards/b/BurdenOfGuilt.java",A821E592D24510510E3ED145698A56CC6CD13CA63C5BB6F10ADB4CE299ABD4A9,1512
"source/upstream-07ecb7cf/Mage.Sets/src/mage/cards/b/BurdenOfProof.java",99934049547BD7AB8030C6E7FA81E99DC18079B702D5E7CCEF953FCFCCB5FA79,4431
"source/upstream-07ecb7cf/Mage.Sets/src/mage/cards/b/BureauHeadmaster.java",93BA8D31BA3EB215FA757D7DBF94A0B544812BD1AC1700A2D62401E6AED808E8,1671
"source/upstream-07ecb7cf/Mage.Sets/src/mage/cards/b/Burgeoning.java",5FDBDDE6C930993BC671B75C2E4591973A5BEEB79DA901C0BF85E81E01A06587,2030
"source/upstream-07ecb7cf/Mage.Sets/src/mage/cards/b/BurglarRat.java",0A90FE332F3FFB56EE2072E6212F2F895CA95C056631AA198C20575A2542A1EE,1252
"source/upstream-07ecb7cf/Mage.Sets/src/mage/cards/b/BuriedAlive.java",B5BBFFC8688608622E021406BB50980A03BE24E6A755C541F09D108FFA37B067,2135
"source/upstream-07ecb7cf/Mage.Sets/src/mage/cards/b/BuriedInTheGarden.java",FBBD43139FCF1AE7D108BB79535AA527C551CB0ABEAD82C7E389FB1257571BD2,2338
"source/upstream-07ecb7cf/Mage.Sets/src/mage/cards/b/BuriedRuin.java",0AD142A59E7EF4A2C9C93FA285C4BDD2B88E8FE07E2AFB402633A86BD2F77E3C,1387
"source/upstream-07ecb7cf/Mage.Sets/src/mage/cards/b/BuriedTreasure.java",40452E15EF4414B8CC9CC64E87E62244FCF738F834ED7573E41D5557DF9E32B9,1564
"source/upstream-07ecb7cf/Mage.Sets/src/mage/cards/b/BurlfistOak.java",694A8FAE9C0319AAC62A80CA0678BD3A8819FC7B0B3B9E7D240738517E52BE7D,1104
"source/upstream-07ecb7cf/Mage.Sets/src/mage/cards/b/BurlyBreaker.java",B4CAAFA6F7E3B5E818AC96A0075AE7F8A58EDF4CB69F43704A8A029A7990BE8A,1542
"source/upstream-07ecb7cf/Mage.Sets/src/mage/cards/b/BurnAtTheStake.java",34AC70E8BAC65C5D88FD1EEC573AF4E4B9BA1CA80C90FCFD3134621CC4059A15,2788
"source/upstream-07ecb7cf/Mage.Sets/src/mage/cards/b/BurnAway.java",832BEFD32AC1DD598F2FF56FA01621E16699BD228273FDD7993FD0B104D883E4,1416
"source/upstream-07ecb7cf/Mage.Sets/src/mage/cards/b/BurnBright.java",6D876DD8E46E8E2FE4247B80291954D9CAA5D31D4A1EC6565787B8E9BD0D1BC7,788
"source/upstream-07ecb7cf/Mage.Sets/src/mage/cards/b/BurnBurnTreeAndFern.java",CC3E2FBC77382E7DC9585388B64457BAF76DDE020CE260D8554FFE0BCDC3FECE,2305
"source/upstream-07ecb7cf/Mage.Sets/src/mage/cards/b/BurnDownTheHouse.java",E11079677F67B33D4A9E070D2452A1BDF9F23D168B8BEA7CFB59CD83C1CF201B,2706
"source/upstream-07ecb7cf/Mage.Sets/src/mage/cards/b/BurnerRocket.java",04AD3AAC930CD5D4385F9C93A0F4720CE41608610A7325C990AFEC29B002FE1B,1805
"source/upstream-07ecb7cf/Mage.Sets/src/mage/cards/b/BurnFromWithin.java",B7BA2CB1CEA4852CA802649F111D538922B567AF54563CD36F298793F3E1631C,3431
"source/upstream-07ecb7cf/Mage.Sets/src/mage/cards/b/BurningAnger.java",C976EEF8F66A9F6C9BFFEBB97AF1A2950FA21A5B3734439CA9FAD7F1BB85F013,2223
"source/upstream-07ecb7cf/Mage.Sets/src/mage/cards/b/BurningCinderFuryOfCrimsonChaosFire.java",7241142664BE0D59C8D6B5ACEF4060F312A342C3FA70BD00999F7DA461BECE89,9028
"source/upstream-07ecb7cf/Mage.Sets/src/mage/cards/b/BurningCloak.java",E08AC1A7431E1AF764FC5D839230DFE9A65A000FA6E78DBD69B941334905F636,1217
"source/upstream-07ecb7cf/Mage.Sets/src/mage/cards/b/BurningCuriosity.java",A227E0EF655FA01165FD85DA6EA6EFBB790EDBED14CC79EA0D3A19269AEE7454,1647
"source/upstream-07ecb7cf/Mage.Sets/src/mage/cards/b/BurningEarth.java",897523CAF48EA4A78EA56234BF7DC64481216CEFE5EB8E4C00DFFDC13ECF7804,1330
"source/upstream-07ecb7cf/Mage.Sets/src/mage/cards/b/BurningEyeZubera.java",9E3AD1F6E3DEEB63C7B940B13A210462FC90F86B99E7E66DE852C34F9B711D01,1876
"source/upstream-07ecb7cf/Mage.Sets/src/mage/cards/b/BurningFields.java",ABAF5A9EE7032833E8E782A40FC59D96281C93E2DF6E6E13E9D6FC66F5C8868E,868
"source/upstream-07ecb7cf/Mage.Sets/src/mage/cards/b/BurningFistMinotaur.java",9B245F74E42358FBC798F2B68561DF5922D05DE09CDD9866C5BCE8FCFCAF8EF1,1523
"source/upstream-07ecb7cf/Mage.Sets/src/mage/cards/b/BurningHands.java",B5DF5F8D46E01989D2E4AA0BD3324C50CDE940789E118692A63E955C1E10FFB9,1867
"source/upstream-07ecb7cf/Mage.Sets/src/mage/cards/b/BurningInquiry.java",6437C0ACA12C50A4E2E2073FED78DB2D37390F117C595DA4CE52190E2D195C7A,1033
"source/upstream-07ecb7cf/Mage.Sets/src/mage/cards/b/BurningOfXinye.java",D3AF9C5CC2E5A76226DC94A74693086F64592EFF5F5BB865913971A64BFD5257,3357
"source/upstream-07ecb7cf/Mage.Sets/src/mage/cards/b/BurningOil.java",9A47D8E67A61A99419D08E68367EE159F0495792CD0E3BF8AFFD741098070D4E,1083
"source/upstream-07ecb7cf/Mage.Sets/src/mage/cards/b/BurningPalmEfreet.java",73EECAA48A100DB3CCDFF0D8C8808EB395788CC70FCD8467E6E740A74A5BBE9F,1721
"source/upstream-07ecb7cf/Mage.Sets/src/mage/cards/b/BurningProphet.java",C0E78D84CBE9B5D89B716C088630377BFD7530FDC0D48195AB6ACB54F8B9D486,1469
"source/upstream-07ecb7cf/Mage.Sets/src/mage/cards/b/BurningRuneDemon.java",62C6AD73F174A1D947FC36EC76780F3E26B7145D1231C34C18376C422B3464C3,4965
"source/upstream-07ecb7cf/Mage.Sets/src/mage/cards/b/BurningSands.java",48E1E8673A7B57644B992BF60660AEFB6A354CCE1C0D46C368CA38A5D54EA2B0,1014
"source/upstream-07ecb7cf/Mage.Sets/src/mage/cards/b/BurningShieldAskari.java",921ACC661E3C621246FC5A6EA2746BB69DE3471A446BF41BD50DDEF0B9E0539F,1414
"source/upstream-07ecb7cf/Mage.Sets/src/mage/cards/b/BurningSunCavalry.java",89CE60096F44ADB854C22C238ABAB6F12A3B916BC65EA968231506F2D6657879,1797
"source/upstream-07ecb7cf/Mage.Sets/src/mage/cards/b/BurningSunsAvatar.java",37EA61594B5F9307D02E84BD7CC5474CD56075F0808A68BE7B0A13F630438554,1501
"source/upstream-07ecb7cf/Mage.Sets/src/mage/cards/b/BurningSunsFury.java",BC5F682BD63D25FCCED6E7D0017479971DF9E8D2C5661E59B2ED3952A3BAEB20,1371
"source/upstream-07ecb7cf/Mage.Sets/src/mage/cards/b/BurningTreeBloodscale.java",1F808462FE0425944BF560EFDD185B26484B067D9E7CBFE4D4D3F1099FF9C740,2043
"source/upstream-07ecb7cf/Mage.Sets/src/mage/cards/b/BurningTreeEmissary.java",BFD96D52C29E609C547CE2BCF0935C987A82EF8B9FE81E9ED1BB58CBF81D41BF,1098
"source/upstream-07ecb7cf/Mage.Sets/src/mage/cards/b/BurningTreeShaman.java",F8300812B8573A49D71EE9A6ED1BA48430D4BD8EFC7C5F56D966E814BCBA66B0,2465
"source/upstream-07ecb7cf/Mage.Sets/src/mage/cards/b/BurningTreeVandal.java",6C8131C9BEE205333B64FA27F59B067F85602B60DFE20A352BE1CF78767988F7,1378
"source/upstream-07ecb7cf/Mage.Sets/src/mage/cards/b/BurningVengeance.java",15CEB0B1ED7816FD88AC48130D4D303E9FBF32CCAAE870FEF8821449BB7FD96F,1843
"source/upstream-07ecb7cf/Mage.Sets/src/mage/cards/b/BurningWish.java",C76519B36E38682CD196A013C0ADAD8457676B3C39F8B2ECEC1817013AC77557,1204
"source/upstream-07ecb7cf/Mage.Sets/src/mage/cards/b/BurningYardTrainer.java",F12F3889E5853AA2AAB715520E5A4842FCD6458B3FF1565408F26728BF04C5CA,2436
"source/upstream-07ecb7cf/Mage.Sets/src/mage/cards/b/BurnishedHart.java",28DEC0C3A48FEF44F2EBAF32A3A6079F97319D95BF373431016ECBE4B27E9476,1569
"source/upstream-07ecb7cf/Mage.Sets/src/mage/cards/b/Burnout.java",4DB42B4AE3FEE8364C46594FE72BF751FAA3B1389FD37A66EDB1D57C3798066F,2504
"source/upstream-07ecb7cf/Mage.Sets/src/mage/cards/b/BurnoutBashtronaut.java",2E53F566860BD68163646B2F0E966B6EBDEB6614F7433FCDAE99F2F7FFA5ACC0,1800
"source/upstream-07ecb7cf/Mage.Sets/src/mage/cards/b/BurnTheAccursed.java",F077EA0B7A0E27D530419810AAF940AF933D8C5E2D5D003CAB933D24234E1F88,2171
"source/upstream-07ecb7cf/Mage.Sets/src/mage/cards/b/BurnTheImpure.java",6BFF8C731034B15BD749115BD3716DBCF91C962A9687CB0600A283AA8BD37195,2259
"source/upstream-07ecb7cf/Mage.Sets/src/mage/cards/b/BurntOffering.java",598879638B30AE917532AC27078047254F5E55F18FA3F7BCD56FFD4737B261E1,1320
"source/upstream-07ecb7cf/Mage.Sets/src/mage/cards/b/BurnTrail.java",08DD4851509A51226E8F235100B832D1DD4D783A4575B98F3017CC1F1553F616,963
"source/upstream-07ecb7cf/Mage.Sets/src/mage/cards/b/BurrentonBombardier.java",BFD8D0564C3C92DA9BC160916EBB554176C574112C94E2203F3BDAA2B231A67C,1169
"source/upstream-07ecb7cf/Mage.Sets/src/mage/cards/b/BurrentonForgeTender.java",777A81F53E06F36DDC1309472DF45CD6BCAE8D3FA2D6D486F283894BF4E1B7DC,1618
"source/upstream-07ecb7cf/Mage.Sets/src/mage/cards/b/BurrentonShieldBearers.java",90254F856851F805F0A9C9D1362C26501461135F423F06211DDECDE368BF15DD,1224
"source/upstream-07ecb7cf/Mage.Sets/src/mage/cards/b/BurrGrafter.java",5A99484F8251BF3E256FAE709F9B4587C97E67EB9437BD955706E2562907753B,1422
"source/upstream-07ecb7cf/Mage.Sets/src/mage/cards/b/BurrogBanemaker.java",BF23763B7AB4256AD84787A64D0135FF83231B4C2309CC25E985D4145A65D183,1322
"source/upstream-07ecb7cf/Mage.Sets/src/mage/cards/b/BurrogBarrage.java",027A0604FEBF855277E88DD1C32632817583C630D696A56D50D0F328587B58C9,3061
"source/upstream-07ecb7cf/Mage.Sets/src/mage/cards/b/BurrogBefuddler.java",C995200CC131535D68154BCC32D4B641E7382AC64C0515C62DF62690F43E4DE8,1430
"source/upstream-07ecb7cf/Mage.Sets/src/mage/cards/b/BurrowguardMentor.java",E1A556B4B3BA3937B435498F64F67BB9981712E25AD95B292232382C8D317326,1500
"source/upstream-07ecb7cf/Mage.Sets/src/mage/cards/b/Burrowing.java",CE2CB21C564E6060B5D1FBBCAEB5BD6C5F608C7B7217E2D6E8AD9891B4E65623,1468
"source/upstream-07ecb7cf/Mage.Sets/src/mage/cards/b/BurrowingRazormaw.java",0E1FC9049E25A442FE82F20BCAC1BF20F2441EF820A8DF67B4DA8331E3DB36D5,1013
"source/upstream-07ecb7cf/Mage.Sets/src/mage/cards/b/BurstLightning.java",A75FE420C21B185F503CD14579F9267088E4F714BA9F75F9D6BEE75EBFA2008B,1425
"source/upstream-07ecb7cf/Mage.Sets/src/mage/cards/b/BurstOfEnergy.java",ADE9F239D102169F005CE939566BE12C529256A669BA9EFC4C753A80FF8681C2,801
"source/upstream-07ecb7cf/Mage.Sets/src/mage/cards/b/BurstOfSpeed.java",EC634E6D12D63C3ACF80BA51F15A444CECDE9D8C9EEDE7250544381A1BF7B556,933
"source/upstream-07ecb7cf/Mage.Sets/src/mage/cards/b/BurstOfStrength.java",05D9D15A3D3E3A09D21B53A968E33AC8796145ABA811C3E60EFCB5390A5E4E50,1100
"source/upstream-07ecb7cf/Mage.Sets/src/mage/cards/b/BuryInBooks.java",3167F3E62167E98656A16AD088C9CF12ABE843E3B5912041F0CF4376C99B9B0B,1714
"source/upstream-07ecb7cf/Mage.Sets/src/mage/cards/b/BushiTenderfoot.java",AEAF3C84F11052EB4214284B084B95C05193C2479ADF5D9F6A302AB2C1F0D229,1763
"source/upstream-07ecb7cf/Mage.Sets/src/mage/cards/b/BushmasterCoiledHenchman.java",CDA12FD04C091C49E5C0A89C291E77EF9B1276CFA537CBBF15FFC9FDE6ABFDE7,1676
"source/upstream-07ecb7cf/Mage.Sets/src/mage/cards/b/BushmeatPoacher.java",EF20FB45A1C54446CFB84DDC3D77FE46D8B4E52C97D28162244D11B05BB24B61,2969
"source/upstream-07ecb7cf/Mage.Sets/src/mage/cards/b/Bushwhack.java",F96E4E8E47B81E46612DFA2FC0B7B216ADD791920C908E8C004FD76DA96A3672,1484
"source/upstream-07ecb7cf/Mage.Sets/src/mage/cards/b/BushyBodyguard.java",937265F21B73A9B7123FD48F1B94FDDE8313B45C53E6C6E121DC9000164E9CCE,1491
"source/upstream-07ecb7cf/Mage.Sets/src/mage/cards/b/BusterSword.java",066AE3C6EEC070E8E0566D186D24F66DA9414140465F995CE21645BB242AFFE8,2924
"source/upstream-07ecb7cf/Mage.Sets/src/mage/cards/b/ButchDeLoriaTunnelSnake.java",164ED187761540783D8AF9709DDE54303FBF6C7C375B5C0235E4B385B1172531,3607
"source/upstream-07ecb7cf/Mage.Sets/src/mage/cards/b/ButcherGhoul.java",3CB83E088A2925F761DFB993CE04AE4C8514ABB4CA860CEF3E82FACD8165DCB8,967
"source/upstream-07ecb7cf/Mage.Sets/src/mage/cards/b/ButcherOfMalakir.java",F5BA73A017AF73BCE29C8C544CD61DFE420CACD8CDE810EC3043DA318934A55A,1603
"source/upstream-07ecb7cf/Mage.Sets/src/mage/cards/b/ButcherOfTheHorde.java",2AC303D5A6DF8E8600637DF2C088E36797DEE97087C8459BC6EEC4BA2ED5B688,1680
"source/upstream-07ecb7cf/Mage.Sets/src/mage/cards/b/ButcherOrgg.java",830F1EB5AC3F9848B9EE23C4F3302164D374609F338BAFC1389AD65C9460C21F,993
"source/upstream-07ecb7cf/Mage.Sets/src/mage/cards/b/ButchersCleaver.java",AE483253995334BF879EB6BD4CEB100E78854FDDA8BF89E8A13E001549DA8459,1735
"source/upstream-07ecb7cf/Mage.Sets/src/mage/cards/b/ButchersGlee.java",C4C2762CE1B2FD3CA6FD788B20D70C4D19C5AD8CF4C81D791ABA8DCE5539F103,1597
"source/upstream-07ecb7cf/Mage.Sets/src/mage/cards/b/ButterburBreeInnkeeper.java",32B41711D00F3740EC4B6C2C2436721BB38928DC26ED069F74ED4A41C7E4D266,1678
"source/upstream-07ecb7cf/Mage.Sets/src/mage/cards/b/BuyYourSilence.java",1E3254CF4EDC32B568F2347C016CC18878BCFB23D41553FD08AF0E9D98475326,1102
"source/upstream-07ecb7cf/Mage.Sets/src/mage/cards/b/BuzzardWaspColony.java",294960B5297A30D70811D345FCA6A21F0FAD0FCC0C1FFAEC9CDD80EE6C36BF07,3356
"source/upstream-07ecb7cf/Mage.Sets/src/mage/cards/b/BuzzBots.java",E521F90936B17CCD4243E23220D409B1F3A1B7882C6CFEA693E6A934E75C3360,1269
"source/upstream-07ecb7cf/Mage.Sets/src/mage/cards/b/BuzzingWhackADoodle.java",13F01037CB801A2D548C4CE148D33E59C1B278152B4E2F823DC49429F9F79994,6638
"source/upstream-07ecb7cf/Mage.Sets/src/mage/cards/b/ByForce.java",468E1EF3FF84C6F415855CE23BC7B2D3C6AA37A86BAB891B5A748C8218EDE140,964
"source/upstream-07ecb7cf/Mage.Sets/src/mage/cards/b/BygoneBishop.java",B3898E0138E8D98A2D88711D92638504A9294F367BF2B29631790BFAAA6E9560,1702
"source/upstream-07ecb7cf/Mage.Sets/src/mage/cards/b/BygoneColossus.java",C6C158600332939C4E8FB1F5B0FAC3853F492DD7E49A2C340C2EECF909E6E4EF,900
"source/upstream-07ecb7cf/Mage.Sets/src/mage/cards/b/BygoneMarvels.java",458233CE8B61B7113D0C64A9F2B1DE85FFC9F401E3D1B767BF432DC948FB39FD,1990
"source/upstream-07ecb7cf/Mage.Sets/src/mage/cards/b/ByInvitationOnly.java",9D960993424D5A03A1FB45D87051EC0E9FFCCF163E51AF6D93348D016EEBAF36,1884
"source/upstream-07ecb7cf/Mage.Sets/src/mage/cards/b/ByrkeLongEarOfTheLaw.java",6218DE8B9BFD01B10402162C2694789550BE3324D68C84E91425BD4BA7109D04,2435
"source/upstream-07ecb7cf/Mage.Sets/src/mage/cards/b/BywayBarterer.java",D9A77F935EEE5BA2A10B4F0496EFDAE1633A689D3FA445220D1CD2AF99A4CE82,1385
"source/upstream-07ecb7cf/Mage.Sets/src/mage/cards/b/BywayCourier.java",25ED4683BE31CD3CF0CEA39FF64F8C746013898B92BAEFF074A7A3A057E3E5A1,977
"source/upstream-07ecb7cf/Mage.Sets/src/mage/cards/c/C3POAndR2D2.java",3A91480E7BA2544D9C6D701D1B050FFC6A09DE831D2EA1F1C1CE5501272564AA,1531
"source/upstream-07ecb7cf/Mage.Sets/src/mage/cards/c/CabalArchon.java",E94B731F8C8874CB68340A364FF94B9744BA5BAC7A0516295FCCA937037E84D5,1891
"source/upstream-07ecb7cf/Mage.Sets/src/mage/cards/c/CabalCoffers.java",80BE8FCC01C16830D91A88E86372362D790B991395A07E1F9135F0402745906F,1556
"source/upstream-07ecb7cf/Mage.Sets/src/mage/cards/c/CabalConditioning.java",EDC7C294A6CD8ACFE2548C2B4FA9AD214F07FEC95C7A865A83F02D3931CE5A7A,1374
"source/upstream-07ecb7cf/Mage.Sets/src/mage/cards/c/CabalEvangel.java",70A2D14E40E010E6D22E4A04FF99B48786529BEF3BE5E6FC4F8DB50AFC5A42B6,751
"source/upstream-07ecb7cf/Mage.Sets/src/mage/cards/c/CabalExecutioner.java",CE04A445C546F96F5D06C0C7901C5045A6473757984DDA729820D947EECB5CC7,1420
"source/upstream-07ecb7cf/Mage.Sets/src/mage/cards/c/CabalInitiate.java",25A26CAA989861D4BFD9A78235E97EE1E0A1D704CC910975D3B468783E3B72DD,1981
"source/upstream-07ecb7cf/Mage.Sets/src/mage/cards/c/CabalInquisitor.java",96023C935E09E9942ED266A5066D05BE8357B407E97F589FDD2D8B50D80E6A8F,2078
"source/upstream-07ecb7cf/Mage.Sets/src/mage/cards/c/CabalInterrogator.java",8BAC4AC4678B8F3206ECEB9C57D56851268264F80E553331E4B4046EF1A3ECE9,1629
"source/upstream-07ecb7cf/Mage.Sets/src/mage/cards/c/CabalPaladin.java",D13D443FC02EF7DC29B3CE3C946E807E3DAB9A99EE683D4A56C3D33564DA4C2C,1509
"source/upstream-07ecb7cf/Mage.Sets/src/mage/cards/c/CabalPatriarch.java",FDDFB942A9D4E63AFBCFAC50C9E4AFD1A8C1D282D0B65B06696EB0A17770AD2B,2171
"source/upstream-07ecb7cf/Mage.Sets/src/mage/cards/c/CabalPit.java",963BBEC5E9E948A7A5126092BA6F7F5B1950081CCB76C164BC7FFCE87CE10125,2010
"source/upstream-07ecb7cf/Mage.Sets/src/mage/cards/c/CabalRitual.java",AF2C3A2069E25289595542A883F1D9A8C055F151866493D7CA0F8A716859FF65,1248
"source/upstream-07ecb7cf/Mage.Sets/src/mage/cards/c/CabalShrine.java",52E0876890755B3724B5D51A1862DBD76B91274E3D39DDD1D3877765A2C546DD,3804
"source/upstream-07ecb7cf/Mage.Sets/src/mage/cards/c/CabalSlaver.java",669AF451181A79341FCC27DCE65D47C86D3C16808BEE549DF96BF206628AF4EE,1356
"source/upstream-07ecb7cf/Mage.Sets/src/mage/cards/c/CabalStronghold.java",03DB4BA6B82DAFF20E0B470889340491ADDD013ACF48CEEEB6EF5EFE49008C79,1872
"source/upstream-07ecb7cf/Mage.Sets/src/mage/cards/c/CabalSurgeon.java",860697764B7F6D3A335973710D483A91CD5BD95C60D3C0A189A126C2D725BEA7,1740
"source/upstream-07ecb7cf/Mage.Sets/src/mage/cards/c/CabalTherapist.java",EE762F2CE07D3142A0F83ACAF04A054A2ACB81B18A53C7DBAF43B51067B60D99,3682
"source/upstream-07ecb7cf/Mage.Sets/src/mage/cards/c/CabalTherapy.java",7C55DE440FC6FD8EB7ACCC594E128CF3BDF74ACAB550AE67EBCC0D179D8015A8,2987
"source/upstream-07ecb7cf/Mage.Sets/src/mage/cards/c/CabalTorturer.java",3608576CCB86E0E41CBB001DA6893B1AB9D229A4FE7BCD111160FBCAC5BA7D38,2162
"source/upstream-07ecb7cf/Mage.Sets/src/mage/cards/c/CabalTrainee.java",248D1CB9B7ECF1D29C3DDC530538474A07D461F501AD0FC664E17D63D4BF73FE,1374
"source/upstream-07ecb7cf/Mage.Sets/src/mage/cards/c/CabarettiAscendancy.java",BBCDD9456E5167B3EB442C7C2EE321B0164027696DC56AAB81DFA8CA471DE0B4,2986
"source/upstream-07ecb7cf/Mage.Sets/src/mage/cards/c/CabarettiCharm.java",9C33695D7DA02FDBD88287A8A352C5BBF14BADC1CB31D48B503BBE20F9535A4E,2491
"source/upstream-07ecb7cf/Mage.Sets/src/mage/cards/c/CabarettiConfluence.java",E7203D502BDABA5B3E21C285BDE77E707A06D09EABA055437E410BC20AE6C10F,3688
"source/upstream-07ecb7cf/Mage.Sets/src/mage/cards/c/CabarettiCourtyard.java",D47F6F882945B05C787608A764A3DD44C119BC1F3CB0C7258BD8A151BFC0F2CA,2133
"source/upstream-07ecb7cf/Mage.Sets/src/mage/cards/c/CabarettiInitiate.java",1922173DDA3D9B0B92B0E774F80D0AA8DB70AA3C9CCC3A302F3DFAE6D6C1226E,1317
"source/upstream-07ecb7cf/Mage.Sets/src/mage/cards/c/CachedDefenses.java",B504A65F1B1C93A1FE5BDD98DF177F9999144B9FB3C07E73F0D10B36E3978B75,689
"source/upstream-07ecb7cf/Mage.Sets/src/mage/cards/c/CacheGrab.java",9483A6D1C076527E82C67C14D29A08D5400F161177D34BDFE7F1CE070716B650,2744
"source/upstream-07ecb7cf/Mage.Sets/src/mage/cards/c/CacheRaiders.java",C4FDBD21CA79172E921792AE4967F3E5D7167A60E081954B0641524F37AF85EB,1204
"source/upstream-07ecb7cf/Mage.Sets/src/mage/cards/c/CacklingCounterpart.java",8A636496664F21236162BF956FB43ADFD0AC1938686C11CEAB00482024FAC7BB,1188
"source/upstream-07ecb7cf/Mage.Sets/src/mage/cards/c/CacklingFiend.java",A547CE19EEE703AAF5BF210D24FC57534D2E0CC71FB12AEBCF9FE596A0F8208D,1111
"source/upstream-07ecb7cf/Mage.Sets/src/mage/cards/c/CacklingFlames.java",EA183B6B8DA98404AF57B4F20B58FAB05D2977469DBBC812A389334FA78E9DFE,1359
"source/upstream-07ecb7cf/Mage.Sets/src/mage/cards/c/CacklingImp.java",2ACDF1E4CB9C3EFEE9685A39CB2D9273DEBA13EB70F98D98D530F6F3B158D9B4,1308
"source/upstream-07ecb7cf/Mage.Sets/src/mage/cards/c/CacklingProwler.java",DFFFDFF4333CE31DCE3734AC722FF51014AAA6C55D216AC0DF48BEC6492B53BD,1648
"source/upstream-07ecb7cf/Mage.Sets/src/mage/cards/c/CacklingSlasher.java",747C19C44542F61210C4C6421A68735EE8D36BB75085E1B49AA8A55A614EA2FB,1609
"source/upstream-07ecb7cf/Mage.Sets/src/mage/cards/c/CacklingWitch.java",ABA76E10EE6D437A03C6BC0956A0E5562A6F7736426D771F2AC505846DBF49BE,1793
"source/upstream-07ecb7cf/Mage.Sets/src/mage/cards/c/Cacophodon.java",81B68CBD2D42C6E10BA350521469D4858624D8B486A57220B186409FE1DC410E,1177
"source/upstream-07ecb7cf/Mage.Sets/src/mage/cards/c/CacophonyScamp.java",5EF34EBB22D8C97CCCB7DA02EF0BE48EC51B16B1EA73159C6B11334F10197589,1975
"source/upstream-07ecb7cf/Mage.Sets/src/mage/cards/c/CacophonyUnleashed.java",D05B0725252CA78611E680F0C5C64B848B10A434D48A9CB447E2927B880CFD1A,2887
"source/upstream-07ecb7cf/Mage.Sets/src/mage/cards/c/Cactarantula.java",10A69C1AD152D79D89F344DEE99972BA6200EA198F55BCE9A8A392FC8E6A5E38,2348
"source/upstream-07ecb7cf/Mage.Sets/src/mage/cards/c/Cactuar.java",33E3E19DDDA4947F075CF7B3D661AFB4F5B32FE2C15966DB41FA62994D69E5A6,1385
"source/upstream-07ecb7cf/Mage.Sets/src/mage/cards/c/CactusfolkSureshot.java",B86B82BDF6031DAB4CC4824B9B4EEABF66BC3668D810198783C58D8D414787A5,2265
"source/upstream-07ecb7cf/Mage.Sets/src/mage/cards/c/CactusPreserve.java",1C9D498E5B7E97D2866FCDE3BAFE705D5D7F3C63743CDADFB94127A8D005091C,2875
"source/upstream-07ecb7cf/Mage.Sets/src/mage/cards/c/CadaverImp.java",58FB984B4ED675145F89B29189011FD8E32859C4661890EC8E24AE1407EEA5C7,1455
"source/upstream-07ecb7cf/Mage.Sets/src/mage/cards/c/CadaverousBloom.java",4953F6C6497A35815B323754DB6C8291C1F8E22743998D8D4DB5BD2A2BBB3512,3150
"source/upstream-07ecb7cf/Mage.Sets/src/mage/cards/c/CadaverousKnight.java",7772687730F983A8A0CE629970B677269D5830925FF141D491315AD4F9E394F9,1252
"source/upstream-07ecb7cf/Mage.Sets/src/mage/cards/c/CadiraCallerOfTheSmall.java",A8ECE4CB2C5C3769448207B5BB5ECB8287996BC8884CB65795209A627725119D,2289
"source/upstream-07ecb7cf/Mage.Sets/src/mage/cards/c/CadricSoulKindler.java",CFF67E3D57FF8644E308265BB63F13159BE31149DA4E265775AB4D3B6F82255D,3905
"source/upstream-07ecb7cf/Mage.Sets/src/mage/cards/c/CaduceusStaffOfHermes.java",8BF926B317C12E3CD1F1A1984940AD23AE284A35546B66B2F1B9BD5852125480,2939
"source/upstream-07ecb7cf/Mage.Sets/src/mage/cards/c/CaelornaCoralTyrant.java",04AF8051FBBA1248CCD040739FBC8983521CA46430FBCFECCEBDE999038838F2,838
"source/upstream-07ecb7cf/Mage.Sets/src/mage/cards/c/CaesarLegionsEmperor.java",19EB4A3A3D017E2E701D604EEB04D930E16F96C6F77C229377E6722F96C844FF,3451
"source/upstream-07ecb7cf/Mage.Sets/src/mage/cards/c/CagedSun.java",C161B5DC7BB8BB34FA0D47A43C1D075165138ED9275EBAAABA670C45C507EA72,5345
"source/upstream-07ecb7cf/Mage.Sets/src/mage/cards/c/CagedZombie.java",827E740B4B5E7C7EB62D520043782D9FDB06494173340759A612E77A8CFB8B2D,1467
"source/upstream-07ecb7cf/Mage.Sets/src/mage/cards/c/Cagemail.java",86C052CB61CA58965BE5B60EA0FDB6EE633CADF5828EC8FA730B25D3A4259950,1685
"source/upstream-07ecb7cf/Mage.Sets/src/mage/cards/c/CageOfHands.java",F2AADF92AB6229966C598010C7BDC9140CA42308978D8AFF24CDE59186A5A03A,1733
"source/upstream-07ecb7cf/Mage.Sets/src/mage/cards/c/CairnWanderer.java",AE801612620A02FE345C2EF8D3C839AE31432860B5FD9D9F997AD2A31493B55B,4394
"source/upstream-07ecb7cf/Mage.Sets/src/mage/cards/c/CaitCageBrawler.java",753BC2EDC1BA4AF6E3AD26EEE59ECB761D1EA97D88C119864B6CD9ABAFD6B96B,4642
"source/upstream-07ecb7cf/Mage.Sets/src/mage/cards/c/CaitSithFortuneTeller.java",3B747162F5A6AAA75DFB163F4B2EBB590EC013FFDF8B6ABB29832D383D92B0BA,3142
"source/upstream-07ecb7cf/Mage.Sets/src/mage/cards/c/CalamitousCaveIn.java",ED6D873C8A924E412262D913747160EB1A60624D77E02F131B44D40298F6BF20,1456
"source/upstream-07ecb7cf/Mage.Sets/src/mage/cards/c/CalamitousTide.java",38312DD7FBE2B85198457FBB8D5949AA21A96CB36E4699EE904169479B592869,1073
"source/upstream-07ecb7cf/Mage.Sets/src/mage/cards/c/CalamityBearer.java",CAD333DDAF5D1D03A1931B78F064CFAEF964CBFBECFD002CF81F0356ABD283CB,3035
"source/upstream-07ecb7cf/Mage.Sets/src/mage/cards/c/CalamityGallopingInferno.java",E25BDBAEC1E7C8A05126679879CE54DBD3DB9C70CAFD875AA12D7C141048CF65,4069
"source/upstream-07ecb7cf/Mage.Sets/src/mage/cards/c/CalamityOfCinders.java",18306DE73EE784135482FF88E96CB9130F6D6AF0D30EC64821DEF633E3049567,1197
"source/upstream-07ecb7cf/Mage.Sets/src/mage/cards/c/CalamityOfTheTitans.java",693C05A8721CB71736EDAEEDCBE9268DD1F361BE25B35F36ACC320B4BD46C523,3016
"source/upstream-07ecb7cf/Mage.Sets/src/mage/cards/c/CalamitysWake.java",CB229C529577E8E2FD350FFA7434E8533F3E13FF682259A01D783FE7E3C73696,2035
"source/upstream-07ecb7cf/Mage.Sets/src/mage/cards/c/Calciderm.java",D318564B4659860C2D4578E6605BC5E266DBF6CF7E9D711FD31DA5C430DA121A,932
"source/upstream-07ecb7cf/Mage.Sets/src/mage/cards/c/CalciformPools.java",A300AD40F35F74BA24ACD2F9650BFECBE21516DAC22883C2AF97676448663A46,2126
"source/upstream-07ecb7cf/Mage.Sets/src/mage/cards/c/CalciteSnapper.java",E275B2A07DC33961E0F5B1A216F3A65C12BEF9E82ACBE7422AAE703CC6D58BEB,1094
"source/upstream-07ecb7cf/Mage.Sets/src/mage/cards/c/CalculatedDismissal.java",E45609C8EE07BCF6FF3C4179A188168D233067C04982F8497BAC4D24BAE2A48A,1490
"source/upstream-07ecb7cf/Mage.Sets/src/mage/cards/c/CalculatingLich.java",4A59707F22781CAFB16BDBF906B42A5F3E9072E368F8ACB2C5D9D396DF8C4452,2511
"source/upstream-07ecb7cf/Mage.Sets/src/mage/cards/c/CaldaiaGuardian.java",6C4D0D13FF273A8063E0344B918D8B2344F523CBFCDBCF03B3196E2DAD079DF2,1843
"source/upstream-07ecb7cf/Mage.Sets/src/mage/cards/c/CaldaiaStrongarm.java",217A93DF0AE70E2906BF5E1D10B8DEE41DA4D4114B20633A03469862C55F93AC,1507
"source/upstream-07ecb7cf/Mage.Sets/src/mage/cards/c/CalderaHellion.java",062954AAAEB35DF018AAFC7F1BEAEB618AC9992D2A80ED4F6BF4F35C667C05D8,1385
"source/upstream-07ecb7cf/Mage.Sets/src/mage/cards/c/CalderaKavu.java",E0E73F72A8D8310386D9C49CF4478E3196F34D8AB19B3B129AD7347C4E996A03,1413
"source/upstream-07ecb7cf/Mage.Sets/src/mage/cards/c/CalderaLake.java",F4209A6D266E1E0F89C1D64D9FB34ED9A6B213BA0FD5A0B6EB10DE30A5CB6A38,1352
"source/upstream-07ecb7cf/Mage.Sets/src/mage/cards/c/CalderaPyremaw.java",B864056B8777898EAF622563609FB8BECD62CDEF19AE8CB3899C4793EBA6AE9C,1919
"source/upstream-07ecb7cf/Mage.Sets/src/mage/cards/c/CalibratedBlast.java",1B740DD7CBF11652C5946C37B161EF939AD13320CD1BF9A91557A3F68B0BA67E,3098
"source/upstream-07ecb7cf/Mage.Sets/src/mage/cards/c/CaligoSkinWitch.java",25642878B5FB1BD0C5F34D33B0164B3F0AB6FE8DE012B1C404D7B9B74970BB93,1481
"source/upstream-07ecb7cf/Mage.Sets/src/mage/cards/c/CalixDestinysHand.java",2B7D8FCEABCF5978163652839C38734BABC679A49D7F934C1DAC113ACD85A336,6563
"source/upstream-07ecb7cf/Mage.Sets/src/mage/cards/c/CalixGuidedByFate.java",96D0B196CE89BDB69701E158E975834CF5B37052148BF91D101BF7F1FA4CABA8,4468
"source/upstream-07ecb7cf/Mage.Sets/src/mage/cards/c/CallapheBelovedOfTheSea.java",8101227D674965BD6D3567433AAEADD9FE436E644144CEC421685742886F81DE,2452
"source/upstream-07ecb7cf/Mage.Sets/src/mage/cards/c/CallASurpriseWitness.java",FBD70670E23CB129D06A1877AA59E5164D59E53A3CDBF13E9EF6A96559E0F5B2,2029
"source/upstream-07ecb7cf/Mage.Sets/src/mage/cards/c/CallDamageControl.java",697C766475EBD795EFF4ABB19D8129979C8BE8A5133A874A594722E4F5BAF739,2360
"source/upstream-07ecb7cf/Mage.Sets/src/mage/cards/c/CallerOfGales.java",E462516E5CC2C2AF46418CEF733174785AB6A2C978A2CF89602BFEA049ECA7D5,1549
"source/upstream-07ecb7cf/Mage.Sets/src/mage/cards/c/CallerOfTheClaw.java",F4EE2A36DF5CF39885996A51750B1FD31732F10004C0D4E8C46D2CE2FA69778D,3380
"source/upstream-07ecb7cf/Mage.Sets/src/mage/cards/c/CallerOfTheHunt.java",A092A4E267C9640774C29F7AF3FC7CD7C79CFF1F14D6EE5E066C7D38B11DABE4,6152
"source/upstream-07ecb7cf/Mage.Sets/src/mage/cards/c/CallerOfThePack.java",9E78D9F5B6F61AB8C4768D6AE28C8B53055AB2F1FA16C0E1BCC53C2F903063A0,1199
"source/upstream-07ecb7cf/Mage.Sets/src/mage/cards/c/CallForAid.java",7F9C423EE160D6D131B3674897C5001B57777CA469324F8617639BDA810A76EF,6053
"source/upstream-07ecb7cf/Mage.Sets/src/mage/cards/c/CallForBlood.java",2C5151CBD8D0843CC46E91BC6AAE6EAA3615D07D2BB28DA896854710B91EB968,1683
"source/upstream-07ecb7cf/Mage.Sets/src/mage/cards/c/CallForthTheTempest.java",95809F94A89A2AE3CFECCAE76CAB51B18CE610878C3E31C86038A735849573C1,2799
"source/upstream-07ecb7cf/Mage.Sets/src/mage/cards/c/CallForUnity.java",8045D77E5B7729D33F9E9F523A07D47802DA107DF6D42C5AFC7F19E064F0DABD,2102
"source/upstream-07ecb7cf/Mage.Sets/src/mage/cards/c/CallidusAssassin.java",5FBDD5B071219351FA701319643864286944C5D45477CAAEF923139E2B05738F,3611
"source/upstream-07ecb7cf/Mage.Sets/src/mage/cards/c/CallInAProfessional.java",B3D71BBC17E1E4F5C254D71C5D22AF919883425531AE2C874BA190999DC2BC1F,1342
"source/upstream-07ecb7cf/Mage.Sets/src/mage/cards/c/CallOfTheConclave.java",2DBD8C37E7E5D1B7C83F476C951DCE6B7E290BA857C908E9286F352850B954CE,810
"source/upstream-07ecb7cf/Mage.Sets/src/mage/cards/c/CallOfTheDeathDweller.java",845F77FD399548ED9B13C354681A61A8770778D1DD61460C8C5348308729ACE3,6307
"source/upstream-07ecb7cf/Mage.Sets/src/mage/cards/c/CallOfTheFullMoon.java",CC5D83C843026BD64D517BEF190DAFBCC2B612A276A8377FC3E6703D8A4B52B9,2232
"source/upstream-07ecb7cf/Mage.Sets/src/mage/cards/c/CallOfTheHerd.java",E705F90C53B2FA07EE5A9D848588DB0E4CDA0A9D72D9EBC4C95737B5FF2F4DAF,1029
"source/upstream-07ecb7cf/Mage.Sets/src/mage/cards/c/CallOfTheNightwing.java",81701E62DC9F11119DC20AD721F3253D6138A2E1CF280344046621F8885AF129,1203
"source/upstream-07ecb7cf/Mage.Sets/src/mage/cards/c/CallOfTheRing.java",2C2BE99D36200D45E508A79D010F371C6D40568E0E41FB6B81C9BF57DA566D5C,2179
"source/upstream-07ecb7cf/Mage.Sets/src/mage/cards/c/CallOfTheWild.java",926759C2B8B0F9E4DE8218F027A0ABC4CA852F69012022ED3C2B6DE69CF74976,2456
"source/upstream-07ecb7cf/Mage.Sets/src/mage/cards/c/CallousBloodmage.java",A4EE2062A6C81F089208CC094E2995C0A5BBC622A45DD6737537A256D1644291,2033
"source/upstream-07ecb7cf/Mage.Sets/src/mage/cards/c/CallousDeceiver.java",E50D16D0FE5491A96B261B271B00C7C814D328820AB0E2E796389AD1A4289D21,3231
"source/upstream-07ecb7cf/Mage.Sets/src/mage/cards/c/CallousDismissal.java",0EB298292C66607C4B0BE883760A1CAF70D0BAE548B6BE8AF7AE5783BD0976C6,1085
"source/upstream-07ecb7cf/Mage.Sets/src/mage/cards/c/CallousGiant.java",98A1F8CA2706ED50B12B613A3FD6E49F9B58B1A2854502B306BE3F00FBF5A6B1,1966
"source/upstream-07ecb7cf/Mage.Sets/src/mage/cards/c/CallousInspector.java",4D9AD789FAE9266F5530C163341670A5214FF29BFC988A0094D189B3369E2535,1431
"source/upstream-07ecb7cf/Mage.Sets/src/mage/cards/c/CallousOppressor.java",0126BDEB0FFB847658BE1C4167C93221B628D8329B7C4DD636A9F04C90939090,5706
"source/upstream-07ecb7cf/Mage.Sets/src/mage/cards/c/CallousSellSword.java",3154FB9546FC851459BD0E694C3386AC9102AD89B055E2CBB6DA999E751174C8,3721
"source/upstream-07ecb7cf/Mage.Sets/src/mage/cards/c/CallowJushi.java",3CFF506F4BA58ECFEDCB2C5066455C8932EFF17DC1A21FE75D5422AA04C7C70D,2849
"source/upstream-07ecb7cf/Mage.Sets/src/mage/cards/c/CallTheBloodline.java",6BBEC6FCF8F5FC87CE1042D54C9D311220C549A1A9BDDA3CFE78C0CE21B9ED70,1274
"source/upstream-07ecb7cf/Mage.Sets/src/mage/cards/c/CallTheCavalry.java",E19618CBD1A23BB96BC6FADFBCA55ED557F7E1FF919F9166414ECBB7B135F418,816
"source/upstream-07ecb7cf/Mage.Sets/src/mage/cards/c/CallTheCoppercoats.java",8E0ADCDF53E2D84C3E797C748AC6FFF453B6D995BB5CEB7DBAB05C32FEF93A55,2747
"source/upstream-07ecb7cf/Mage.Sets/src/mage/cards/c/CallTheGatewatch.java",0CE89300B0C77CC57E5FE41DA0268B1E16DD8DD08D9A0437724A01C96B23C78A,1082
"source/upstream-07ecb7cf/Mage.Sets/src/mage/cards/c/CallTheMountainChocobo.java",D457F663B8C38771C9C0B00F67E56BF8F12A7832871F6DEB0CDC77C5FB723CBA,1670
"source/upstream-07ecb7cf/Mage.Sets/src/mage/cards/c/CallTheScions.java",AF8C253AF0CF42BAD7E5CE95D61B1CDCAA0B152EC94A84E2B7ACB5EAEB52777E,1073
"source/upstream-07ecb7cf/Mage.Sets/src/mage/cards/c/CallTheSkybreaker.java",697B94AB0B0D6AAD45AD512A90DEE54FE0F38F2D520A6803BBD1771409FE336C,1004
"source/upstream-07ecb7cf/Mage.Sets/src/mage/cards/c/CallTheSpiritDragons.java",058C98C87F283039D91D1A3558C189207FD76B43757DA8A8D055FDB15B75A258,3907
"source/upstream-07ecb7cf/Mage.Sets/src/mage/cards/c/CallToArms.java",F8122EF545BA25B691C6A5E9B763F47E1558064C4B33B64E9140FB1767CA48FA,4351
"source/upstream-07ecb7cf/Mage.Sets/src/mage/cards/c/CallToGlory.java",E8D5732FE0026D056BD767CA8DBA9CF7FD57A4F080781630052B32F055518D99,1308
"source/upstream-07ecb7cf/Mage.Sets/src/mage/cards/c/CallToHeel.java",03800454970FEFEB4220DBA917653346AFAB2BF2375163A580324E5DD27CF4CF,1019
"source/upstream-07ecb7cf/Mage.Sets/src/mage/cards/c/CallToMind.java",665582E128AB4C09361EE45275AD599B1711CD9093D0E666B09891120E1F5A9F,1021
"source/upstream-07ecb7cf/Mage.Sets/src/mage/cards/c/CallToServe.java",BFF80E51FA0BFBF7B9A07EAE303D71B492C4531A22B9684024B415FFF7C1860D,2228
"source/upstream-07ecb7cf/Mage.Sets/src/mage/cards/c/CallToTheFeast.java",D11545EDF63B0B682AE7EB1333D6FCE614846664183E618FF1BAED3AB25D3559,834
"source/upstream-07ecb7cf/Mage.Sets/src/mage/cards/c/CallToTheGrave.java",3FB46EC8310F82855051C3B729D23BE6EEDD81A27A7D975C03DA9F4AC04755F2,2096
"source/upstream-07ecb7cf/Mage.Sets/src/mage/cards/c/CallToTheKindred.java",E96796702D8F31CDC2169AEA552B82DA1FC3E6E309691A0723281ECD4D865F5E,3898
"source/upstream-07ecb7cf/Mage.Sets/src/mage/cards/c/CallToTheNetherworld.java",1E368877623177CCBA0BD49F21613E12FCAAC2BF1602A5D89AE3D483D283A067,1477
"source/upstream-07ecb7cf/Mage.Sets/src/mage/cards/c/CallToTheVoid.java",A27A88293C0FEB6B8BE2D4B6FB6CFFDAC9D5E59903A00E6648DB80CE55D7E816,3363
"source/upstream-07ecb7cf/Mage.Sets/src/mage/cards/c/CalmingLicid.java",BEC3F5155651B287EDB43609679D189A57A06C39457F9CF8F98BE6F95BF1C484,1491
"source/upstream-07ecb7cf/Mage.Sets/src/mage/cards/c/CalmingVerse.java",1EE92A7EBC6CAD6008C417BCBFBD30D38295BE0519F576A56503804E1FDB7FEA,3285
"source/upstream-07ecb7cf/Mage.Sets/src/mage/cards/c/Caltrops.java",157178EFB5868E7F2238179779F3A186F012EE04B8F71D4D0364B4DFB9AF063A,1085
"source/upstream-07ecb7cf/Mage.Sets/src/mage/cards/c/Camaraderie.java",1D086986CCC54BC2A88E22EFBDAE5A004935CFB599FEC7BC43D3B648EFA54908,2275
"source/upstream-07ecb7cf/Mage.Sets/src/mage/cards/c/Camel.java",5FCB601B9803A96DD359148757BBA48C6EB3285B9F1D363C98AFEA2EAF33A407,2802
"source/upstream-07ecb7cf/Mage.Sets/src/mage/cards/c/CamelliaTheSeedmiser.java",04C4B281BD811A22DD71F9539EBABB1BECA8960BEEC19C6DE9DEDC1F4CADAAE9,3241
"source/upstream-07ecb7cf/Mage.Sets/src/mage/cards/c/CameraLauncher.java",D38B7D7E0C4602F473C56AC315F7C908CE6DD7278E635206A3BA3785E6B1F083,1494
"source/upstream-07ecb7cf/Mage.Sets/src/mage/cards/c/Camouflage.java",A2CEBE4ECFDBE0665072879383AE3335D45DFC4CDB4973F5961FEF1C2109D43C,11535
"source/upstream-07ecb7cf/Mage.Sets/src/mage/cards/c/CAMP.java",DBE5AC46F9B43872072218FB5E2B48420C037DAB4CC51B970707349362CB1CDD,4097
"source/upstream-07ecb7cf/Mage.Sets/src/mage/cards/c/CampaignOfVengeance.java",15FA8EC88AA0FE91C958C482304B50093EE09BEC5CE3F90391A69F0A32F4CBEE,2387
"source/upstream-07ecb7cf/Mage.Sets/src/mage/cards/c/Campfire.java",D1DDBB77058AE8CE9D34D915105BF0AAD037270B9E19CDB6E65652DB77B9523A,2928
"source/upstream-07ecb7cf/Mage.Sets/src/mage/cards/c/CampsiteCuisine.java",97A00A1A2FA72B7CFFF63006C263C79C30299100953AF11A42F0D37FDB2341BD,4091
"source/upstream-07ecb7cf/Mage.Sets/src/mage/cards/c/CampusComposer.java",6F802C11EE033C250EDE24A950F7A97EBC2A4E6CEB72E5A9B3017CF3C4FE1087,1514
"source/upstream-07ecb7cf/Mage.Sets/src/mage/cards/c/CampusGuide.java",7F23F35749D86C24BA62D4B3180E720C671A81C2443F2A0A1F471C0B80F71062,1301
"source/upstream-07ecb7cf/Mage.Sets/src/mage/cards/c/CampusRenovation.java",42C282151E0D9DA763A01C5364E39DCF665CE42334529B32B64A2EC69F8271DB,1534
"source/upstream-07ecb7cf/Mage.Sets/src/mage/cards/c/CanalCourier.java",4B070CDAADC04CA193D14EB9297B2E28452B60810BF7834EE47716B609DBF90C,3676
"source/upstream-07ecb7cf/Mage.Sets/src/mage/cards/c/CanalDredger.java",1F17FD0F0D2E78CD5A3770DC2451B29C2C88F7BD3077869BC2E1F8D839274DEE,1982
"source/upstream-07ecb7cf/Mage.Sets/src/mage/cards/c/CanalMonitor.java",68BBF0648537D0559DB9B542E695918921698312012D7A963612DEC9B9739716,706
"source/upstream-07ecb7cf/Mage.Sets/src/mage/cards/c/Cancel.java",390FFE1510479E972787361411D828A0A050CD0D9BB64ED12ED5338F79A3F40C,749
"source/upstream-07ecb7cf/Mage.Sets/src/mage/cards/c/CandelabraOfTawnos.java",32C19F0D84B60A2B5EAFB5B570477283E0C49C984735A78A4764A5B27975AD06,1458
"source/upstream-07ecb7cf/Mage.Sets/src/mage/cards/c/CandlegroveWitch.java",40E722A7AB3161DDF07466D539FC06687C8F9CE581F61F16B2245F3D03D17DC9,1578
"source/upstream-07ecb7cf/Mage.Sets/src/mage/cards/c/CandlekeepInspiration.java",7AA3C1EAB0F91AB2CD393D2DE1F4C57745A423AB2E701A3D16138667A2412049,3027
"source/upstream-07ecb7cf/Mage.Sets/src/mage/cards/c/CandlekeepSage.java",D203EB566D062DA05FAC23A6AA535FF0C6970A6DA616A4F7BAA803953C90AD42,1571
"source/upstream-07ecb7cf/Mage.Sets/src/mage/cards/c/CandlelightVigil.java",1AB4596A5F670FDB40831A62A580567604CFC2078E1ADDEC38D5BD99CE6DEAF7,2086
"source/upstream-07ecb7cf/Mage.Sets/src/mage/cards/c/CandlelitCavalry.java",A9E29B53A05BD65F0285A819147EE1FB798E754922D1A93058F2EE1AF635506E,1580
"source/upstream-07ecb7cf/Mage.Sets/src/mage/cards/c/CandlesGlow.java",2CA2943037686B09D38F4D8F286CC3E16AA542EFA8902524E7166170FBAAFDF7,2732
"source/upstream-07ecb7cf/Mage.Sets/src/mage/cards/c/CandlesOfLeng.java",F7081C0794879944446D21A16BCFAB5AA3CD6F1D6D13AA37D963CFFED437BC2F,2958
"source/upstream-07ecb7cf/Mage.Sets/src/mage/cards/c/Candlestick.java",D1F9A7E0AAADF3BE9E3641C51FD5FE28F1EC2AB8736D452001A8BDCAA4AEEC0A,2099
"source/upstream-07ecb7cf/Mage.Sets/src/mage/cards/c/Candletrap.java",60D7955467F277FEEE1A706635AC323CBD7F735FFB8F393733402F9BD54E5CF0,2549
"source/upstream-07ecb7cf/Mage.Sets/src/mage/cards/c/CandyGrapple.java",D1A51B331CF0DD14D6F93508204D2D22F017651B3CCE17FCC5A1290343BBD559,1748
"source/upstream-07ecb7cf/Mage.Sets/src/mage/cards/c/CandyTrail.java",EED1559B35539BABF2375A6DD7C4106BFDE17A038CAC43DE8FB8B3D9BA1408E2,1654
"source/upstream-07ecb7cf/Mage.Sets/src/mage/cards/c/CankerAbomination.java",51C73F739B5BE9B2D4ED4B76CE30D60AF37DCC2A2095C786340BBB8AF50C36D2,3047
"source/upstream-07ecb7cf/Mage.Sets/src/mage/cards/c/Cankerbloom.java",BBD1F97CFFA359532B7952AFAAB8CEF451DD7A1A35FBD342D9BF8B7E4B4727D1,1773
"source/upstream-07ecb7cf/Mage.Sets/src/mage/cards/c/CankerousThirst.java",64156AF3CBFEBFD5599072AEC8DCC44203983193331F02C0D9FCCCA0FD69345D,4290
"source/upstream-07ecb7cf/Mage.Sets/src/mage/cards/c/Cannibalize.java",5FA0F78D2F61E42747B8F303514022199B1BBDF3A7CD20D39B4B1692E27F615D,3747
"source/upstream-07ecb7cf/Mage.Sets/src/mage/cards/c/CanonizedInBlood.java",CBFAF6668536A4C02B438CA2B430CE342B43BE7E04DEBA733E9FFDB1031F8AC8,2224
"source/upstream-07ecb7cf/Mage.Sets/src/mage/cards/c/CanoptekScarabSwarm.java",FA06AA037652DF8FE859E6A9648F6E9E53EC43F21F692CA9F24DBAE24A226EB5,2998
"source/upstream-07ecb7cf/Mage.Sets/src/mage/cards/c/CanoptekSpyder.java",E2D295208B17766522E463EE1D16D8F3613F17A08732B215915B1877E8A3520D,2005
"source/upstream-07ecb7cf/Mage.Sets/src/mage/cards/c/CanoptekTombSentinel.java",0EDDF8DC77930420409C7EA6E684928F3D677541A9044FF718468E7163BAC4C8,1677
"source/upstream-07ecb7cf/Mage.Sets/src/mage/cards/c/CanoptekWraith.java",53D8C452C94BD40411FC6C488444F13A66FA4F3EF502623062A4CA60807F687A,4853
"source/upstream-07ecb7cf/Mage.Sets/src/mage/cards/c/CanopyBaloth.java",6CB492965E55B6C0303BA5BB143C310DA516623D482AC4BF6E803F9BBC684C27,1057
"source/upstream-07ecb7cf/Mage.Sets/src/mage/cards/c/CanopyClaws.java",9F2F31B6BA5A9CF1EED340C95B8560497BC00E0EAC281B8D2675FE54F7AC5440,1218
"source/upstream-07ecb7cf/Mage.Sets/src/mage/cards/c/CanopyCover.java",3CB01E80226F049A0C26C25AF057C29525F28DAA7E694FBA924951D5C4436FDA,2695
"source/upstream-07ecb7cf/Mage.Sets/src/mage/cards/c/CanopyCrawler.java",62DF0CDA4AA8069123472B6E821B8DEB7079EA9CD9C33666B2390E650FA98D11,1798
"source/upstream-07ecb7cf/Mage.Sets/src/mage/cards/c/CanopyDragon.java",D3D9FE8B3C32104CD767ED0AC5E101ECA64FB78656DBF36541D01B3CFD274D0B,1808
"source/upstream-07ecb7cf/Mage.Sets/src/mage/cards/c/CanopyGargantuan.java",914E1DECB5620E042994C92907A6ABBED5ADD699F5CB260882F4FD95C246D6C4,2583
"source/upstream-07ecb7cf/Mage.Sets/src/mage/cards/c/CanopyGorger.java",4F36913D199AD569E4640CD90D625F7A778847E81FC5C8D80F0A32C4EA6D670F,713
"source/upstream-07ecb7cf/Mage.Sets/src/mage/cards/c/CanopySpider.java",04175022138FE02E22AAED6D3A031DC6A732198D24C2CA6B949209D85E8CD06F,807
"source/upstream-07ecb7cf/Mage.Sets/src/mage/cards/c/CanopyStalker.java",408A08B34E6B91E22E1832092D935715AB288CE045C8A0DE3E48A8D99725ED41,1713
"source/upstream-07ecb7cf/Mage.Sets/src/mage/cards/c/CanopySurge.java",953C26DDCEBE263AE3A6A884EED7901F2B2AC74DE9EC97387B0808D0BE258D7B,1478
"source/upstream-07ecb7cf/Mage.Sets/src/mage/cards/c/CanopyTactician.java",CE7C7406F5A51DB5A56D90570B99D8844305633317B506893831969E3E6F1A41,1663
"source/upstream-07ecb7cf/Mage.Sets/src/mage/cards/c/CanopyVista.java",31A92B8FE2FF61FA32F7F54B9529E33CF2B0B749BEC4B7EAB31548DA949DE770,1658
"source/upstream-07ecb7cf/Mage.Sets/src/mage/cards/c/CantankerousKeepers.java",BFCE6189E4EC237801C6DB385A1AED5CDF989D736DF1948F9350ADF2446EFE89,2367
"source/upstream-07ecb7cf/Mage.Sets/src/mage/cards/c/CantinaBand.java",CF1762F66750A48AFE8EC481D97D292A95A7249A90085270040A05931FC7B86B,1639
"source/upstream-07ecb7cf/Mage.Sets/src/mage/cards/c/Cantivore.java",65B7970159C68C32BC48E9D15AD9F6511AEA2DF7294A77AA7C92CCE980CD9A3B,1677
"source/upstream-07ecb7cf/Mage.Sets/src/mage/cards/c/CantoBightEnforcer.java",3181B0AAE077FEFD900A58288BDD22106C17D4E8441F2ECF171A25E71AC7D095,1755
"source/upstream-07ecb7cf/Mage.Sets/src/mage/cards/c/CantonicaCasino.java",ABE1ABD507E4682C2A8399CCD57411D753652131D37A365096DE504AE472597B,2182
"source/upstream-07ecb7cf/Mage.Sets/src/mage/cards/c/CantStayAway.java",CED3DEECE7101E37309C68527ACC8019BCF2F63CD1AFD8AD4BD31B8BB7A09671,4488
"source/upstream-07ecb7cf/Mage.Sets/src/mage/cards/c/CanyonCrab.java",3B3427B08F01E6F5A1613C1EEC9BC40FC48EC02BDDDD67166D31FAFE5875E53E,1694
"source/upstream-07ecb7cf/Mage.Sets/src/mage/cards/c/CanyonCrawler.java",45A784641DB4ACF96BBEAB607AE7E64522175C6191510388D2C3AB8E6564C80A,1427
"source/upstream-07ecb7cf/Mage.Sets/src/mage/cards/c/CanyonDrake.java",E47A3C10889941F6237B76F4B2A63CA5CDF85EE05A25C635416FF9D58E5869B6,1437
"source/upstream-07ecb7cf/Mage.Sets/src/mage/cards/c/CanyonJerboa.java",4D56F06F4C0FD003456075A2D7FAF012AD3CEA8237B14CF1C161ECE587CE3FBC,1072
"source/upstream-07ecb7cf/Mage.Sets/src/mage/cards/c/CanyonLurkers.java",F3FF8A4B3617FA2D152AD427A9A395A77D9315FF447AA6B2AB407AA7D0C24492,950
"source/upstream-07ecb7cf/Mage.Sets/src/mage/cards/c/CanyonMinotaur.java",B81A2A2882399837F8751FA1AA068AD7EA337C2693E11A59E25880B1898B506E,793
"source/upstream-07ecb7cf/Mage.Sets/src/mage/cards/c/CanyonSlough.java",F446EDBBEC37FDC324FBCAFACDA2148CA496FA080A40A24A2ACFCBCE8FF26BCF,1249
"source/upstream-07ecb7cf/Mage.Sets/src/mage/cards/c/CanyonVaulter.java",B6458746466DB07F17842C2FAEB0EEF3FF50D13D6160762DA181C2DFF788DB30,1432
"source/upstream-07ecb7cf/Mage.Sets/src/mage/cards/c/CanyonWildcat.java",C01BE17C7615B396625D684DE0E5D8A1CA999A01E2DCFBE0824E5F3AFA5B4E58,816
"source/upstream-07ecb7cf/Mage.Sets/src/mage/cards/c/CaoCaoLordOfWei.java",078DF71A1FA0FBF9C380FC8020E59963DBA788DA92D149EB48A9731ED33094D4,1595
"source/upstream-07ecb7cf/Mage.Sets/src/mage/cards/c/CaoRenWeiCommander.java",90CDE2245CBB5ABEEB689BDAB11A73DA775D9E56555E9DDE356F8483319E338C,1368
"source/upstream-07ecb7cf/Mage.Sets/src/mage/cards/c/CaparoctiSunborn.java",4CE70A85C76677791FFA9F43F780EDF667AF55E29C6F3711089076DAB62B7067,2022
"source/upstream-07ecb7cf/Mage.Sets/src/mage/cards/c/CapashenKnight.java",41120A36BBAA5473BC47D6D282693E8D923526B25EBCF188BDE699C38F55D97A,1301
"source/upstream-07ecb7cf/Mage.Sets/src/mage/cards/c/CapashenStandard.java",A8350B641302F05F707DF9A9AB018574D01E92E405785E344A07190ADE2BCFA4,2021
"source/upstream-07ecb7cf/Mage.Sets/src/mage/cards/c/CapashenTemplar.java",3D6030286C449B8A0BA111BA2AECB00E404B5AA56608B9E8CBEFB0A0ED975208,1193
"source/upstream-07ecb7cf/Mage.Sets/src/mage/cards/c/CapashenUnicorn.java",4D51F54A270431FBD7A25907F167DF710ACAD5169B0FAE3B45E512297313AC7B,1569
"source/upstream-07ecb7cf/Mage.Sets/src/mage/cards/c/CapennaExpress.java",E51F3E60E9FC0DB78050AEEC91AA6ED6840DB850F5830624FC6CA6C0F7CCA662,1584
"source/upstream-07ecb7cf/Mage.Sets/src/mage/cards/c/CapitalCity.java",DCFA4CE2A7132BDDCA7C7F148F9F2BB35DD864D61FA6B820240C1DC3E7668370,1298
"source/upstream-07ecb7cf/Mage.Sets/src/mage/cards/c/CapitalGuard.java",D10F926459FB15B87C543AA91FFEA79AA61BEFA7DB355A000D1E4DD204167F22,755
"source/upstream-07ecb7cf/Mage.Sets/src/mage/cards/c/CapitalOffense.java",C52D79135788D19921592C0CAAC66935B28F166D8D1FDE295A9C89FE89CA8909,3324
"source/upstream-07ecb7cf/Mage.Sets/src/mage/cards/c/CapitalPunishment.java",115AD9B5D6036838041ADA1691E15834C915973521D5F760AB07AB831AF7CB8F,2780
"source/upstream-07ecb7cf/Mage.Sets/src/mage/cards/c/Caprichrome.java",4EB2117CFCAB6F13AF78F31DA879C3435E7049AC8219225515BBDC6360C2B334,1295
"source/upstream-07ecb7cf/Mage.Sets/src/mage/cards/c/CapriciousEfreet.java",6CE3ABFAB8A49C17E246CF04BF456449E01F2B5895876AB1E2F4A5BA81214295,3392
"source/upstream-07ecb7cf/Mage.Sets/src/mage/cards/c/CapriciousHellraiser.java",4C51F8B584BE5560E0F89E9BAD879918FD4046EF13205F57436985F187825977,4596
"source/upstream-07ecb7cf/Mage.Sets/src/mage/cards/c/CapriciousSliver.java",5851B84C7F553BD9D899C16CE9586A62A9D3A2D4A3F1D660264F1CDECDD2BB93,1702
"source/upstream-07ecb7cf/Mage.Sets/src/mage/cards/c/CapriciousSorcerer.java",6BE3EC866DA9D711EBB558F9FA67B7A9121622925DEFAC5C3222CD4F7B68D158,1594
"source/upstream-07ecb7cf/Mage.Sets/src/mage/cards/c/Capricopian.java",4680D6BC49D2BF7FCC71521452E1BE7ACC13975A6EC5ADC53562330397714EEB,4682
"source/upstream-07ecb7cf/Mage.Sets/src/mage/cards/c/Capsize.java",38A7F047ECFBDC2A8EB61316362BF1699ACF5A9FF101106C7240FD3692B88632,942
"source/upstream-07ecb7cf/Mage.Sets/src/mage/cards/c/CaptainAmericaFirstAvenger.java",72F197FEA3AE6719B3A3A51FE95FFE4172381BDB4C63EC097EE73B796E1D1071,6828
"source/upstream-07ecb7cf/Mage.Sets/src/mage/cards/c/CaptainAmericaLiberator.java",B05635723F752E2752100D00E24384E9A3A538667954B58B47FD1634124C9E64,2494
"source/upstream-07ecb7cf/Mage.Sets/src/mage/cards/c/CaptainAmericaLivingLegend.java",7820B996CDCBD92DCF44512508C955F77A0C1969647DBD7066E70C28AC0DBBE4,4658
"source/upstream-07ecb7cf/Mage.Sets/src/mage/cards/c/CaptainAmericaSkybound.java",661BF8BA22450AC2B6D316452B9F5CB8CCCE642390568902E0CF985E9267F971,2229
"source/upstream-07ecb7cf/Mage.Sets/src/mage/cards/c/CaptainAmericasMotorcycle.java",007B43CA4B63DD85902CD963B0D368A66E9AC078AF7D908ABF001ABE260A5EFA,1565
"source/upstream-07ecb7cf/Mage.Sets/src/mage/cards/c/CaptainAmericasShield.java",EC3A977D4F46BCD862FB80530FEC0112B40578EF6F08DA7CFE7BD35241E187CD,2461
"source/upstream-07ecb7cf/Mage.Sets/src/mage/cards/c/CaptainAmericaSteveRogers.java",8BB7792FEC23EB48592C7EEC365E9CCFA1A4C88F040F1DB2D7F7F368F69319FC,2052
"source/upstream-07ecb7cf/Mage.Sets/src/mage/cards/c/CaptainAmericaSuperSoldier.java",71D8D506CC1ABBB92A627ACBC4F32B886020808532B3C733E298A0FF1A76DB20,2720
"source/upstream-07ecb7cf/Mage.Sets/src/mage/cards/c/CaptainAmericaTeamLeader.java",88B6A050F794791A236EFA9EC6C79A45FBE54BD0EDC1E204291377C9FFE026CE,2693
"source/upstream-07ecb7cf/Mage.Sets/src/mage/cards/c/CaptainAmericaUnbowed.java",9AE6C0300EFC76F0E90B3FBABC54312BF2E91E1FB6BD59D94C8213EBB4781279,1961
"source/upstream-07ecb7cf/Mage.Sets/src/mage/cards/c/CaptainAmericaWingsOfFreedom.java",EB3E6CAD8313161374140F532CCF7BA033A9D0F24E4E18FE8933FAB24CE21A2C,2350
"source/upstream-07ecb7cf/Mage.Sets/src/mage/cards/c/CaptainHowlerSeaScourge.java",E360A5DE11EABD51C206912086D493766E30088FB321A4958816DE605D6BC13F,2955
"source/upstream-07ecb7cf/Mage.Sets/src/mage/cards/c/CaptainJamesTKirk.java",11ADBD05BA188DB6A84D45B68E00FAFF986FC18AA054C214342DCE738AB76CB6,2284
"source/upstream-07ecb7cf/Mage.Sets/src/mage/cards/c/CaptainKathrynJaneway.java",CC8F1C6654A8470A49C2FA6658587494AC4556EEB8E6E266CA0067AFCF07AEB7,1843
"source/upstream-07ecb7cf/Mage.Sets/src/mage/cards/c/CaptainLanneryStorm.java",68F0D106B97F2569753B0644247A9C9FA22CDF9717E8B3AC3B9AB3C3C5767747,2105
"source/upstream-07ecb7cf/Mage.Sets/src/mage/cards/c/CaptainMarvelApexAvenger.java",2CE55563F0EEDBBDD5863EB5E9A2287786E9C9B1DB7D480B635B72FA0D9A2421,4483
"source/upstream-07ecb7cf/Mage.Sets/src/mage/cards/c/CaptainMarvelEarthsProtector.java",76AA37A26730D8D81D84218C34F8493A3AD60BC37B8DE3F8CE2A4219C98C9266,2067
"source/upstream-07ecb7cf/Mage.Sets/src/mage/cards/c/CaptainMarVellSpaceBorn.java",150F711365C0013683F6D8E7D2F5E011443BD8A1FBB05330A205B43401D2A4A7,2810
"source/upstream-07ecb7cf/Mage.Sets/src/mage/cards/c/CaptainMarvelShootingStar.java",0198E31329149E2EB215CF599937AFA45F75814CB55605AA6E9E7E1112EBA38A,3903
"source/upstream-07ecb7cf/Mage.Sets/src/mage/cards/c/CaptainNghathrod.java",1A06A866583C8C8B96B1D97447293FF598425A6D6905B3753CAA460A957B667F,4513
"source/upstream-07ecb7cf/Mage.Sets/src/mage/cards/c/CaptainOfTheMists.java",05CD008BC81443CDC2E336CB4011EA7D3289FD4E850BDF2E3D037AD2C5C103E5,2087
"source/upstream-07ecb7cf/Mage.Sets/src/mage/cards/c/CaptainOfTheWatch.java",379E3D5288CB46D0F651A7718DC52229C0E95BF09BB3B508BF9A8E5AB94F8C8C,2236
"source/upstream-07ecb7cf/Mage.Sets/src/mage/cards/c/CaptainOfUmbar.java",75FD33E69F10F3D9000AEEC95E5642F9F9DF1D5A025DFFB6F04DE38560F1A02E,1295
"source/upstream-07ecb7cf/Mage.Sets/src/mage/cards/c/CaptainPhasma.java",8761500D50BCABB7B671A6FEC480A20D4BE0438D0BED807A93BE1862C292135F,2646
"source/upstream-07ecb7cf/Mage.Sets/src/mage/cards/c/CaptainRipleyVance.java",7668E6AB2AFA4AC79BFE85403E3DA773F4AA3634EB0E8E389D4D7652A579578D,2858
"source/upstream-07ecb7cf/Mage.Sets/src/mage/cards/c/CaptainsCall.java",8C6000819AF941148C62FBC3B7A0F4062E07E75E0DDEDAD601F5CFA05BC4B862,785
"source/upstream-07ecb7cf/Mage.Sets/src/mage/cards/c/CaptainsClaws.java",DE5914140E0051BABED92B95CFECEC89CE225B88D2328675941EB821A6CAFFCC,1527
"source/upstream-07ecb7cf/Mage.Sets/src/mage/cards/c/CaptainsDefense.java",64BFC0D7AD1B3B0BB31CB12D4DB61D59CB5A0241E7862D6B8138FE75D4106CE2,1264
"source/upstream-07ecb7cf/Mage.Sets/src/mage/cards/c/CaptainsHook.java",77EF4B2D4FA9B4D2CAFBD9C5E6EA41E599C4595C6C134058E7BEF1741DE22A82,2336
"source/upstream-07ecb7cf/Mage.Sets/src/mage/cards/c/CaptainSisay.java",B5ADC57FAD81EE8AEF6F3E4B351DACC7277C61E41260B9F8AF8892F3194F13C3,1571
"source/upstream-07ecb7cf/Mage.Sets/src/mage/cards/c/CaptainsManeuver.java",047766D8D53FDEA6043C383B3013AB7D5E65E675103FB91AFA1C48AB4A998FE4,3587
"source/upstream-07ecb7cf/Mage.Sets/src/mage/cards/c/CaptainStormCosmiumRaider.java",962DC3BD3AF7BBBE898C9F8FE82655B9AFCB3C953AEE5FD347A124393A541AC5,1790
"source/upstream-07ecb7cf/Mage.Sets/src/mage/cards/c/CaptainsTutelage.java",EE566EC655B318FD32D4BF9052B1BF153AD7D5E10FCFDCAAEF21F33C0A7B5475,2044
"source/upstream-07ecb7cf/Mage.Sets/src/mage/cards/c/CaptainVargusWrath.java",55F8B871505B575EBB7FD575653C7D76403D0C50222A79F7F9A1FACA5BBD758A,2976
"source/upstream-07ecb7cf/Mage.Sets/src/mage/cards/c/CaptivatingCave.java",7EB8DB6C80EA6883BE0E829CF241AD8B25BE8D1AD94E3699EE87E3F95E5F55D7,1889
"source/upstream-07ecb7cf/Mage.Sets/src/mage/cards/c/CaptivatingCrew.java",ED200B61B1C4FCE7F526698356AD222B6AD307D0D0AFF15DC9301C79C0EF7BE7,2279
"source/upstream-07ecb7cf/Mage.Sets/src/mage/cards/c/CaptivatingGlance.java",3198AE61D5E94F6D8F829CDD6BDAC6B753A62083BAFD7D140F302AD3AE21C3AD,3830
"source/upstream-07ecb7cf/Mage.Sets/src/mage/cards/c/CaptivatingGyre.java",30EBEEE78FD97523CF3F2FA17E8D0650FE7E2BD2B5B9811276335E89CE8FA9E7,897
"source/upstream-07ecb7cf/Mage.Sets/src/mage/cards/c/CaptivatingUnicorn.java",41209CCF1D524D3831B726BC7CE9FF1C60490203D7C9CAFD8816FD68DB6A5F4A,1257
"source/upstream-07ecb7cf/Mage.Sets/src/mage/cards/c/CaptivatingVampire.java",2EA64A0166122B681056FFBAA7CC86346142AC7A34ABDA7EA953047ECC719CD1,3825
"source/upstream-07ecb7cf/Mage.Sets/src/mage/cards/c/CaptiveAudience.java",DA7A35F542C026D6A3A2FF4A555A098EAA46B4AD7CB20A9A9D213E244C6A9747,2301
"source/upstream-07ecb7cf/Mage.Sets/src/mage/cards/c/CaptiveFlame.java",3F84A3C7F6C7DAA31025AE926D5938B57EDE241C0DD34799F4D9D685BC223D8D,1191
"source/upstream-07ecb7cf/Mage.Sets/src/mage/cards/c/CaptiveWeird.java",8D717F6B5FC03FEEBCFCDBF4AC1895569412210C894512D2978978E181370102,2019
"source/upstream-07ecb7cf/Mage.Sets/src/mage/cards/c/Capture.java",9795B290548F063431CA71825D17D7503A35ECAC6118E9849C3FE69B90E29541,1854
"source/upstream-07ecb7cf/Mage.Sets/src/mage/cards/c/CapturedByLagacs.java",BCC3BD21322445478983D28A8027B07E6EFF83186E3B253279967AB0BDFED50E,1715
"source/upstream-07ecb7cf/Mage.Sets/src/mage/cards/c/CapturedByTheConsulate.java",E0853E829C0A2D97AD7524C456F5C406BC1CBC0C0970A9FBEAE679E6ABB4927A,5721
"source/upstream-07ecb7cf/Mage.Sets/src/mage/cards/c/CapturedSunlight.java",812AD1AC718C7A46C9408F7E76A50944308E510CEA8F122D8CD8EB8AFFC42DAE,777
"source/upstream-07ecb7cf/Mage.Sets/src/mage/cards/c/CaptureOfJingzhou.java",DCE8B738880665367553CB2560FE89334483F76426CE94A9A5CDE169FA650D56,768
"source/upstream-07ecb7cf/Mage.Sets/src/mage/cards/c/CaptureSphere.java",62B67A4DA0BC6CAF1CAADD3A2A5C915FA74C385AFCDB9EA4BA392512C699D125,1949
"source/upstream-07ecb7cf/Mage.Sets/src/mage/cards/c/CaradoraHeartOfAlacria.java",055FE29793347A5F6FB81A1A338BE7FF2AD10B02BB3C25F7F166F0FE09C7B599,2216
"source/upstream-07ecb7cf/Mage.Sets/src/mage/cards/c/Carapace.java",F198F5DACEC95FFBE3C6F7076C77BC0847F58224D66A6FEAEEF46351BC473099,1726
"source/upstream-07ecb7cf/Mage.Sets/src/mage/cards/c/CarapaceForger.java",2D393D140EF9B315890DFAD20BD1978A932EB056F8DC877DAF129BD5B880AB9F,1493
"source/upstream-07ecb7cf/Mage.Sets/src/mage/cards/c/CaravanEscort.java",E6208533A4E8416382F2D97C9B60C1C7F253A58BA2983204E2F06DDC94AC361B,1504
"source/upstream-07ecb7cf/Mage.Sets/src/mage/cards/c/CaravanHurda.java",E90A8CE9EEBB476DBC21F212D4C1F9974B5F8C14A18ABA66E9DAD6B2DFF4F406,812
"source/upstream-07ecb7cf/Mage.Sets/src/mage/cards/c/CaravanVigil.java",70E91ACF2B8673E7B00F83D3BD3E057E1FCCF09638D805FACEC3710E1474BA0D,3139
"source/upstream-07ecb7cf/Mage.Sets/src/mage/cards/c/CarboniteChamber.java",009C7ED896CC3C9150C0BA672A07BC87E16AAD616A87F6D2AA85B2ADE7C75D45,2254
"source/upstream-07ecb7cf/Mage.Sets/src/mage/cards/c/Carbonize.java",CF86DEB916012FC8D6BB74543035BBD7533447AEFF9B4B109E4AE34ECCA19896,2451
"source/upstream-07ecb7cf/Mage.Sets/src/mage/cards/c/CareeningMineCart.java",AC7735CF15281B41DBC4306CFA935385BB4F4D2FBE3D7D94D334D7422B2BCB6A,1179
"source/upstream-07ecb7cf/Mage.Sets/src/mage/cards/c/CarefreeSwinemaster.java",B13CAAAAE2D8158619FC89E7FE8B94F9C6E6A02F32C2764D178A04FEE1E6F5E6,1385
"source/upstream-07ecb7cf/Mage.Sets/src/mage/cards/c/CarefulConsideration.java",631CD970B19EF8D97437DE8D4724139529A4DBCADD07EE6461D18B6FFDB28336,1447
"source/upstream-07ecb7cf/Mage.Sets/src/mage/cards/c/CarefulCultivation.java",204DCCB447C0FFA08F5BB26D90B11132EBFB870088C610F5616F361864231ABB,3019
"source/upstream-07ecb7cf/Mage.Sets/src/mage/cards/c/CarefulStudy.java",AC6639247F8BC2DEFD612460F8D8DD85181CC2B0E3402CD3078C69EBFB90F1F1,744
"source/upstream-07ecb7cf/Mage.Sets/src/mage/cards/c/Caregiver.java",31FDCBA18B6CCC3A7F658143D09866DB5561BF2CA85A9F4D7741880882E8A553,1663
"source/upstream-07ecb7cf/Mage.Sets/src/mage/cards/c/CarelessCelebrant.java",85FFC232DB620EC4105F19CD8BF1F9237FE5156FCFD2B06F21AB6E77748AF541,1754
"source/upstream-07ecb7cf/Mage.Sets/src/mage/cards/c/CaressOfPhyrexia.java",E82A7251C41DEBAE5661607C86C06C09A8F6100F161A0571683974019D397959,1142
"source/upstream-07ecb7cf/Mage.Sets/src/mage/cards/c/CaretakersTalent.java",913DC5D9A4EF1B373BAC778F243826471A1F3E7E024851B4EE9968D96809D5E5,2919
"source/upstream-07ecb7cf/Mage.Sets/src/mage/cards/c/CargoShip.java",67A5431509CA96C8389798F8AA795280306F174299209D95FAD799DBBCFF023D,2357
"source/upstream-07ecb7cf/Mage.Sets/src/mage/cards/c/CaribouRange.java",4924263FEE69F114E75CE780D45F3FFDFD21490435D49452AB0EF8482E371BDE,2686
"source/upstream-07ecb7cf/Mage.Sets/src/mage/cards/c/CarmenCruelSkymarcher.java",BF7537802F04073C2B0FE7B0CE832D1FFCBB20B18D4439D036DBCE12778607C0,2736
"source/upstream-07ecb7cf/Mage.Sets/src/mage/cards/c/CarnageAltar.java",2EC05287153C011511D9060372F8DC39EA6AB7B90270A8D7F1796B20FD83E33C,1145
"source/upstream-07ecb7cf/Mage.Sets/src/mage/cards/c/CarnageCrimsonChaos.java",4DC1139C7271EBECAFEFB7B4EF13894A655FE2E77DC0BDC51F721F525D73E238,4474
"source/upstream-07ecb7cf/Mage.Sets/src/mage/cards/c/CarnageGladiator.java",B92F408CEA9643C9A8D3ECE20AAA5CAD50285366511BCBA5331D5496454C1DD4,2603
"source/upstream-07ecb7cf/Mage.Sets/src/mage/cards/c/CarnageInterpreter.java",2CB1D3B2252238713543C03A2B6F608ED0B633BBAE5F8A35CF88C7E604E38C9D,2341
"source/upstream-07ecb7cf/Mage.Sets/src/mage/cards/c/CarnageTyrant.java",1E70F721BEBBAA435B50B31138D82A77D642C5550F288DD5656ADE1A1637FBE6,1156
"source/upstream-07ecb7cf/Mage.Sets/src/mage/cards/c/CarnageWurm.java",B590B75FE6E8440F0B7AE9FE69925BE6F1A52791A612C208230C905289D49B12,905
"source/upstream-07ecb7cf/Mage.Sets/src/mage/cards/c/Carnassid.java",CC63612030811049A696C420F3EA3F42F306DC5121B8FE3B76513790E2989895,1162
"source/upstream-07ecb7cf/Mage.Sets/src/mage/cards/c/CarnelianOrbOfDragonkind.java",6F0B7EE6AB6257B9A96F84EF988975638699C080F88523B0AA50E101246D911C,1723
"source/upstream-07ecb7cf/Mage.Sets/src/mage/cards/c/CarnifexDemon.java",07866C1D58EB11FBBB4B6A2AF609FDF800FC1436E3A8BB59294A363EDCA51611,1979
"source/upstream-07ecb7cf/Mage.Sets/src/mage/cards/c/CarnivalCarnage.java",1C16F0A82C1EE3395755E727C15C7C84865437AFC2A708560CE84F15FC3E1C9C,1742
"source/upstream-07ecb7cf/Mage.Sets/src/mage/cards/c/CarnivalHellsteed.java",3C34BD87B16F5726B64694879E5196ED381DF9AB834D4731112DFE25BF1325C1,1309
"source/upstream-07ecb7cf/Mage.Sets/src/mage/cards/c/CarnivalOfSouls.java",04F94EF9493F911D9F1CEF59BE37A726500FCA0F253F9D913CD02DD127BF401D,1466
"source/upstream-07ecb7cf/Mage.Sets/src/mage/cards/c/CarnivorousCanopy.java",F053A052917E52FC8C30A8FA790FD14E83E9D5DF703A2964BAAE79AB9F58ECC0,2564
"source/upstream-07ecb7cf/Mage.Sets/src/mage/cards/c/CarnivorousMossBeast.java",A8AE4BB2B11C9D86D85220D240440D38CF7660365DA79CE1AB63A003F108F044,1301
"source/upstream-07ecb7cf/Mage.Sets/src/mage/cards/c/CarnivorousPlant.java",70F05900740690366B337603E5147B20B273A36817979F3A00BEB4AF99E5CA54,896
"source/upstream-07ecb7cf/Mage.Sets/src/mage/cards/c/Carnophage.java",07414449E6DFA3DA3226C45DD70E551B5CB222CB1CF5755C95D4B2D6D298718F,1072
"source/upstream-07ecb7cf/Mage.Sets/src/mage/cards/c/Carom.java",ABB2BCADE9F843DE62A12F93A2E120D62A0EAC30C2B39085C4016278BD2E8BDE,2806
"source/upstream-07ecb7cf/Mage.Sets/src/mage/cards/c/CarpetOfFlowers.java",33E924F2BBB9243367FA5F51DE5EE5A4E76EC02C2E42B8E8BBC061B861F89F9D,5584
"source/upstream-07ecb7cf/Mage.Sets/src/mage/cards/c/CarrierPigeons.java",5F5C2E6FB83FD530A5E7780FB0DFBFFAAC185F7D28EDB4C6C08CACE5DC144FFE,1595
"source/upstream-07ecb7cf/Mage.Sets/src/mage/cards/c/CarrierThrall.java",3BBDEDAA61047D876B315BF47B7A3133B36B315BD68F7BE921BEF5CF53DCCD24,1224
"source/upstream-07ecb7cf/Mage.Sets/src/mage/cards/c/Carrion.java",CCBF492B6D41EFB71D5D98E61605D7DEBE3111449BC7488EAC45E45E6391B64B,1281
"source/upstream-07ecb7cf/Mage.Sets/src/mage/cards/c/CarrionAnts.java",BBC2C10FD0374A4F1DC1D42CA126CD954348708B3F93F2B9764E37BD2E309BBB,1140
"source/upstream-07ecb7cf/Mage.Sets/src/mage/cards/c/CarrionBeetles.java",646D2CF415C7B2FDA16CB5795CC845C6BDD73D14FCF9D2FFD3C541A8365FFA28,1448
"source/upstream-07ecb7cf/Mage.Sets/src/mage/cards/c/CarrionCall.java",9ADF114D894599C1803482E47A230D028E8FB78651141DFAD1E7335097723F33,911
"source/upstream-07ecb7cf/Mage.Sets/src/mage/cards/c/CarrionCrow.java",EC14D41B1C2E142E6A7108B3665E3845726D0744428C96D2D9AED7417C59FEC8,1054
"source/upstream-07ecb7cf/Mage.Sets/src/mage/cards/c/CarrionCruiser.java",54B9BDE45270A6D418B39FDA75093BBBCA71263D7A61A469050D4E677B098A09,1837
"source/upstream-07ecb7cf/Mage.Sets/src/mage/cards/c/Carrionette.java",084BAEF3418AAD4BCEA2BD0842A385DE210A290834DFEE08899DE4106C45D615,1861
"source/upstream-07ecb7cf/Mage.Sets/src/mage/cards/c/CarrionFeeder.java",C9585FC25AA7932A36DEA5CABCD593D5A66794B0D3B60E06F65C3DF238FC565D,1477
"source/upstream-07ecb7cf/Mage.Sets/src/mage/cards/c/CarrionGrub.java",231CDC13693FBEBA88F18AF040F78B5A90448D46ACB1DEF5C089DA974D9B2980,2621
"source/upstream-07ecb7cf/Mage.Sets/src/mage/cards/c/CarrionHowler.java",28107FAD22004BE8379CD44A1FEF43F444CA5551561E5A816E06308F6BC94EF6,1174
"source/upstream-07ecb7cf/Mage.Sets/src/mage/cards/c/CarrionImp.java",9DD966765E1CD6E9C38AD91DFF67D6C16BEDF6DA7651E0D1386F0F61DB061B3A,1542
"source/upstream-07ecb7cf/Mage.Sets/src/mage/cards/c/CarrionLocust.java",557BAD25E86E67DF47FF986974089733431D400F1A77E53F14313DECC7F1408E,2814
"source/upstream-07ecb7cf/Mage.Sets/src/mage/cards/c/CarrionRats.java",DFFFE2838BEDD277E6A5FD4C7F57DE8ABD581989C3ECAD05AA182F104780A09D,3190
"source/upstream-07ecb7cf/Mage.Sets/src/mage/cards/c/CarrionScreecher.java",852E85CCAEF3D2B651E36E31B2AFD7C1011CCB28CC16EDF309098C10592B5A9C,907
"source/upstream-07ecb7cf/Mage.Sets/src/mage/cards/c/CarrionThrash.java",12E63D1FDF77D2A38E8C9022A0B1B0402DA0FBFD9862E9E48F97DC6BB2F695B7,1759
"source/upstream-07ecb7cf/Mage.Sets/src/mage/cards/c/CarrionWall.java",E3A2E2E90A1C0DC82119AE888966C725E29805B66B66458FDCF1C7C9BB3C9CE6,1178
"source/upstream-07ecb7cf/Mage.Sets/src/mage/cards/c/CarrionWurm.java",F6E0ABDD4ABF6C9AB800CA7D09D5328B479C59F36F5CEDF6045F09DE18B2BC82,3234
"source/upstream-07ecb7cf/Mage.Sets/src/mage/cards/c/CarrotCake.java",B402900232AAC13A02FD7815A94D613217CA3288AA805E2C2917B1B497C6DD16,1671
"source/upstream-07ecb7cf/Mage.Sets/src/mage/cards/c/CarryAway.java",3DB6707B5FC91965D85201C94275C63D48AE07D7D86CE2922F592D0BA2F9F257,2733
"source/upstream-07ecb7cf/Mage.Sets/src/mage/cards/c/CartelAristocrat.java",5F7AD16CE53367BFD0D35D88D14A4E4F3FD2A2A648DC615D719BE5B143A3A0DC,1560
"source/upstream-07ecb7cf/Mage.Sets/src/mage/cards/c/CarthTheLion.java",0FEBAAD807E9737CD6A25784D7766AEBF7458218907FAC33778A41EC029F05EA,4560
"source/upstream-07ecb7cf/Mage.Sets/src/mage/cards/c/Cartographer.java",6BF189625212404BF88CAC04A88119A721DC4A0642496A298FDA89548A5D9705,1325
"source/upstream-07ecb7cf/Mage.Sets/src/mage/cards/c/CartographersCompanion.java",21B01B2038A6543188D19B5D38F8B89C8AC9D04E307EA41236869F539B4379C5,1140
"source/upstream-07ecb7cf/Mage.Sets/src/mage/cards/c/CartographersHawk.java",40CA20EF554C0A5F063D0E10CB156A45AC0FF2548BF2556C8570634B815C2728,4157
"source/upstream-07ecb7cf/Mage.Sets/src/mage/cards/c/CartographersSurvey.java",56680D60F8C8E058A3221690C0C7AF76C261A450EA1CD8A3A3067839638BFEF9,1112
"source/upstream-07ecb7cf/Mage.Sets/src/mage/cards/c/CartoucheOfAmbition.java",07C8D78ECB0A03B4D58B0CB01AD5D738B7E2C300D6754A3A399A0DBED3D0A436,2428
"source/upstream-07ecb7cf/Mage.Sets/src/mage/cards/c/CartoucheOfKnowledge.java",A8CCC210136B6C6207FA0F8F30AD7230706BD2F0BE6EBB9A9033557B147D89B1,2190
"source/upstream-07ecb7cf/Mage.Sets/src/mage/cards/c/CartoucheOfSolidarity.java",E5821A8103D48E93F764623660C4D439C42FE6190D24F471281F688704E0F672,2315
"source/upstream-07ecb7cf/Mage.Sets/src/mage/cards/c/CartoucheOfStrength.java",6092203318CDBB158FB8B19F03014B277683107AC3B32384186F1B4B41479959,2487
"source/upstream-07ecb7cf/Mage.Sets/src/mage/cards/c/CartoucheOfZeal.java",24F18BD83FDB09D9A70CE7AC8F942504C45A5995173EF2D72BEC13BA2EB665BB,2315
"source/upstream-07ecb7cf/Mage.Sets/src/mage/cards/c/CarvenCaryatid.java",C1C350DE9F8A3C0C9972FB2173AAEF7CEC23D0B79DCE05EA7F776E267ADD5371,1139
"source/upstream-07ecb7cf/Mage.Sets/src/mage/cards/c/CasalLurkwoodPathfinder.java",341FE7F93B0D63A7C8541B1B088562D706EED56BA486B5E25C85DEB1A301743D,4145
"source/upstream-07ecb7cf/Mage.Sets/src/mage/cards/c/CascadeBluffs.java",4939B82DEE4800B3FEE3763074BA9BC3C4BDFD3ED2E66EE4A8F0D44210389A2D,1520
"source/upstream-07ecb7cf/Mage.Sets/src/mage/cards/c/CascadeSeer.java",74918F6CC7F1371F1CF0B8CA2AC3D4739E0E894A0C356D0DBA446CE745A3B5B4,1373
"source/upstream-07ecb7cf/Mage.Sets/src/mage/cards/c/CascadingCataracts.java",10FDC06E27E55111BDE3410AEA966BB33987377E80E057BD2D48DCA58185678A,1383
"source/upstream-07ecb7cf/Mage.Sets/src/mage/cards/c/CaseFileAuditor.java",5DBAC42B9444BC2836AB96E9C01A7708B15B49DF2E1F6910ED501403971A5674,4530
"source/upstream-07ecb7cf/Mage.Sets/src/mage/cards/c/CaseOfTheBurningMasks.java",FF0E973B10C54690326F1BC7D0D6CEF0055ECEA82B2CABC29196338CF0C75850,4961
"source/upstream-07ecb7cf/Mage.Sets/src/mage/cards/c/CaseOfTheCrimsonPulse.java",3F83C4CBD0C24C419792E69B6744638C25D31A0137B6527249FA9776C343B1CD,3149
"source/upstream-07ecb7cf/Mage.Sets/src/mage/cards/c/CaseOfTheFilchedFalcon.java",07D5FB1FB6BC2572856CA8DCAC46A238D986C5F63672D5C575BDB1D26D6F98AC,4097
"source/upstream-07ecb7cf/Mage.Sets/src/mage/cards/c/CaseOfTheGatewayExpress.java",A1013E669B5B8163F848C3E8519568D3B68E1544BCC5B8ADB7AF921D5F58F3D2,4974
"source/upstream-07ecb7cf/Mage.Sets/src/mage/cards/c/CaseOfTheGorgonsKiss.java",7F27E1FE2CC5F1BD36E3458719C7ADCE0922D763002A2771EDD3ADED95D70B05,4871
"source/upstream-07ecb7cf/Mage.Sets/src/mage/cards/c/CaseOfTheLockedHothouse.java",8298FB5BAC37F7A36C6E9CF7738BAA2A72EC27F1CFB2DC192F77A758B97F1BC4,4403
"source/upstream-07ecb7cf/Mage.Sets/src/mage/cards/c/CaseOfThePilferedProof.java",32973A8E1E819C45C8774A072160247274FECD0A3FDEAF4ACFB3BFC253F17963,6640
"source/upstream-07ecb7cf/Mage.Sets/src/mage/cards/c/CaseOfTheRansackedLab.java",514EAACA6F2B9714C6561E1549B895C5C3228F40F5DCF0F42645D355DBF4D300,4755
"source/upstream-07ecb7cf/Mage.Sets/src/mage/cards/c/CaseOfTheShatteredPact.java",023DE090C40AE2618BCF8F19894C53EDDB4A4BFAADFBDD4C126CE585047F9050,3288
"source/upstream-07ecb7cf/Mage.Sets/src/mage/cards/c/CaseOfTheShiftingVisage.java",517D6FC80A8699A52C1402259B332573FE75C3F8B7900F7EA136A95A25710E61,3389
"source/upstream-07ecb7cf/Mage.Sets/src/mage/cards/c/CaseOfTheStashedSkeleton.java",E0587D2A10E6DA3DBF2BD0C2BA84F3FC0929C6D3DAFD214342F2DDF5AF723992,4774
"source/upstream-07ecb7cf/Mage.Sets/src/mage/cards/c/CaseOfTheTrampledGarden.java",0C2C6AE345C289344B92F192B841706A55066A3545E14F94A1BB693555A65EDC,3687
"source/upstream-07ecb7cf/Mage.Sets/src/mage/cards/c/CaseOfTheUneatenFeast.java",92CC58E683638854B3A97C884E71D8872D1C593A3547FCBDCD93174880A323A8,5342
"source/upstream-07ecb7cf/Mage.Sets/src/mage/cards/c/CaseTheJoint.java",73902D23A3EF8FEC9975206EE4422D275F868351AFC5C99000AC46AD6B4620BC,2171
"source/upstream-07ecb7cf/Mage.Sets/src/mage/cards/c/CaseyJonesAsphaltHooligan.java",4A78F058E48FAF4B242B9AB9271F2977DDE6617ADB80005C8A9BCA4EA1F7489E,2039
"source/upstream-07ecb7cf/Mage.Sets/src/mage/cards/c/CaseyJonesBackAlleyBrute.java",6F3064E75DE1E27E22E20B8D9C9250D135B91E354FA2F0B462E03654656629CF,2410
"source/upstream-07ecb7cf/Mage.Sets/src/mage/cards/c/CaseyJonesJuryRigJusticiar.java",A207770E72E28D369C4110434F3EFD7088C4640CB9BC3D0E393D6D762CDF4C47,1673
"source/upstream-07ecb7cf/Mage.Sets/src/mage/cards/c/CaseyJonesVigilante.java",9E087D5FA4116375B642597990AFC56670FA0CB4800AA9DD89475B7C06D7E40C,1718
"source/upstream-07ecb7cf/Mage.Sets/src/mage/cards/c/CassHandOfVengeance.java",545CD45FF9CB33F201C13B3DB455291EFD9527165C03D5CC55C5CD006BF6BBF4,7845
"source/upstream-07ecb7cf/Mage.Sets/src/mage/cards/c/CastawaysDespair.java",D28EDA9B7F2AE50B30B6358C7BAC89BD2351CD53E60B68D12420074E21DDEB73,1857
"source/upstream-07ecb7cf/Mage.Sets/src/mage/cards/c/CastDown.java",4B380F55194463089B3DD4AD1494D16898C42F48735EADE0B7A786F4E1CE00FC,1144
"source/upstream-07ecb7cf/Mage.Sets/src/mage/cards/c/Castigate.java",F77093A9CBB3CF399252FAB8771FBF51250A51308DB2CFB35EC70CDFD772CA3A,971
"source/upstream-07ecb7cf/Mage.Sets/src/mage/cards/c/CastingOfBones.java",8F45E2367A550B75A3F9F56161FB9569779570AD4BE6502C080BB95E41F9AEF5,1518
"source/upstream-07ecb7cf/Mage.Sets/src/mage/cards/c/CastIntoDarkness.java",F03A6DB334FF10FBA8B6A6AC59A63B6CEDEC6A25965C23DADC2B1D3E9057C3D9,1794
"source/upstream-07ecb7cf/Mage.Sets/src/mage/cards/c/CastIntoTheFire.java",7383FA298AEDED58A13BBA36AD611254A3B89A31CB0795C2767D0463D55EC609,1211
"source/upstream-07ecb7cf/Mage.Sets/src/mage/cards/c/Castle.java",724E89E9C49797B85F2EB21B69EF4531F9565AF28CED5B714E9A412238C9D5CB,1127
"source/upstream-07ecb7cf/Mage.Sets/src/mage/cards/c/CastleArdenvale.java",039481A54B593BCA1F72D066833BD42876C31DAA90377BA8A6E8AD25B296E5D6,1920
"source/upstream-07ecb7cf/Mage.Sets/src/mage/cards/c/CastleDoom.java",97F4E8B9ED71FCC4713D6885A15F9D15B6B7BB360491809F82E1CD7BF8094DE1,3091
"source/upstream-07ecb7cf/Mage.Sets/src/mage/cards/c/CastleEmbereth.java",F258ABEBB595BC11BF18379516D6B05774F2F1AF9BBCB9EFDDFD28076354C9F5,1929
"source/upstream-07ecb7cf/Mage.Sets/src/mage/cards/c/CastleGarenbrig.java",745ADCBD30141C53A48D57819B94A0C9CEC062F473C5D8D5554FCC04436D766F,3065
"source/upstream-07ecb7cf/Mage.Sets/src/mage/cards/c/CastleLocthwain.java",EA18AB9767E31F6A3FD9641931D687F1C6738F26C59DA9301092FFA9DBFB3022,2257
"source/upstream-07ecb7cf/Mage.Sets/src/mage/cards/c/CastleRaptors.java",052E8927EBDE65EB47262904415A0887B12A48C7F0833CBFABA9FB6BDDBD6E3B,1536
"source/upstream-07ecb7cf/Mage.Sets/src/mage/cards/c/CastleSengir.java",5F969FA834FD279A7DF5A88078D68CBCF2692345864181F09B267DC13ADB4AD9,1505
"source/upstream-07ecb7cf/Mage.Sets/src/mage/cards/c/CastleVantress.java",78716C7CBAA09BD4B41B93FF77E4948120794746DEAFF068956FDD08F7E22690,1772
"source/upstream-07ecb7cf/Mage.Sets/src/mage/cards/c/CastOut.java",ECAB83B9AD64CE918F901D2F5F2B55D461A511D3252AA9E52982588505C0F7F6,1429
"source/upstream-07ecb7cf/Mage.Sets/src/mage/cards/c/CastThroughTime.java",EFA330CBFD204F48AD577D086411A154193D1CCE90ECFE75DB98C9538D3CA879,1645
"source/upstream-07ecb7cf/Mage.Sets/src/mage/cards/c/CasualtiesOfWar.java",3CAA1DE2A282DAC79654B9C74DF7CD00BF6A182B65544E67998B87EE9DE2E3B4,2077
"source/upstream-07ecb7cf/Mage.Sets/src/mage/cards/c/CatBurglar.java",F197304CE2833896FA3C5869CEF2B1C8C89B93151D3D559F2ECFCE168828BED9,1494
"source/upstream-07ecb7cf/Mage.Sets/src/mage/cards/c/CatCollector.java",D4CD93D35CC0853C7DA2375052572405F951B51552B6BC6081BC84CD0617F52C,2136
"source/upstream-07ecb7cf/Mage.Sets/src/mage/cards/c/CatGator.java",E3B0C44298FC1C149AFBF4C8996FB92427AE41E4649B934CA495991B7852B855,0
